Date,Close,High,Low,Open,Volume
2010-01-04,4.081053733825684,4.087707778216461,3.9834631979762833,3.9842022542132143,28238400
2010-01-05,4.1194987297058105,4.1217167447903496,4.029302128874322,4.076618232853045,33206400
2010-01-06,4.130588531494141,4.157204290428215,4.098059052554671,4.10767016957324,44194800
2010-01-07,4.179383277893066,4.192690943478656,4.069224979893903,4.109148399693734,43773600
2010-01-08,4.223742961883545,4.2289188945469505,4.119498789651994,4.143157476550313,39685200
2010-01-11,4.240008354187012,4.2888034105391295,4.186036942880327,4.279191449038419,39402000
2010-01-12,4.115801811218262,4.175686937866183,4.066266855585529,4.152028255857501,70981200
2010-01-13,4.221524715423584,4.254794090932411,4.082532648341306,4.147592863857983,58323600
2010-01-14,4.255536079406738,4.276236855697589,4.202304967888918,4.209697649017862,39696000
2010-01-15,4.112106800079346,4.249620376020437,4.064790264439985,4.234833747111538,65668800
2010-01-19,4.259970664978027,4.265884384830359,4.101016017933529,4.106931006915238,42022800
2010-01-20,4.1342854499816895,4.17864490659546,4.034477307165402,4.173469819975877,70280400
2010-01-21,3.911010265350342,4.179384188569924,3.894006468831348,4.137242744816141,137617200
2010-01-22,3.6515085697174072,3.899920790019072,3.635243828845957,3.8607372622084157,138201600
2010-01-25,3.7054805755615234,3.7638863482217237,3.667035252060942,3.7490997178786727,71208000
2010-01-26,3.656684637069702,3.7712789990123468,3.6315469877661557,3.6581627499703027,68493600
2010-01-27,3.7091751098632812,3.7276587092370095,3.559093376387602,3.648551340645742,97148400
2010-01-28,3.577575922012329,3.748359259951626,3.5095582093417055,3.748359259951626,97756800
2010-01-29,3.446716785430908,3.695867837614278,3.436365977136994,3.620457011626476,99787200
2010-02-01,3.6101067066192627,3.6145423133750616,3.517691040807662,3.5265628888838885,67242000
2010-02-02,3.7483584880828857,3.767581138688096,3.595318877609716,3.6381993615694275,66903600
2010-02-03,3.6921722888946533,3.750578481553818,3.6574239420734345,3.698086433071727,62972400
2010-02-04,3.3491265773773193,3.6056713766300423,3.343211587802067,3.59975638705479,109621200
2010-02-05,3.3653903007507324,3.3860919119199906,3.1628165640226635,3.3535613827838535,148866000
2010-02-08,3.289240598678589,3.428233299986961,3.2855436253705568,3.365390464831734,94868400
2010-02-09,3.4141857624053955,3.4999473844948885,3.326946239278442,3.407531929152871,140008800
2010-02-10,3.392746686935425,3.453370675123489,3.3084640101547653,3.400878634033702,90757200
2010-02-11,3.5058627128601074,3.518430478217835,3.3254676030157713,3.392006576556171,85040400
2010-02-12,3.5066018104553223,3.5066018104553223,3.3557801635260187,3.3986604504282183,89464800
2010-02-16,3.673687696456909,3.6855176738017645,3.5494818182411,3.588666185698089,54260400
2010-02-17,3.728398561477661,3.7446633032342365,3.6803425465849533,3.7232238971042007,67672800
2010-02-18,3.7956759929656982,3.8171162405494594,3.7076969876332844,3.7091751002407243,51837600
2010-02-19,3.825249671936035,3.8629550850209387,3.74096720782792,3.7653645294406326,51297600
2010-02-22,3.8185946941375732,3.86812922774501,3.791979363775903,3.86591121304103,44547600
2010-02-23,3.6803414821624756,3.8200730324312206,3.648551064307109,3.7890216708255156,72362400
2010-02-24,3.7712790966033936,3.791240813012265,3.6810824790935603,3.708436875412681,52680000
2010-02-25,3.766103744506836,3.7712788316019656,3.5834916607379403,3.61528208581255,78308400
2010-02-26,3.7705392837524414,3.806026678461956,3.7040005244328795,3.7771933289016433,48735600
2010-03-01,3.8910481929779053,3.90657429833211,3.820073403531141,3.825988392361486,42188400
2010-03-02,3.930232286453247,3.9864204459784713,3.9117495340634756,3.9457583907209743,44275200
2010-03-03,3.9405834674835205,4.014515326183607,3.9161857256692167,3.9671988012417585,53859600
2010-03-04,3.9731125831604004,3.9893781659365444,3.910270382056845,3.9598049174892735,36088800
2010-03-05,4.140939712524414,4.152768422126131,4.0204307938675585,4.055178289327529,40521600
2010-03-08,4.146114349365234,4.174947698416137,4.1268925397077405,4.150549956343222,27522000
2010-03-09,4.169034957885742,4.228180211538282,4.104714193120289,4.105453249676956,43633200
2010-03-10,4.227439880371094,4.259970627310344,4.167555165174409,4.180123776323936,48385200
2010-03-11,4.27475643157959,4.282889012599506,4.160901143387011,4.205260176262862,38838000
2010-03-12,4.2858452796936035,4.342773336149069,4.2481398761517575,4.337598250581774,48924000
2010-03-15,4.277713775634766,4.293978512451027,4.188994875690451,4.262187672014363,45910800
2010-03-16,4.392307758331299,4.401919720035585,4.287324542783608,4.321332975572991,46935600
2010-03-17,4.474372386932373,4.515774764471346,4.427055867508464,4.435188870207884,37910400
2010-03-18,4.448497295379639,4.493595807778414,4.411530940983225,4.4765911663039875,39668400
2010-03-19,4.374565124511719,4.498771447531336,4.33538159627606,4.374565124511719,44769600
2010-03-22,4.458108901977539,4.485463296523962,4.2991542374770315,4.30580828352984,43524000
2010-03-23,4.558836460113525,4.567161507936937,4.438508448990764,4.483915360026779,47023200
2010-03-24,4.486940860748291,4.548240041669162,4.466507800441334,4.503590518183594,52588800
2010-03-25,4.458940505981445,4.62997224168662,4.446075116393558,4.579268489857413,56316000
2010-03-26,4.46348237991333,4.547485037049099,4.39688632635866,4.483915446972507,63303600
2010-03-29,4.539160251617432,4.563377590264093,4.499051488855345,4.5232679614371465,34329600
2010-03-30,4.550509452819824,4.6012144933936385,4.4929949807426475,4.556564109181033,38167200
2010-03-31,4.504347324371338,4.570186852925461,4.462724693634679,4.496779652061453,41473200
2010-04-01,4.602728366851807,4.647378326364341,4.518725731841062,4.5913764253464135,49788000
2010-04-05,4.726840496063232,4.732137780426412,4.618620956090476,4.657216693685987,27745200
2010-04-06,4.763166904449463,4.788140749927438,4.670083122436448,4.687489293417733,35377200
2010-04-07,4.6806769371032715,4.765435641544322,4.6163499940496315,4.73667796878638,63921600
2010-04-08,4.724571228027344,4.745760803537414,4.585324456315632,4.629217055650972,44210400
2010-04-09,4.813114643096924,4.82219576597645,4.726085086425398,4.756356217744519,35521200
2010-04-12,4.846412181854248,4.877439381874588,4.818410578776619,4.835060239124444,32072400
2010-04-13,4.85398006439209,4.8774400274181176,4.754085553342505,4.8320335495862325,31603200
2010-04-14,5.0174431800842285,5.020470075669734,4.886520202784985,4.9099810252501515,30331200
2010-04-15,5.0363640785217285,5.065121761557743,4.989444149711034,4.9947414353092805,29269200
2010-04-16,4.801004886627197,5.009118479019608,4.723056040973508,4.987172401935223,90853200
2010-04-19,4.840357303619385,4.8517092458330175,4.681434009919395,4.757111603859459,56596800
2010-04-20,4.9727935791015625,4.983389014430201,4.883494082696608,4.93268482454686,36062400
2010-04-21,4.959171295166016,5.017443586748836,4.87516865689186,4.982632119532686,44731200
2010-04-22,5.006092548370361,5.027282122107719,4.767707353888872,4.849439618525902,59278800
2010-04-23,5.106743812561035,5.118852696727303,4.963712787670921,5.002308529789264,49657200
2010-04-26,5.056039810180664,5.153664355159093,5.04090403047204,5.121879347680688,42423600
2010-04-27,4.696569442749023,5.051498293528574,4.6723521121536775,4.972036436012679,90979200
2010-04-28,4.795707702636719,4.834303446491325,4.673109737648926,4.7752750693324115,89214000
2010-04-29,4.976578235626221,5.009876693136916,4.8812240736111265,4.8887917473972395,42943200
2010-04-30,4.731381416320801,4.998524691670984,4.72381374327773,4.983388912552511,66883200
2010-05-03,4.909982681274414,4.945550665045593,4.7722484929048,4.7911676792758975,40921200
2010-05-04,4.56035041809082,4.745760603337789,4.4869423319626245,4.741219825551319,67262400
2010-05-05,4.464237689971924,4.587593432912448,4.366613158662415,4.432453119976191,65911200
2010-05-06,4.015468597412109,4.4884550460020165,3.1481999687080044,4.40066814173434,129265200
2010-05-07,3.8164360523223877,4.107039319586529,3.6529719580670226,3.973089413295684,100494000
2010-05-10,4.330288410186768,4.37947958588849,4.206177441792402,4.302288105495191,79014000
2010-05-11,4.303801536560059,4.469535990002375,4.187256954578894,4.212230360542554,72963600
2010-05-12,4.491483211517334,4.509645890042343,4.336343719911934,4.360561057644359,45466800
2010-05-13,4.334071636199951,4.527050290712308,4.315908964777155,4.4634807242164,50678400
2010-05-14,4.092659950256348,4.256880513473153,3.9768727483260045,4.230392795043778,85371600
2010-05-17,4.100227355957031,4.165310811008107,3.859571822397744,4.125201194554646,70009200
2010-05-18,3.93373703956604,4.237962196905666,3.8875727580122263,4.200879470153568,87229200
2010-05-19,3.8573014736175537,3.970818293087284,3.7082158139896504,3.864112638677366,104214000
2010-05-20,3.4153428077697754,3.658268975648448,3.408531858469603,3.6181602203933467,162824400
2010-05-21,3.552320718765259,3.5924292603530428,3.232959555260495,3.2571768910946264,135914400
2010-05-24,3.428208589553833,3.593943068881135,3.4198835422226406,3.5144811957825035,76162800
2010-05-25,3.434262275695801,3.441073223842795,3.1080902407996716,3.178470760039066,80966400
2010-05-26,3.38431453704834,3.605293703697446,3.3532864779742177,3.509939571474361,85789200
2010-05-27,3.723351240158081,3.7354596882097884,3.540210638601813,3.580320251676321,58806000
2010-05-28,3.6007535457611084,3.7188109290319504,3.535670304568332,3.71275670424883,73153200
2010-06-01,3.394909381866455,3.6446462559373876,3.3850715374947744,3.486480341266737,72601200
2010-06-02,3.6612961292266846,3.664322591810289,3.4055043962645146,3.453937973860695,53204400
2010-06-03,3.7104876041412354,3.741515679315074,3.5999985047768637,3.707460707214866,49161600
2010-06-04,3.3320975303649902,3.5757799730623314,3.2844204553968464,3.5001023787227705,79070400
2010-06-07,3.1867964267730713,3.392639672195467,3.1799854768356015,3.3555578095896648,57530400
2010-06-08,3.2768523693084717,3.2942585377056135,3.1027937165635153,3.1951201111745755,94893600
2010-06-09,3.2299325466156006,3.4403163269969763,3.1951199945755504,3.338151224574077,72370800
2010-06-10,3.519778251647949,3.526589200850799,3.3828014609911516,3.397937456983256,56421600
2010-06-11,3.5689690113067627,3.581077027967568,3.413829553742655,3.42442390593374,41620800
2010-06-14,3.561401605606079,3.7218379167701983,3.5523202682072523,3.662052607948377,47994000
2010-06-15,3.801299810409546,3.816435589372606,3.6204302180724204,3.637835735983064,42567600
2010-06-16,3.795246124267578,3.8467068215054914,3.7210815414359675,3.749082278614294,50440800
2010-06-17,3.8058409690856934,3.8368690376007284,3.6983787897097,3.835355156429967,63685200
2010-06-18,3.8164360523223877,3.8573021841443245,3.780110698043418,3.826274114977228,36188400
2010-06-21,3.7717854976654053,3.968548019295084,3.7157844598081025,3.95871039120076,56272800
2010-06-22,3.585935354232788,3.829897012360437,3.571539619789543,3.778376531687208,62646000
2010-06-23,3.550325870513916,3.6329088589833254,3.4760763763439764,3.595027171799676,60920400
2010-06-24,3.372279405593872,3.515474387740186,3.3495499607716446,3.5041096653290724,64449600
2010-06-25,3.4184956550598145,3.467742932941679,3.3131832192063904,3.3972818232199846,73022400
2010-06-28,3.3768253326416016,3.4586509426481378,3.3450041537014807,3.431375739312626,38508000
2010-06-29,3.062401533126831,3.2442361985544363,3.001790411512335,3.2412060543253487,91196400
2010-06-30,2.962392807006836,3.128317241341505,2.9487553129193107,3.0389152890897813,69840000
2010-07-01,2.9358761310577393,2.9995182821654156,2.7904081403332555,2.97224307454784,100200000
2010-07-02,2.8881447315216064,2.9911841975403193,2.836624456601996,2.96315161362071,71796000
2010-07-06,2.9305717945098877,3.0714940199350935,2.8510191630594806,3.0093672690543025,65976000
2010-07-07,3.212416410446167,3.2215081470287505,2.94572547069038,2.951786845176201,54277200
2010-07-08,3.304091215133667,3.3336394060462786,3.1980205472203442,3.295756854334056,55112400
2010-07-09,3.3828859329223633,3.3866743182864636,3.2881808508649826,3.306364320262071,47355600
2010-07-12,3.3851590156555176,3.41773843914101,3.3063646246399614,3.3540962903924214,40822800
2010-07-13,3.547295331954956,3.5882080264528082,3.4760759904899436,3.4927447113510928,53217600
2010-07-14,3.542750358581543,3.5866934267348682,3.4715309969735753,3.5177481372745922,37082400
2010-07-15,3.550325870513916,3.5806314370248957,3.3987965206105932,3.540476761904603,60340800
2010-07-16,3.2502992153167725,3.4965337120527975,3.231358366969835,3.489714746530962,60516000
2010-07-19,3.310910224914551,3.3374274062816753,3.2063553796627433,3.286665381220902,38925600
2010-07-20,3.4245572090148926,3.4336491613739843,3.1669573835305225,3.174534371769891,49574400
2010-07-21,3.2896955013275146,3.4828949121809596,3.2495408286422722,3.4791073939844575,62870400
2010-07-22,3.5094127655029297,3.5510830526864394,3.407130698273123,3.408646312501252,40190400
2010-07-23,3.609422206878662,3.6200295560258295,3.458651099722046,3.4866836779126897,42493200
2010-07-26,3.72837233543396,3.7374642875481547,3.5957846908176827,3.6253328848966073,37852800
2010-07-27,3.71321964263916,3.799591009596625,3.673064103714429,3.78822650436183,39218400
2010-07-28,3.638970375061035,3.7253417472539696,3.5995730743698453,3.691247795954867,37102800
2010-07-29,3.583662509918213,3.7314032511550455,3.4935023208737004,3.707915565654339,51758400
2010-07-30,3.5912392139434814,3.64048649696664,3.45258996799546,3.4707736568897642,37359600
2010-08-02,3.820805311203003,3.8586878670529234,3.7124618604350026,3.758678994758919,36231600
2010-08-03,3.767012596130371,3.8268672302654787,3.7291309040837426,3.7965610095718234,31233600
2010-08-04,3.84808087348938,3.862475742341233,3.7654976617540976,3.800348990118164,31260000
2010-08-05,3.8374738693237305,3.842019846221544,3.7586796821070134,3.777620529967539,25328400
2010-08-06,3.7897424697875977,3.81323016195754,3.644274675083635,3.7215541158739462,38065200
2010-08-09,3.854142189025879,3.872325659124488,3.7851956103213893,3.8495962131191956,20134800
2010-08-10,3.778376817703247,3.843534797086478,3.6844291013666397,3.7571634185856317,42063600
2010-08-11,3.463953971862793,3.6033603457711054,3.449559105423915,3.6033603457711054,47680800
2010-08-12,3.4056153297424316,3.440467739818315,3.303333255133505,3.3078792310896663,37207200
2010-08-13,3.36773419380188,3.4336495553846214,3.362430193043652,3.368491567566613,34147200
2010-08-16,3.369248151779175,3.402584945168942,3.269239072194167,3.3033330224071347,35426400
2010-08-17,3.496532678604126,3.5715395430620775,3.4298601751308975,3.4586509931067075,44095200
2010-08-18,3.5215349197387695,3.5768435682512876,3.4336488018155915,3.4942597158098727,41824800
2010-08-19,3.3404581546783447,3.494259615293829,3.298029844134281,3.465469664996075,55251600
2010-08-20,3.3086371421813965,3.323789382293508,3.2336302804894,3.307878901560067,42684000
2010-08-23,3.2677249908447266,3.405615783731495,3.263179231046652,3.3563695829301543,46245600
2010-08-24,3.1237711906433105,3.1987780566201796,3.066190420581861,3.15483499708364,53014800
2010-08-25,3.1563503742218018,3.191959069929582,3.0040636658277884,3.064674576061437,51841200
2010-08-26,3.0949816703796387,3.2169619743790787,3.06467523332499,3.204840093202292,48879600
2010-08-27,3.241206645965576,3.251813995197783,3.0131556823050474,3.1502890798919316,61564800
2010-08-30,3.101041793823242,3.2487827569686116,3.100284636967039,3.2154470459460534,47550000
2010-08-31,3.1161954402923584,3.1593811313500173,3.026793479563099,3.0631606396944884,49580400
2010-09-01,3.3768253326416016,3.3897045852891057,3.2215073896714244,3.2283261363142906,45638400
2010-09-02,3.4753193855285645,3.47910798819237,3.3806134230249607,3.39879689499292,31700400
2010-09-03,3.6109378337860107,3.626848315652217,3.526080991188658,3.582904388441176,37790400
2010-09-07,3.4927449226379395,3.5753279069361086,3.4806219596480696,3.5586600521228147,33942000
2010-09-08,3.559417486190796,3.6026033884832556,3.5048670781241604,3.5086556802436584,32110800
2010-09-09,3.6056339740753174,3.6859448487927953,3.5776013930127815,3.680641065293819,25590000
2010-09-10,3.660942554473877,3.6730644343653576,3.6041191561284625,3.6253327710846466,25532400
2010-09-13,3.7874667644500732,3.8064084660660567,3.7314016340352647,3.767010316302774,37706400
2010-09-14,3.782165288925171,3.845807651710632,3.722311961982415,3.7639818186333436,37848000
2010-09-15,3.8245935440063477,3.838231037359775,3.714734489480738,3.7488284396283564,28318800
2010-09-16,3.821563482284546,3.8291406886806425,3.756406790552373,3.7867121479109227,27724800
2010-09-17,3.82610821723938,3.8889932006345043,3.7935298819491194,3.879901249555854,29958000
2010-09-20,4.001882553100586,4.026884551127863,3.840503892150303,3.8685366850000853,24872400
2010-09-21,3.978395700454712,4.066282699289346,3.93142205587348,4.017035632969853,50521200
2010-09-22,3.9163007736206055,4.023336544015606,3.8821400239627337,3.958810587023632,29373600
2010-09-23,3.8221685886383057,3.944386939126183,3.7918038215331085,3.8138186577597817,34352400
2010-09-24,4.05066442489624,4.0658461574507365,3.9413508249153533,3.950460472568722,25610400
2010-09-27,4.008153438568115,4.078751472570401,3.9952478144133985,4.067364847024585,22155600
2010-09-28,4.058254718780518,4.0871017890339845,3.8920075730048276,4.025612975871402,49814400
2010-09-29,4.030926704406738,4.080269612045787,3.9861381858887457,4.022575905088447,36463200
2010-09-30,4.004358291625977,4.172882903961624,3.9459065875549233,4.100767159531467,49293600
2010-10-01,4.0499043464660645,4.1045609243855825,3.980824450632413,4.08786062913352,38605200
2010-10-04,3.958810329437256,4.0741968935575015,3.8980816562083622,4.034722908461163,28527600
2010-10-05,4.19489860534668,4.22298553972077,4.051425066262899,4.068885087204439,31062000
2010-10-06,4.186546325683594,4.2237437673736995,4.136444562188972,4.194138278575048,23876400
2010-10-07,4.172882556915283,4.244240316251127,4.096970841791829,4.241963338357322,26488800
2010-10-08,4.246516704559326,4.281435859222674,4.144035783542175,4.185028325697783,27525600
2010-10-11,4.263217926025391,4.295101262612851,4.221466961513824,4.268531598270652,16532400
2010-10-12,4.305727958679199,4.3383697005084985,4.147830314210556,4.221465899907744,29330400
2010-10-13,4.398340702056885,4.470457301745026,4.345202680736906,4.380121840194396,19452000
2010-10-14,4.35734748840332,4.412764216399859,4.2708080163740485,4.3922679456402145,29485200
2010-10-15,4.376326084136963,4.4476833911173,4.27688142357723,4.442369720084286,27841200
2010-10-18,4.403655529022217,4.474253569034363,4.3558311764123,4.380881841619988,15804000
2010-10-19,4.254866600036621,4.383917178562653,4.177436339795375,4.3095231776707,37636800
2010-10-20,4.380882740020752,4.442371578304882,4.270050974641552,4.285992428780686,25963200
2010-10-21,4.409726619720459,4.516003503569796,4.305727581682205,4.442369227435378,37836000
2010-10-22,4.441608905792236,4.455272938193776,4.396061551958092,4.426427178467119,15234000
2010-10-25,4.485641002655029,4.599509014756056,4.475012788695954,4.523596427526046,22051200
2010-10-26,4.484121799468994,4.5046180734775625,4.38619525351071,4.417319305592597,16182000
2010-10-27,4.4545159339904785,4.466661842122604,4.3292613106744255,4.389231569187319,23532000
2010-10-28,4.459070682525635,4.5380195184177445,4.393785884457497,4.530427565813002,20245200
2010-10-29,4.47576904296875,4.4947476131506185,4.42490845561649,4.438572487526474,17666400
2010-11-01,4.47576904296875,4.613929228796284,4.400616215906223,4.537257838121293,21316800
2010-11-02,4.582049369812012,4.6139322767879305,4.535743139591741,4.57597598009352,15842400
2010-11-03,4.640501499176025,4.64353732499949,4.465903506777902,4.608618160891853,25878000
2010-11-04,4.889491081237793,4.90619137720113,4.773345685322671,4.7779005089362565,22269600
2010-11-05,4.9585700035095215,4.9813432483488835,4.8925263772343275,4.912263797548964,23643600
2010-11-08,4.936556816101074,4.9524982637417105,4.863681378674241,4.913023416911037,12212400
2010-11-09,4.821171283721924,4.991973288906633,4.765755846370839,4.97603183792224,22017600
2010-11-10,4.885695934295654,4.891768888146979,4.714135096588722,4.813579770200649,14200800
2010-11-11,4.846221446990967,4.862921742564785,4.7224849708538255,4.763477513676214,15766800
2010-11-12,4.657960891723633,4.804471530341843,4.597231775274215,4.746018957600708,22506000
2010-11-15,4.639739990234375,4.763477330353225,4.639739990234375,4.702747366126814,20818800
2010-11-16,4.421874046325684,4.580529694809041,4.358107813459682,4.558515725683157,36133200
2010-11-17,4.440852642059326,4.492472977479758,4.395305261725298,4.436297817151521,19288800
2010-11-18,4.63670539855957,4.680733776449859,4.566865769093265,4.566865769093265,24543600
2010-11-19,4.676178932189941,4.682251886200942,4.554719851969925,4.626836452333019,13808400
2010-11-22,4.676178932189941,4.679974474150325,4.513727303802686,4.615449826451868,21766800
2010-11-23,4.470456600189209,4.538777647230759,4.423391105837526,4.516003964883576,29283600
2010-11-24,4.681493759155273,4.684530019442244,4.557756813463211,4.5607939424941835,14347200
2010-11-26,4.535740852355957,4.63822219363181,4.535740852355957,4.567623743254306,6696000
2010-11-29,4.560791969299316,4.594952271794521,4.399099233743354,4.490952366078604,23293200
2010-11-30,4.475011348724365,4.556996430054939,4.405172173192999,4.427945855159475,19250400
2010-12-01,4.758923530578613,4.78776973768492,4.666310651852192,4.666310651852192,22958400
2010-12-02,4.944906711578369,4.953257511459685,4.777900704505878,4.779419268687157,21811200
2010-12-03,4.990454196929932,5.007914210445572,4.8872139831684445,4.896323630980415,15642000
2010-12-06,4.976790904998779,5.010192372816266,4.943390305925254,4.966163560122289,10306800
2010-12-07,4.983621597290039,5.132410039250528,4.975272100939676,5.126336651571266,17996400
2010-12-08,5.0246148109436035,5.051184473875895,4.929725391526834,5.002600840936271,14798400
2010-12-09,5.0792717933654785,5.115709520906468,5.0101923149778305,5.106600306207208,9627600
2010-12-10,5.169607639312744,5.184790242799587,5.076994322726563,5.124060263224186,9651600
2010-12-13,5.175679683685303,5.2531099487964905,5.170365577932011,5.246278147644965,9380400
2010-12-14,5.188584804534912,5.2569054271040745,5.146833409491963,5.193139194166778,10982400
2010-12-15,5.117986679077148,5.229577268427692,5.095212991901701,5.162016357820822,14084400
2010-12-16,5.205286026000977,5.218190347281055,5.069403192799078,5.125578342575106,14613600
2010-12-17,5.23944616317749,5.2546278959781265,5.175679931685794,5.205285852667334,8481600
2010-12-20,5.266774654388428,5.307766766238768,5.195416470808069,5.275124151310016,9219600
2010-12-21,5.372291088104248,5.383677711840362,5.304728890197971,5.313838536684344,10626000
2010-12-22,5.420115947723389,5.430744159222465,5.376846425887972,5.387474203015154,8198400
2010-12-23,5.397342205047607,5.423911428252631,5.36166290094473,5.403415157940988,8319600
2010-12-27,5.401896953582764,5.415561424281506,5.325985254547428,5.341167420605742,5630400
2010-12-28,5.415562629699707,5.441372143994876,5.3798833152797485,5.439854448297489,5232000
2010-12-29,5.440612316131592,5.47325449578904,5.432261950696254,5.445167139891213,5784000
2010-12-30,5.420874118804932,5.462626374403691,5.397342024392028,5.429983765026019,7772400
2010-12-31,5.427706241607666,5.435298192464558,5.36849484550644,5.395823349234633,5966400
2011-01-03,5.581810474395752,5.653927090827133,5.53398567942083,5.54081791709497,15336000
2011-01-04,5.554481029510498,5.628875046063235,5.453518652128837,5.626598068257868,13239600
2011-01-05,5.640261650085449,5.65544338316998,5.493750606652819,5.5112110548459725,14179200
2011-01-06,5.611414432525635,5.674421815845714,5.568144908885843,5.655443238267565,11323200
2011-01-07,5.584084987640381,5.66986560050985,5.451998168458692,5.640260121370766,16960800
2011-01-10,5.57042121887207,5.598508572078327,5.458071806047044,5.505136865813279,9441600
2011-01-11,5.632670879364014,5.672145739274119,5.570423197863346,5.636466856396457,12766800
2011-01-12,5.78904914855957,5.79739994928066,5.704786637273114,5.7404659491706616,9703200
2011-01-13,5.7639970779418945,5.8027122088658105,5.716172734409227,5.777661548412836,8310000
2011-01-14,5.870274066925049,5.883178385858101,5.723004200377953,5.733632410814668,11208000
2011-01-18,5.923412322998047,5.930244558115718,5.845982062485246,5.871033156878172,11287200
2011-01-19,5.73287296295166,5.918098684837773,5.690362725444904,5.910507167651971,13868400
2011-01-20,5.696434497833252,5.736668187093649,5.573456887375529,5.693398238854249,11586000
2011-01-21,5.733633041381836,5.835354252506287,5.706304533405516,5.789048470668765,7990800
2011-01-24,5.830800533294678,5.849779112452805,5.7123777090733014,5.716932533321496,7172400
2011-01-25,5.834595203399658,5.840668156246885,5.697953547151142,5.789806687483033,15638400
2011-01-26,5.918858528137207,5.964405901426284,5.849019338259809,5.883939367570452,11451600
2011-01-27,5.96820068359375,5.997046449869381,5.893806250027598,5.927208142710667,10396800
2011-01-28,5.658479690551758,6.014506504456703,5.631151184975099,5.9902142581819735,21056400
2011-01-31,5.782975196838379,5.802712621910717,5.663793970542735,5.707063493665072,15157200
2011-02-01,6.053980827331543,6.086623440108455,5.883938568672885,5.8907708040501765,17382000
2011-02-02,6.022099018096924,6.077515324430065,5.998566482613501,6.015266781486271,8742000
2011-02-03,6.066126346588135,6.0919362861194735,5.897601806124776,5.997046023234215,11728800
2011-02-04,6.113192081451416,6.123819858099121,5.994010429705503,6.076754362406606,10027200
2011-02-07,6.237689018249512,6.295381867127531,6.160258742044315,6.1625361542117565,9831600
2011-02-08,6.318914413452148,6.328024060885661,6.20125045075274,6.257425596391636,7790400
2011-02-09,6.282476425170898,6.328023791656828,6.1875861507205245,6.27792160164793,10884000
2011-02-10,6.2931036949157715,6.309805294622499,6.142797984993308,6.182272834880121,9261600
2011-02-11,6.412286758422852,6.431264468489262,6.217192510839019,6.221747335003734,15388800
2011-02-14,6.460869789123535,6.474533825972438,6.38571693489672,6.4001398194544015,10832400
2011-02-15,6.398622035980225,6.429745216537409,6.350037539667248,6.404694120682586,7975200
2011-02-16,6.518561363220215,6.544372172574512,6.429744483492647,6.463145940824365,11973600
2011-02-17,6.583088397979736,6.604343518974962,6.454037804672182,6.471497818232031,9907200
2011-02-18,6.6096577644348145,6.639263253724993,6.541336702856631,6.592957465907305,7836000
2011-02-22,6.200491428375244,6.509452766011953,6.151907367384994,6.405454146136329,21571200
2011-02-23,6.081309795379639,6.238447311620038,5.947705246530025,6.195177787400059,15822000
2011-02-24,6.0668864250183105,6.136726044493209,5.890011484686808,6.05625864739448,21230400
2011-02-25,6.267294406890869,6.27868103238382,6.12913416488594,6.139761942635845,13113600
2011-02-28,6.387993812561035,6.41228606067218,6.274125827065316,6.346242854958048,15357600
2011-03-01,6.066126346588135,6.463904518141369,6.060053394088301,6.452517895093615,23127600
2011-03-02,6.0972514152526855,6.190623136570513,6.02285827229816,6.034244898069825,15442800
2011-03-03,6.412286758422852,6.441892681121557,6.269572119989356,6.274126509782131,19180800
2011-03-04,6.281716346740723,6.428226932473654,6.161016136569249,6.413803180691531,28984800
2011-03-07,6.120785236358643,6.376608167629034,6.022858684284826,6.338651877049936,16789200
2011-03-08,6.28095817565918,6.338651017142732,6.069922497034809,6.1594991047760175,17228400
2011-03-09,6.253629207611084,6.309804783914028,6.142797487802219,6.237687760026545,19587600
2011-03-10,5.911267280578613,6.057018165367942,5.888493596237306,6.054740753496621,25024800
2011-03-11,6.022099018096924,6.086624538872306,5.841428515544173,5.842187363364047,15356400
2011-03-14,5.918858528137207,5.979588503979957,5.782975690427842,5.90747190200091,21320400
2011-03-15,5.733633041381836,5.82700475587876,5.42922564948328,5.458072287243869,28333200
2011-03-16,5.4254302978515625,5.735151396825325,5.301694235941489,5.675181136912003,41353200
2011-03-17,5.604583740234375,5.691123239011932,5.5256348921208165,5.647853272437155,22156800
2011-03-18,5.681252956390381,5.825485253213118,5.644055524879229,5.8163760416031405,23245200
2011-03-21,5.942390441894531,5.978069315264493,5.866478740170851,5.878624212824493,16153200
2011-03-22,5.8786234855651855,5.96744079977705,5.864200602832058,5.940872011520982,16443600
2011-03-23,5.9287261962890625,5.975032845268545,5.745778315270353,5.826244837887759,12088800
2011-03-24,6.10408353805542,6.127616941714068,5.925690886389169,6.0243762847171265,16778400
2011-03-25,6.164054870605469,6.248317385391294,6.110915976007769,6.156463351736102,16087200
2011-03-28,6.119266510009766,6.2521122204042845,6.113193121430549,6.206564846663796,9057600
2011-03-29,6.24376106262207,6.244519910266529,6.041076201450623,6.101804862856699,12357600
2011-03-30,6.383439064025879,6.429744842692019,6.315118015950185,6.337891698642083,12403200
2011-03-31,6.36522102355957,6.412286524678099,6.33865136169125,6.361425047312721,9019200
2011-04-01,6.44492769241333,6.5284313436441455,6.400899323747045,6.478329587277542,12213600
2011-04-04,6.463905334472656,6.521599042065001,6.410767319167137,6.492752405454769,9080400
2011-04-05,6.463905334472656,6.555000067846416,6.422154378024797,6.425949919520058,9904800
2011-04-06,6.514768123626709,6.5785339243799354,6.443409935738838,6.554242108022146,9038400
2011-04-07,6.463147163391113,6.558037448193721,6.3705342905984494,6.4836434371086735,11648400
2011-04-08,6.386475563049316,6.557277549707352,6.309805445197966,6.535264015461943,9889200
2011-04-11,6.3287835121154785,6.473015845677244,6.27640390312156,6.4183592589797085,10888800
2011-04-12,6.179994583129883,6.2566651231040185,6.113191668356686,6.222504818104353,19225200
2011-04-13,6.186827182769775,6.285512562408241,6.114710592964386,6.2703299624174695,13984800
2011-04-14,6.202768802642822,6.2263013337542645,6.023616463385527,6.079791607102067,10696800
2011-04-15,6.272607803344727,6.318155175215908,6.178477234181243,6.233134254175434,14944800
2011-04-18,6.055500030517578,6.095733730600793,5.912026113055918,6.060054854583139,21690000
2011-04-19,6.150391101837158,6.167091401590729,6.041836764393028,6.091179684537813,17607600
2011-04-20,6.4274678230285645,6.460869718635478,6.375088653702644,6.375088653702644,16110000
2011-04-21,6.520081043243408,6.528431843377606,6.452519269403463,6.508694417770438,9032400
2011-04-25,6.506417274475098,6.535264349149377,6.4411329099083,6.51476807495413,8326800
2011-04-26,6.671145439147949,6.712897701287233,6.546650541056191,6.569424225804585,9565200
2011-04-27,6.79867696762085,6.827523602054668,6.626357311752157,6.715174192281469,9602400
2011-04-28,6.864720344543457,6.895085978117613,6.764516837788946,6.77210835477545,12918000
2011-04-29,6.923932075500488,6.9383558281527025,6.848020376981958,6.874590036146888,8976000
2011-05-02,6.88142204284668,7.033245444423575,6.841947193942155,7.019581407781158,10220400
2011-05-03,6.783495903015137,6.873071639955742,6.681014542828167,6.834356507704207,12174000
2011-05-04,6.643817901611328,6.790328517307164,6.556519566039329,6.790328517307164,13485600
2011-05-05,6.484402179718018,6.674182746245899,6.394826436887003,6.5390587639546,18632400
2011-05-06,6.561832904815674,6.773627454917025,6.491994582778841,6.671905797416668,17847600
2011-05-09,6.656722068786621,6.71061979990561,6.54361293538942,6.570941441968547,8986800
2011-05-10,6.8335981369018555,6.866239883654729,6.699992718302456,6.721247839516321,11820000
2011-05-11,6.615729331970215,6.809304980974058,6.521598777341804,6.805509005261002,19417200
2011-05-12,6.708343029022217,6.744780749334731,6.455555964278747,6.570182796539073,14400000
2011-05-13,6.539060592651367,6.736432298037809,6.478331906371332,6.715936018920665,13810800
2011-05-16,6.41684103012085,6.628635557453996,6.383439568284608,6.476052436048431,12715200
2011-05-17,6.398622035980225,6.427467804698616,6.247556613152951,6.341688043126094,17752800
2011-05-18,6.584606170654297,6.600547620180593,6.3697753743650205,6.412286485597706,11592000
2011-05-19,6.618765830993652,6.681773209529223,6.517044624370878,6.646854054176909,13902000
2011-05-20,6.476811408996582,6.60358458876206,6.429745474932602,6.580051187358159,12919200
2011-05-23,6.236170291900635,6.301455092136913,6.176958880201078,6.232375618588033,18416400
2011-05-24,6.224025249481201,6.337134408717954,6.185310109699973,6.293864444404352,12444000
2011-05-25,6.291586399078369,6.366739253624192,6.146593927086424,6.1488713389662255,16561200
2011-05-26,6.38571834564209,6.41836009800022,6.211120350125136,6.23920814648073,13185600
2011-05-27,6.465423107147217,6.517043855153966,6.422912439483329,6.441131297053567,11781600
2011-05-31,6.665072441101074,6.665072441101074,6.509452210912495,6.6407801954915495,13755600
2011-06-01,6.219470500946045,6.621804507325136,6.2027702014099,6.611935575927077,26522400
2011-06-02,6.198973178863525,6.277922010496922,6.0934559895221465,6.229337947041021,12970800
2011-06-03,6.011470317840576,6.150389390322219,5.965923387157909,5.981864834615436,14660400
2011-06-06,5.807268142700195,5.99932526996289,5.7890492796273865,5.975033886904438,17934000
2011-06-07,5.801192760467529,5.947703765631533,5.795120676940436,5.892287044528227,12573600
2011-06-08,5.7214860916137695,5.828522274029535,5.693399171157363,5.783734623338398,21044400
2011-06-09,5.84066915512085,5.913544601750758,5.725282596918237,5.767793708490942,12996000
2011-06-10,5.593954563140869,5.780698002857668,5.555239428001635,5.7685525295142215,19465200
2011-06-13,5.599269866943359,5.6782178434839565,5.515007349198405,5.630393053852501,11220000
2011-06-14,5.812580108642578,5.871791504841219,5.745018782728745,5.7518510172649915,12528000
2011-06-15,5.511970520019531,5.726801775442471,5.466423143804328,5.669108055780839,18382800
2011-06-16,5.534742832183838,5.625837569117192,5.4072108085977995,5.522597359547542,15596400
2011-06-17,5.5802903175354,5.700231694718485,5.527911146761915,5.698713130531729,12894000
2011-06-20,5.67062520980835,5.700231127296302,5.527151748847226,5.533983549519935,10174800
2011-06-21,5.908990859985352,5.943910022878491,5.7374291337496395,5.760202387539433,16641600
2011-06-22,5.806509017944336,5.961369563863055,5.798158217432473,5.855851063892038,11616000
2011-06-23,5.761720180511475,5.773107240253715,5.4800864622175105,5.603823817680919,20224800
2011-06-24,5.57118034362793,5.777661623743471,5.543093423396459,5.767793128967041,14014800
2011-06-27,5.702509880065918,5.767794249049992,5.540058239802093,5.58105079096623,9319200
2011-06-28,5.9317626953125,5.934798954676289,5.751851514037854,5.772347785044973,12219600
2011-06-29,6.090418338775635,6.119265409034947,5.946186028082164,6.008433254542245,17418000
2011-06-30,6.2619805335998535,6.287031630124138,6.126097707942593,6.14659398066757,14382000
2011-07-01,6.530709743499756,6.5587966682247885,6.231615986672351,6.271849688635762,15760800
2011-07-05,6.5223588943481445,6.567906268050465,6.4639063300767114,6.518562917896328,11524800
2011-07-06,6.554999351501465,6.580809725843626,6.42518950094133,6.476051402032658,13176000
2011-07-07,6.766036510467529,6.80930647310829,6.693161058254853,6.731117348727924,11244000
2011-07-08,6.622561454772949,6.624080018781181,6.463904962545619,6.529948597004318,15460800
2011-07-11,6.254388809204102,6.4388552704465924,6.202769353210389,6.379643862015019,21625200
2011-07-12,6.16481351852417,6.350798123283267,6.15722286864488,6.202769808524285,20124000
2011-07-13,6.224783897399902,6.422155566658667,6.186828475422388,6.259703928111922,17727600
2011-07-14,6.094214916229248,6.3629434438619175,6.052463522333531,6.274884963448022,25340400
2011-07-15,6.202009677886963,6.223265667989532,6.069163974872167,6.190623052270354,19026000
2011-07-18,6.028931140899658,6.139004477226806,5.900640243463308,6.119267048537226,24120000
2011-07-19,6.33105993270874,6.349278793338058,6.12989361807579,6.133688725371842,16382400
2011-07-20,6.3158769607543945,6.4008991741086065,6.279439241635625,6.380402902807814,13586400
2011-07-21,6.570181846618652,6.614969925657119,6.38191988451779,6.425949115975224,22999200
2011-07-22,6.593715667724609,6.6142115063809355,6.471497746028847,6.568664570829672,14442000
2011-07-25,6.476811408996582,6.574737950140608,6.380403432054041,6.401658552783803,12319200
2011-07-26,6.4016594886779785,6.488957830661886,6.35611211215666,6.468461554664491,15853200
2011-07-27,5.996287822723389,6.299176632820245,5.967441186643331,6.298417785158269,25171200
2011-07-28,5.927968502044678,6.151149687797608,5.905953661977239,6.000843955811188,24495600
2011-07-29,5.823209285736084,5.978069830853904,5.667589892846156,5.752611249357761,34669200
2011-08-01,5.741981506347656,6.217949640764496,5.579530354949188,6.031965961636314,39793200
2011-08-02,5.291065692901611,5.716932177412549,5.288788280919295,5.6167282220502255,43264800
2011-08-03,5.378365516662598,5.391269838149077,5.026892161211229,5.316876694090124,47070000
2011-08-04,4.585083961486816,5.168848103004498,4.569142512290767,5.155942479106301,56443200
2011-08-05,4.5213189125061035,4.792324462405726,4.172123799157043,4.756646450711413,72712800
2011-08-08,3.6301114559173584,4.312560771068766,3.5967099932400712,4.179714202464797,88406400
2011-08-09,4.1501078605651855,4.1501078605651855,3.444886235005827,3.8047092497162716,83222400
2011-08-10,3.5929148197174072,4.0149850958868765,3.5709001999773764,3.8844168103729215,81435600
2011-08-11,4.097729682922363,4.251072546087291,3.655921694639911,3.6991916588749283,76117200
2011-08-12,4.184268474578857,4.289786965642535,4.08786093414979,4.2146341110991745,61723200
2011-08-15,4.4552741050720215,4.468179727763634,4.281435875631078,4.29510034598323,36991200
2011-08-16,4.32926082611084,4.458311411349311,4.192619157732426,4.326983414294479,54420000
2011-08-17,4.327743053436279,4.502341038188394,4.226021391391436,4.402137071802826,41816400
2011-08-18,3.7568840980529785,3.9990429162744676,3.6316292897613414,3.9944885276750752,53354400
2011-08-19,3.565586805343628,3.885934807577444,3.5488856386434406,3.6065793540140763,44486400
2011-08-22,3.564826250076294,3.803190402001851,3.532943357221663,3.798635578916379,46683600
2011-08-23,3.9208555221557617,3.9284466074971314,3.5458499988326713,3.603542855547905,47911200
2011-08-24,4.084064960479736,4.101524973443834,3.8646793502772496,3.8942852703590236,46254000
2011-08-25,3.8889713287353516,4.223743033300693,3.8487376341274873,4.154662702699217,51700800
2011-08-26,4.0802693367004395,4.125056983452313,3.6468114082644365,3.8244451687829,50733600
2011-08-29,4.436297416687012,4.448443325763407,4.22829883234674,4.234371352512966,29001600
2011-08-30,4.46893835067749,4.563070214749445,4.287509464261492,4.383158589353822,41655600
2011-08-31,4.5494065284729,4.688325633594804,4.437056219108203,4.569902804126033,48398400
2011-09-01,4.39378547668457,4.6723833541119095,4.372530791344227,4.546368593735955,44793600
2011-09-02,4.047628879547119,4.185788737596997,3.999804079406427,4.114431830140096,38329200
2011-09-06,3.960329294204712,3.9739937683092004,3.689323740045561,3.695396694856892,50906400
2011-09-07,4.289027690887451,4.308006269963625,4.10228424123735,4.140999378435928,31575600
2011-09-08,4.165290355682373,4.373288864167952,4.135684441623118,4.22677872647503,40579200
2011-09-09,3.8350727558135986,4.073436439863848,3.7667521566217412,4.024852391067324,46026000
2011-09-12,3.907949924468994,3.9140233133589244,3.647572162400949,3.6855275851732356,52429200
2011-09-13,4.021816730499268,4.066605245376534,3.8631602437859587,3.9421090633396694,49196400
2011-09-14,4.194137096405029,4.33836939204278,3.9185768232968003,4.090137187911787,51801600
2011-09-15,4.408968448638916,4.4097272963205585,4.211596814422822,4.328501925840439,39694800
2011-09-16,4.471976280212402,4.525873154286189,4.345961931027007,4.456034828902699,33806400
2011-09-19,4.340647220611572,4.408209420712656,4.159217476334724,4.2495529246478405,39620400
2011-09-20,4.31028413772583,4.518282731810383,4.301933336176123,4.397582483226682,37627200
2011-09-21,3.9125044345855713,4.350516406889205,3.9094681747565363,4.3080061630511,64922400
2011-09-22,3.5337042808532715,3.677936629947543,3.3826386088665967,3.578491724736646,70525200
2011-09-23,3.6020240783691406,3.6574395059713987,3.460827804985051,3.471454930337806,44407200
2011-09-26,3.8472189903259277,3.8631604376836033,3.5337032797958194,3.7090600694739786,57792000
2011-09-27,3.9846208095550537,4.1888233885831,3.9155404727068155,4.0688833134326865,58254000
2011-09-28,3.7196874618530273,4.07495547648833,3.70830083636271,4.011189678747484,33201600
2011-09-29,3.8047101497650146,3.9648839458471206,3.600506455885593,3.9193365695641917,62367600
2011-09-30,3.5200390815734863,3.744738129286816,3.5132070636264117,3.6452939022615136,49004400
2011-10-03,3.198171854019165,3.594432389225319,3.1913398357393197,3.4547546781840395,61560000
2011-10-04,3.4175586700439453,3.4357775332326184,2.978786954765802,3.0706401185262195,105518400
2011-10-05,3.6134114265441895,3.642257415912564,3.348477986193525,3.441849710937301,71014800
2011-10-06,3.8221685886383057,3.833555213413295,3.5291486946661266,3.605819242938371,56544000
2011-10-07,3.7234833240509033,3.8920078955049062,3.6695855892210165,3.8806212703632204,47214000
2011-10-10,4.103802680969238,4.109115918454631,3.901876200439947,3.9261684507972525,27985200
2011-10-11,4.117466449737549,4.1592178428439315,4.017262498161565,4.040036182752275,21837600
2011-10-12,4.23209285736084,4.374049056408032,4.1880640568179475,4.208560327436295,31983600
2011-10-13,4.211597442626953,4.251072296604523,4.057496609410326,4.165291655380041,28080000
2011-10-14,4.4279465675354,4.433260673659905,4.285232368620533,4.365698898892913,23740800
2011-10-17,4.159976959228516,4.388471751148922,4.138720973138949,4.376325845702177,23984400
2011-10-18,4.41883659362793,4.509172047362675,4.0574960818046275,4.161495137789142,32799600
2011-10-19,4.2427215576171875,4.471216409112855,4.2123572204553,4.401378086142951,26361600
2011-10-20,4.311800003051758,4.351274844199731,4.108356320041699,4.2806763942802775,24826800
2011-10-21,4.547127723693848,4.571419099786828,4.421873130281125,4.471974880771847,26978400
2011-10-24,4.755886077880859,4.780178327764454,4.5676249420373445,4.578252285544757,25074000
2011-10-25,4.472734451293945,4.68604754367714,4.439332989320234,4.67921530799018,24036000
2011-10-26,4.602543830871582,4.654923435069194,4.37101231497819,4.627594927036879,24990000
2011-10-27,5.082308292388916,5.180234835909182,4.862163389998108,4.979067642778326,36159600
2011-10-28,5.08003044128418,5.112672619636003,4.989694989276514,5.007913849214377,16480800
2011-10-31,4.7080607414245605,4.928964446693801,4.7080607414245605,4.909986741288502,17040000
2011-11-01,4.326225280761719,4.489435332700185,4.264736454685289,4.322429304193231,33924000
2011-11-02,4.529668807983398,4.580529852730583,4.402895620004434,4.50689555594861,25490400
2011-11-03,4.780176639556885,4.809782550738311,4.4863975451696465,4.6989504214578615,27016800
2011-11-04,4.711857318878174,4.734631002645998,4.5311868472313765,4.666309951342526,19509600
2011-11-07,4.782455921173096,4.793842547236636,4.556238489232783,4.705784495480657,14806800
2011-11-08,4.96388578414917,4.97755025691264,4.713376531359498,4.857608868194795,22998000
2011-11-09,4.408968448638916,4.67845537180846,4.382398789228087,4.611653319742161,43312800
2011-11-10,4.512207984924316,4.597989043245563,4.384675972021047,4.585843137254775,23128800
2011-11-11,4.774105072021484,4.81509762042817,4.676938676021769,4.690602714033353,23091600
2011-11-14,4.654165744781494,4.752851155453063,4.5888809352260775,4.725522640624562,19956000
2011-11-15,4.720967769622803,4.793843229290628,4.563071374714519,4.615450557054268,19945200
2011-11-16,4.499303817749023,4.751331158390972,4.479566394067932,4.57673407965056,30177600
2011-11-17,4.275363445281982,4.506136561704124,4.188823526623679,4.467421426382657,40179600
2011-11-18,4.2563862800598145,4.345203187705505,4.207802642758105,4.31635654446462,28208400
2011-11-21,4.024095058441162,4.090897119050988,3.917059296914599,4.069642431296518,39374400
2011-11-22,3.9724748134613037,4.0650876910122395,3.906431164895543,3.9975254781138783,31190400
2011-11-23,3.7037453651428223,3.873029628658848,3.7037453651428223,3.863160266007143,37113600
2011-11-25,3.682490587234497,3.810781454238101,3.6756583518812875,3.6756583518812875,15164400
2011-11-28,4.00208044052124,4.051423792479287,3.9231324673786485,3.9937309426354015,26708400
2011-11-29,4.031685829162598,4.1159478977135855,3.992970695555631,4.041554758866177,31952400
2011-11-30,4.534982204437256,4.556238193996785,4.360385110916839,4.384676491403966,45720000
2011-12-01,4.534223556518555,4.610135264112359,4.478048406402575,4.513727282531525,23124000
2011-12-02,4.531946659088135,4.706544648872391,4.51524635951919,4.658720293720082,26841600
2011-12-05,4.669346332550049,4.780936908111845,4.592675782798055,4.735389539389034,25603200
2011-12-06,4.673900127410889,4.762716999059638,4.617725862512853,4.665550198209316,22510800
2011-12-07,4.710339069366455,4.771069041594215,4.520559372159927,4.613931090909775,38666400
2011-12-08,4.404413223266602,4.65264543875489,4.364939247521924,4.6207625453654435,38332800
2011-12-09,4.6260762214660645,4.659477681998766,4.4469247496185496,4.461347633715613,27199200
2011-12-12,4.4195966720581055,4.501581767246912,4.307246372866688,4.501581767246912,30230400
2011-12-13,4.28067684173584,4.563069802188337,4.2184287489425225,4.49323019251681,32126400
2011-12-14,4.134167671203613,4.272327939462317,4.111393981518244,4.21994875724637,30356400
2011-12-15,4.18882417678833,4.286750736293503,4.16149609724437,4.275364108878852,25378800
2011-12-16,4.210838317871094,4.350516255707371,4.1827513951267745,4.277640809879748,25257600
2011-12-19,4.072678565979004,4.295101340831452,4.045350487688609,4.251072528934718,20001600
2011-12-20,4.437814235687256,4.462865326194097,4.260180493902161,4.2700485524771095,30589200
2011-12-21,4.471976280212402,4.490953991594444,4.311042768335263,4.434778836536478,24160800
2011-12-22,4.600266456604004,4.61089423294281,4.49550769161611,4.522836197291345,25196400
2011-12-23,4.705784797668457,4.711858186538684,4.6048219834314015,4.649610511524524,14340000
2011-12-27,4.714893817901611,4.760440753379182,4.668587600323516,4.675419836112511,10466400
2011-12-28,4.543331623077393,4.725520179126321,4.520557944978331,4.721724204133327,16612800
2011-12-29,4.669346332550049,4.684528933581619,4.55927432115174,4.577493181766484,19434000
2011-12-30,4.618484973907471,4.696673640705925,4.6139301509032675,4.651126713779382,11559600
2012-01-03,4.823448181152344,4.919856158958515,4.80750673186924,4.858367339404899,23260800
2012-01-04,4.832557201385498,4.850776061890959,4.725521450212401,4.792323504360528,19708800
2012-01-05,4.888732433319092,4.903914600155587,4.689083811941464,4.762718102967895,24488400
2012-01-06,4.855331897735596,4.91226590297991,4.801434152689171,4.900879275679842,20624400
2012-01-09,4.881899833679199,4.909227903264832,4.816615050093481,4.884936092801232,10701600
2012-01-10,5.023855209350586,5.076993224126182,5.000323112937779,5.046628892466914,11743200
2012-01-11,5.045110702514648,5.0564977621031755,4.954016397665971,4.972235258635706,10377600
2012-01-12,5.073957920074463,5.09673117115727,4.957053667443805,5.08154856939681,20396400
2012-01-13,5.009432315826416,5.009432315826416,4.865199134493919,4.967680056760429,27244800
2012-01-17,5.045869827270508,5.162015215222049,5.017782039827175,5.139241533087497,13574400
2012-01-18,5.221984386444092,5.234129855457984,5.018540721920168,5.045109071129234,13240800
2012-01-19,5.309283256530762,5.330539241293652,5.235648980838099,5.278160081620251,12278400
2012-01-20,5.313839912414551,5.316117324625756,5.247796261405488,5.281198162379178,9370800
2012-01-23,5.323708534240723,5.407210885966016,5.247037115079046,5.312321474775175,19124400
2012-01-24,5.319153308868408,5.3199121565275505,5.199970789195946,5.222744472035768,7798800
2012-01-25,5.462626934051514,5.496027525711271,5.240204638913571,5.291065242828584,17991600
2012-01-26,5.370014667510986,5.569663735711648,5.31080325753774,5.535502989455287,19418400
2012-01-27,5.373051643371582,5.406453111941332,5.281957321415888,5.285752863867543,8565600
2012-01-30,5.320672035217285,5.334336073820223,5.16277522317546,5.22806002496539,10156800
2012-01-31,5.30472993850708,5.423152760001273,5.237927878141046,5.394306988333495,15530400
2012-02-01,5.462626934051514,5.541574892739372,5.41252517781811,5.423911802389193,16501200
2012-02-02,5.4967875480651855,5.540816353436764,5.4375765757538534,5.502101219619718,11760000
2012-02-03,5.731356143951416,5.741224205620841,5.635707009006918,5.669107604746366,17925600
2012-02-06,5.722246170043945,5.729077970964926,5.640261084017132,5.653165403813706,9988800
2012-02-07,5.766275405883789,5.790567656901271,5.619005941691259,5.691122543840164,12403200
2012-02-08,5.80574893951416,5.823208952853584,5.697195489577797,5.77538460543915,12632400
2012-02-09,5.833837509155273,5.861924432958289,5.728319009532994,5.842187006523727,16430400
2012-02-10,5.705544471740723,5.719208942088062,5.633428750446419,5.675938988065233,15049200
2012-02-13,5.823209285736084,5.846741819738213,5.749574989525457,5.82548669779628,11510400
2012-02-14,5.810303211212158,5.8186535760380025,5.691880408337113,5.779180032366104,15753600
2012-02-15,5.727559566497803,5.8945655682717035,5.698712929175402,5.871792318737915,19021200
2012-02-16,5.924931526184082,5.944668082896461,5.716173252467595,5.732114701756595,11224800
2012-02-17,5.957573890686035,5.997047876950645,5.913545080045675,5.993252769133466,8208000
2012-02-21,5.962885856628418,6.045630216413839,5.912024823978046,6.001600984000249,9343200
2012-02-22,5.900639057159424,5.976550758983139,5.875587960996772,5.932521954550508,8635200
2012-02-23,5.992491722106934,6.001601368835888,5.836872355043449,5.902915990712778,12114000
2012-02-24,6.025894641876221,6.06764604118122,5.994011739338876,6.032726878579353,7984800
2012-02-27,6.052463531494141,6.1033241388521935,5.87103376752511,5.921135527150184,10944000
2012-02-28,6.101047515869141,6.118507530321124,6.0213398307275,6.062332379335883,9765600
2012-02-29,5.994770526885986,6.1822737010738,5.986421028978493,6.1253396989028,10321200
2012-03-01,6.118505954742432,6.157979928887815,6.040315985289683,6.0661263592467085,11517600
2012-03-02,6.061572551727295,6.137484248224913,6.016784033985647,6.1131920014743075,10132800
2012-03-05,5.980347156524658,6.038799718357451,5.913544663087682,6.019821140005997,7558800
2012-03-06,5.697194576263428,5.796638796909818,5.655442320487839,5.789806562215066,15643200
2012-03-07,5.827004432678223,5.858127611831089,5.73135531162422,5.748814454732765,7814400
2012-03-08,6.005397319793701,6.043353601845364,5.899879707058928,5.940872248426481,7905600
2012-03-09,6.084346294403076,6.132929923107942,6.0190619347379375,6.0479085728744275,6812400
2012-03-12,6.069163799285889,6.110915193044139,6.016025780240454,6.09041892002968,4150800
2012-03-13,6.40848970413208,6.413044527530675,6.146593439919007,6.176957770917995,13549200
2012-03-14,6.37964391708374,6.457074187672485,6.3219510723905055,6.417600204625313,6802800
2012-03-15,6.481366157531738,6.501103583897227,6.357630099314657,6.413804381096037,9010800
2012-03-16,6.523118019104004,6.5390594702650855,6.475293665620761,6.5329873845489885,8433600
2012-03-19,6.589920997619629,6.651409820784562,6.486679909153994,6.4988266861004345,9237600
2012-03-20,6.520081043243408,6.544373292788532,6.4107678749639865,6.472256695010631,10712400
2012-03-21,6.496548652648926,6.553482646199423,6.453278695926417,6.538299610840505,8652000
2012-03-22,6.347001075744629,6.3993802396497745,6.283234853791506,6.356869135433126,13342800
2012-03-23,6.4130449295043945,6.435818613552971,6.255148139678879,6.36370201979446,11572800
2012-03-26,6.673422813415527,6.675700225314711,6.545131939946129,6.545131939946129,10947600
2012-03-27,6.6149702072143555,6.710619321869853,6.60282386731076,6.697714134352926,9888000
2012-03-28,6.512490749359131,6.633190984070162,6.3971041866177405,6.604343909012872,11620800
2012-03-29,6.486679553985596,6.509453239211441,6.318914694791892,6.397103811675262,13125600
2012-03-30,6.5420966148376465,6.596753205109784,6.457074817820132,6.589921402808247,7884000
2012-04-02,6.696956634521484,6.753890632456177,6.498826564957035,6.54209609063961,11688000
2012-04-03,6.636984348297119,6.712896911441094,6.510970900842937,6.671144654214423,14676000
2012-04-04,6.428987979888916,6.491235659717706,6.353835107863668,6.47529420722326,15806400
2012-04-05,6.404694080352783,6.467701460628203,6.3416880031930365,6.363701970628324,9534000
2012-04-09,6.189864158630371,6.264258168764182,6.135966421952046,6.16481306121324,10657200
2012-04-10,5.864960670471191,6.206564660143068,5.847501524911408,6.157222614546263,21163200
2012-04-11,6.000083923339844,6.080550445726902,5.9818650634953086,6.050944526997107,14298000
2012-04-12,6.25666618347168,6.2718492195120366,6.01754357357614,6.031967327502905,14290800
2012-04-13,6.038798809051514,6.214914447048164,6.02589318659217,6.211118471326303,15357600
2012-04-16,6.013749122619629,6.156463335148485,5.956055403730149,6.12837597508621,12098400
2012-04-17,6.283235549926758,6.325746658853317,6.11395213378605,6.137484665739347,9441600
2012-04-18,6.224025249481201,6.287791489818511,6.19441975876472,6.214157186947683,9956400
2012-04-19,6.119266510009766,6.31284176247697,6.032726586777227,6.230098250071378,15042000
2012-04-20,6.137485027313232,6.2604622344982666,6.136726179562487,6.2042870854627,8282400
2012-04-23,5.979588031768799,5.996288328575481,5.861165218066666,5.95225952307911,13197600
2012-04-24,6.0441131591796875,6.093456071017508,5.980346927968168,6.005398024939106,10956000
2012-04-25,6.303731441497803,6.306008853222138,6.20960088499923,6.20960088499923,10164000
2012-04-26,6.429745674133301,6.458592748020379,6.246039362278055,6.259703399911366,11768400
2012-04-27,6.4684600830078125,6.524635225853145,6.3857165843756265,6.489716070752922,10170000
2012-04-30,6.382679462432861,6.444167833754389,6.344723184305904,6.428985235629242,6356400
2012-05-01,6.5041399002075195,6.640022736401752,6.366739802830308,6.394067879001483,6487200
2012-05-02,6.460110664367676,6.47908837185175,6.332578211340917,6.3940670260818315,7030800
2012-05-03,6.2984185218811035,6.472256771985324,6.260462234442617,6.467701947993198,9312000
2012-05-04,5.991734504699707,6.202770222830097,5.9750342051058905,6.196696833777096,12248400
2012-05-07,6.0061564445495605,6.058536050486206,5.915821855180721,5.918858114856285,8424000
2012-05-08,5.92948579788208,5.956813870011936,5.70630422550493,5.895325056161949,11107200
2012-05-09,5.827004432678223,5.937076437440642,5.655442745414795,5.735910135096286,13142400
2012-05-10,5.862681865692139,5.967440623512039,5.824726455018876,5.956813282272258,8890800
2012-05-11,5.806509017944336,5.974273885403052,5.7419830665249725,5.747297607188829,7975200
2012-05-14,5.625836372375488,5.738945487403859,5.591675636106287,5.653164440144683,12610800
2012-05-15,5.524114608764648,5.705543454251603,5.490713155256913,5.603822267422097,16068000
2012-05-16,5.458831310272217,5.66758958251622,5.450480944632703,5.596991550003505,15049200
2012-05-17,5.188584804534912,5.4717370936876,5.177197744525435,5.461867729183487,18037200
2012-05-18,5.0428338050842285,5.272847219776343,5.020819834501588,5.253869509145807,13870800
2012-05-21,5.316115856170654,5.322189243304211,5.064088533745518,5.092934733584768,10126800
2012-05-22,5.340409755706787,5.470219215491537,5.245519459338722,5.354073795059924,12411600
2012-05-23,5.360905170440674,5.382919573186405,5.076235195826073,5.231854144869922,16800000
2012-05-24,5.389752388000488,5.429985221697193,5.252350982079615,5.4072115344069465,14038800
2012-05-25,5.335854530334473,5.4239125832255874,5.304730042866918,5.38140146954771,8892000
2012-05-29,5.530189037322998,5.5628316545849446,5.420116580339127,5.46642280148924,13465200
2012-05-30,5.286509990692139,5.395823575823527,5.251590837756172,5.388991341011613,11776800
2012-05-31,5.249314308166504,5.359386759412871,5.102804568249776,5.284993617833113,16076400
2012-06-01,4.8484978675842285,5.037518660779634,4.840906786205048,4.991212456246127,17872800
2012-06-04,4.821171283721924,4.90771077522518,4.706544432448838,4.862163834465767,16398000
2012-06-05,4.935038089752197,4.9593303358008205,4.7862509604179255,4.7862509604179255,11833200
2012-06-06,5.270568370819092,5.275882910216364,5.0344829349538625,5.04055501883081,12883200
2012-06-07,5.269052505493164,5.4732555539816605,5.23944701407554,5.442131932474617,14035200
2012-06-08,5.393546104431152,5.398860643943972,5.172641959385014,5.231853357316358,8828400
2012-06-11,5.182511329650879,5.541574390195433,5.162015059784149,5.5347421554492415,13381200
2012-06-12,5.355592250823975,5.3609059231390415,5.148352514956788,5.224264229264465,12625200
2012-06-13,5.2386860847473145,5.396583739910189,5.185548068942876,5.299416052357317,9422400
2012-06-14,5.398102760314941,5.4580734605906445,5.225783047528937,5.275884816155582,12553200
2012-06-15,5.545371055603027,5.570421717378397,5.433780480430857,5.467181941960548,11575200
2012-06-18,5.607618808746338,5.6425392720602545,5.45731308659995,5.486160161458962,12716400
2012-06-19,5.768550872802734,5.836871475487228,5.670624357082309,5.699471422586421,9776400
2012-06-20,5.743502140045166,5.8262460922606625,5.619766070015555,5.767034676255416,14730000
2012-06-21,5.358626842498779,5.774624749121792,5.341926548548758,5.760960279928363,11828400
2012-06-22,5.462626934051514,5.499064653925241,5.369255222578602,5.4360577090137685,7998000
2012-06-25,5.198453426361084,5.3115616970196315,5.143037128221426,5.293342836456904,9306000
2012-06-26,5.285752773284912,5.332818715120434,5.158220724732474,5.240964678127737,11019600
2012-06-27,5.426947593688965,5.454276098422635,5.32067070270625,5.3404081250473965,7185600
2012-06-28,5.382160186767578,5.4011387654015905,5.199971565590621,5.310803302585556,8966400
2012-06-29,5.782217025756836,5.792085522261871,5.63039273289981,5.670626435473816,5563200
2012-07-02,5.827004432678223,5.850536963330771,5.708581628635767,5.833836667886321,5299200
2012-07-03,5.946945667266846,5.95605488096527,5.814099963092324,5.835354650264671,3943200
2012-07-05,5.865719795227051,5.944667755212431,5.801953567214078,5.879383831811298,3296400
2012-07-06,5.707063674926758,5.73591074854437,5.6174879318367505,5.697954461380283,5143200
2012-07-09,5.682012557983398,5.70478580721629,5.602304882552624,5.6911217708021775,4748400
2012-07-10,5.531706809997559,5.792084519323832,5.473254254526793,5.763997164664102,8064000
2012-07-11,5.532464504241943,5.58332640445718,5.4368153937972945,5.53853789111229,11403600
2012-07-12,5.458073139190674,5.520320813780852,5.3381321800740125,5.433781321363095,9254400
2012-07-13,5.716931343078613,5.738946177570836,5.488436542910579,5.492232518575066,7542000
2012-07-16,5.682770729064941,5.733632195870667,5.617486814249526,5.677457058417635,5434800
2012-07-17,5.796639919281006,5.8323187948772235,5.57194062528794,5.75109254790726,9842400
2012-07-18,5.924171447753906,5.95909147262969,5.748814647544884,5.758684011227871,6025200
2012-07-19,5.976551532745361,6.030449273702603,5.906713209772607,5.9666834706649094,8710800
2012-07-20,5.807268142700195,5.893807633703046,5.790567843995756,5.871793228453231,7609200
2012-07-23,5.635706424713135,5.678216664312309,5.474014094083958,5.551444358838516,8131200
2012-07-24,5.494511604309082,5.650889430075386,5.375329052050852,5.648612017731549,10555200
2012-07-25,5.484642028808594,5.562832024634846,5.401898077212608,5.526394297269349,8098800
2012-07-26,5.7533698081970215,5.7951220709558635,5.650888442494484,5.729837275376691,9445200
2012-07-27,6.079792022705078,6.126856653773328,5.822450120758066,5.849778629619626,11628000
2012-07-30,6.075236797332764,6.161776273326649,6.0213390652743115,6.056258220995359,6237600
2012-07-31,5.962885856628418,6.1002872245391115,5.9590907498971895,6.050943887083762,7092000
2012-08-01,5.941631317138672,6.079031829661838,5.911266985362562,6.0767544179042545,22868400
2012-08-02,5.811821460723877,5.928725693214907,5.680493476703508,5.792843754757581,11732400
2012-08-03,6.151907444000244,6.18986372854746,6.046389824327891,6.057776883440812,10500000
2012-08-06,6.189105987548828,6.261981441415058,6.183032598688007,6.202770026555754,5474400
2012-08-07,6.277161598205566,6.359906396764279,6.263497562633333,6.267293538310153,6432000
2012-08-08,6.296899795532227,6.324987152140735,6.214156289912934,6.22326550329076,8164800
2012-08-09,6.3158769607543945,6.357629219765615,6.258184122668947,6.273366722821039,6223200
2012-08-10,6.347001075744629,6.356110287811161,6.211877983759482,6.246797136781679,6543600
2012-08-13,6.336373805999756,6.350037843314006,6.2422432402692545,6.31891466126857,7688400
2012-08-14,6.344724655151367,6.422913772224952,6.287790659134207,6.410767864657876,8353200
2012-08-15,6.360665798187256,6.397862366837477,6.313599865666779,6.324986924944926,6267600
2012-08-16,6.5041399002075195,6.52843215089692,6.3462435285159575,6.389513054848974,9019200
2012-08-17,6.527671813964844,6.545131826766026,6.486679269232204,6.53829959118662,7825200
2012-08-20,6.530709743499756,6.5337460034373995,6.450242339572933,6.502621515658871,6124800
2012-08-21,6.471498489379883,6.651410143432941,6.4305059386147825,6.577774539749632,8667600
2012-08-22,6.471498489379883,6.50717649919416,6.376608196868977,6.422155572023969,10146000
2012-08-23,6.32498836517334,6.432783857149796,6.290827613932239,6.431265292652328,9544800
2012-08-24,6.432782173156738,6.473014999995462,6.261980199152274,6.271089846264349,8530800
2012-08-27,6.435820579528809,6.50793719531707,6.410010628054496,6.4866812001741785,7930800
2012-08-28,6.422153472900391,6.476051197029367,6.3637009258702975,6.384956910866118,7726800
2012-08-29,6.4335408210754395,6.483642575520562,6.3826802189757945,6.4335408210754395,6266400
2012-08-30,6.290825843811035,6.350037245763429,6.249833735725723,6.343965161342107,7704000
2012-08-31,6.361424446105957,6.468460193727617,6.273366840437254,6.400139577691984,9835200
2012-09-04,6.349279403686523,6.4198778754870895,6.239207381619075,6.365980136128462,8530800
2012-09-05,6.341689586639404,6.414565045730455,6.30980668188007,6.371295079005644,7149600
2012-09-06,6.725043773651123,6.731116727441641,6.455556394900357,6.455556394900357,9955200
2012-09-07,6.812341690063477,6.812341690063477,6.746298050125175,6.762999649370312,6426000
2012-09-10,6.695437908172607,6.822969938835079,6.687087542344646,6.7903281920147585,4386000
2012-09-11,6.7531304359436035,6.813101558167572,6.702269829984015,6.710620195420578,5784000
2012-09-12,6.809304714202881,6.838910630499277,6.745538927174052,6.815378101357084,6883200
2012-09-13,7.135727405548096,7.19190255535446,6.784255358644408,6.814619694017028,15946800
2012-09-14,7.226061820983887,7.350558010472503,7.153945231797643,7.1691278316580656,17302800
2012-09-17,7.153946399688721,7.215435222447985,7.095494705517969,7.178238650305513,6691200
2012-09-18,7.1311726570129395,7.158501167258409,7.0780346351761905,7.118268335589234,6073200
2012-09-19,7.145596981048584,7.209362782208077,7.098531043590575,7.154706195054821,6078000
2012-09-20,7.138763904571533,7.154705352985186,6.987698482559232,7.04311477971773,9292800
2012-09-21,7.128894805908203,7.251872442880988,7.126617393997014,7.2473176190586095,8558400
2012-09-24,7.10004997253418,7.146355761470904,7.0104733515788675,7.02869221489894,9325200
2012-09-25,6.8882551193237305,7.182793614209796,6.867758844671818,7.144078477019734,10605600
2012-09-26,6.759963035583496,6.871553617487915,6.7091019925133235,6.87079476973494,12507600
2012-09-27,6.950501441955566,6.991493983302611,6.791086099910805,6.843465265244535,8102400
2012-09-28,6.848780155181885,6.932283816767069,6.778182118281247,6.866999017426306,17718000
2012-10-01,6.89280891418457,7.092456655755135,6.856371194549851,6.927728069722265,15244800
2012-10-02,6.923932075500488,7.014267526671232,6.827524105445266,6.984662042435944,9662400
2012-10-03,7.00439977645874,7.054501534449269,6.86927580037059,6.977830116117284,8552400
2012-10-04,7.1676106452941895,7.181275118106572,7.059057185567903,7.090180370178494,6703200
2012-10-05,7.153946399688721,7.30652953336619,7.095494705517969,7.269332961223717,6657600
2012-10-08,7.083347320556641,7.119785039561329,7.037799954614845,7.074237673619533,3967200
2012-10-09,6.875349044799805,7.084866154235682,6.866998245208424,7.068924705860978,6397200
2012-10-10,6.747058391571045,6.885217325656818,6.717452471323618,6.874590417020219,6561600
2012-10-11,6.7531304359436035,6.912545792578506,6.7531304359436035,6.884458436676559,6951600
2012-10-12,6.681015491485596,6.832080065988495,6.6430592015376915,6.76224087473167,6474000
2012-10-15,6.848020076751709,6.870034911416228,6.672663287679934,6.734910947235573,6519600
2012-10-16,7.059815883636475,7.074238769568183,6.934561259449765,6.947466449819331,5925600
2012-10-17,7.151668548583984,7.172924538051251,7.041596534464183,7.0787931043231875,7185600
2012-10-18,7.101566791534424,7.201011896882393,7.030209911451682,7.100807943805574,8878800
2012-10-19,6.741743087768555,7.056778225570162,6.696195723795059,7.056778225570162,8950800
2012-10-22,6.7462968826293945,6.781217336094982,6.58536429637521,6.711377732279258,8800800
2012-10-23,6.458591461181641,6.551204315152853,6.381920053668367,6.529189481654727,11016000
2012-10-24,6.411527633666992,6.55652013193722,6.378885882465628,6.535265007826658,8469600
2012-10-25,6.469219207763672,6.580050050496336,6.350036697737704,6.54740831012655,12286800
2012-10-26,6.451760292053223,6.519322498907839,6.321950853032643,6.447964315933238,9554400
2012-10-31,6.4236741065979,6.543614195208875,6.361425564178135,6.524636484292314,5445600
2012-11-01,6.656722068786621,6.675699776049468,6.475292320499417,6.496548308251933,6121200
2012-11-02,6.4677019119262695,6.771349603509339,6.4563152863813755,6.768313343779469,7904400
2012-11-05,6.514008045196533,6.553482896142692,6.389512710465588,6.442651164388953,4681200
2012-11-06,6.664313793182373,6.742503778993561,6.5550006250873984,6.571701790955695,7273200
2012-11-07,6.2050461769104,6.486679003981839,6.12002396261288,6.484401592215165,15523200
2012-11-08,5.971995830535889,6.3029728775443825,5.971995830535889,6.209601164503199,11400000
2012-11-09,5.989455223083496,6.165570853867203,5.921893460453752,5.931002672446296,10020000
2012-11-12,6.015266418457031,6.083587042952475,5.9780698463691255,6.060054943261208,4633200
2012-11-13,5.95377779006958,6.1397623940658415,5.897603506217623,5.917340064566728,7148400
2012-11-14,5.735909938812256,6.033484199691657,5.672143715501056,6.010710517482524,10341600
2012-11-15,5.67821741104126,5.780698350666219,5.615210891052282,5.713137440788895,10068000
2012-11-16,5.7533698081970215,5.795880918689862,5.561312700732896,5.70630474255636,11762400
2012-11-19,6.113192081451416,6.113192081451416,5.949982062157868,5.959091274733133,10732800
2012-11-20,6.131411552429199,6.151148977992359,5.977310730343203,6.0866238983788925,10521600
2012-11-21,6.166330337524414,6.170125444203896,6.101804402164775,6.1397606814215635,5337600
2012-11-23,6.387993812561035,6.409248932396935,6.233892130484274,6.249075165629146,5185200
2012-11-26,6.375088691711426,6.378125820019109,6.251352644230959,6.309045485291922,7293600
2012-11-27,6.277921199798584,6.406970904923244,6.2559063656373635,6.340927705555134,8364000
2012-11-28,6.417599201202393,6.427467261049341,6.091936720122514,6.19062209668243,12213600
2012-11-29,6.510972023010254,6.561832632463463,6.405454827794915,6.491234596817203,9114000
2012-11-30,6.4927520751953125,6.547408651816286,6.447204710825238,6.511729781706294,5964000
2012-12-03,6.41684103012085,6.615729933850472,6.397862452944545,6.598269920846289,7410000
2012-12-04,6.381161689758301,6.4677011632490045,6.332578064728871,6.412285737432231,8482800
2012-12-05,6.410768508911133,6.505658801390391,6.265017603458909,6.404695120145329,8344800
2012-12-06,6.487439155578613,6.489716567498057,6.375088861288272,6.400139958030249,6726000
2012-12-07,6.533745288848877,6.579292223535771,6.440373573213054,6.559554798611943,9136800
2012-12-10,6.552723407745361,6.59675264975916,6.506417188070718,6.5132494241690475,6475200
2012-12-11,6.671905517578125,6.775145735083667,6.621803755911065,6.63546779375264,7930800
2012-12-12,6.692401885986328,6.838912065492025,6.6688689175344225,6.7637592047447255,9618000
2012-12-13,6.57397985458374,6.738708470795789,6.520840526377627,6.681774469139435,6392400
2012-12-14,6.484402179718018,6.56259216579972,6.4661833183058235,6.525394726488434,5061600
2012-12-17,6.728078365325928,6.73491059997697,6.54437208981207,6.548926912912765,9217200
2012-12-18,6.9482245445251465,6.968720816715607,6.727320808482492,6.758444857803543,13076400
2012-12-19,6.789568901062012,6.980867176231371,6.789568901062012,6.977830916306498,9442800
2012-12-20,6.906473636627197,6.911787308379063,6.750853379112107,6.8093059402422496,9198000
2012-12-21,6.7295989990234375,6.764518596248874,6.599789541332423,6.607380625920396,14835600
2012-12-24,6.655205249786377,6.687848304827896,6.6377461020240505,6.679497503321932,5690400
2012-12-26,6.570181846618652,6.708342059126519,6.5200796626538295,6.702268672247304,6444000
2012-12-27,6.545133113861084,6.614972310055838,6.320433355721778,6.581570842039569,9996000
2012-12-28,6.318154811859131,6.5261542331104625,6.317395964140474,6.4244317171986225,7423200
2012-12-31,6.6536865234375,6.673423080485835,6.267294454641363,6.286272163940872,15788400
2013-01-02,7.160777568817139,7.163814696953067,6.980107103826078,7.03931850569237,13586400
2013-01-03,7.125858306884766,7.207084108425556,7.058296106775381,7.1486315550995965,8916000
2013-01-04,7.216952323913574,7.243521546842469,7.107638738596934,7.145595453936835,6972000
2013-01-07,7.136487007141113,7.169128754015468,7.069683646034916,7.129654771169129,5488800
2013-01-08,7.09397554397583,7.139522912786229,7.006677216771051,7.108398428581492,6898800
2013-01-09,7.141800403594971,7.195698138428683,7.100807858086943,7.139522991692091,6055200
2013-01-10,7.308805465698242,7.311842593852361,7.1463542935748325,7.264777098016665,5521200
2013-01-11,7.315637588500977,7.317156152464532,7.241244026044949,7.3065279422070155,6086400
2013-01-14,7.289069652557373,7.305011101063781,7.211639387493198,7.282237417038101,4747200
2013-01-15,7.296660900115967,7.325507538240073,7.177479240296996,7.192660972702893,4554000
2013-01-16,7.299696922302246,7.334616947247993,7.238967822794335,7.264777331728388,5179200
2013-01-17,7.440134048461914,7.506177691150302,7.359668389616757,7.401419348864885,8246400
2013-01-18,7.4925150871276855,7.5137697762625315,7.357391524087351,7.442412886858543,5376000
2013-01-22,7.608658313751221,7.610176877800563,7.441651886816692,7.493271770825778,5754000
2013-01-23,7.648133754730225,7.667870747428805,7.575258303807512,7.617769417884379,4609200
2013-01-24,7.652686595916748,7.767313849042314,7.593474764421043,7.612453338775561,8370000
2013-01-25,7.77566385269165,7.780977957513734,7.664833014571307,7.729357210656089,6726000
2013-01-28,7.754408836364746,7.791605835194639,7.6716653430430926,7.791605835194639,4348800
2013-01-29,7.850060939788818,7.872834194443216,7.698236635860896,7.713418805630495,5545200
2013-01-30,7.758965015411377,7.888774458632715,7.733155504438008,7.8424686740589316,8107200
2013-01-31,7.694438934326172,7.79540172495378,7.679256768816753,7.724044852064525,6103200
2013-02-01,7.930527210235596,7.957096006421727,7.799958469706842,7.8379147615738365,7562400
2013-02-04,7.670145511627197,7.827282976642823,7.650407658116535,7.785532030257748,6824400
2013-02-05,7.893328666687012,7.962408565839551,7.7809792460850895,7.796161412383991,6936000
2013-02-06,7.916102886199951,7.928248794476227,7.798439345477034,7.814380795793154,5599200
2013-02-07,7.887256145477295,7.9403954708493165,7.710381629928431,7.919139045705408,5928000
2013-02-08,8.00871753692627,8.024658989909614,7.922177600199522,7.9252138605906275,4688400
2013-02-11,8.00492000579834,8.026174692000366,7.947986011073583,8.006438569988692,4231200
2013-02-12,8.048190116882324,8.088423383427122,7.981388056272499,8.00871613248816,5203200
2013-02-13,8.065649032592773,8.139283753783209,7.9965682661979995,8.096772646577774,3920400
2013-02-14,8.090700149536133,8.117268940053457,7.964685391673924,7.988978073531032,3390000
2013-02-15,8.054262161254883,8.133969398892367,7.970758513497771,8.110435999869349,4564800
2013-02-19,8.225065231323242,8.238728834609493,8.096773483148207,8.096773483148207,3420000
2013-02-20,7.926732540130615,8.228103324105847,7.923695410951426,8.218234391761571,5316000
2013-02-21,7.777183532714844,7.863722573701989,7.705066506900542,7.859927032211106,7512000
2013-02-22,8.010231971740723,8.010231971740723,7.835635342286961,7.892569327976206,6162000
2013-02-25,7.559316635131836,8.155984698126902,7.5562803752836265,8.129415904153284,8290800
2013-02-26,7.70658540725708,7.731636503436223,7.511491612384339,7.658001779058909,6901200
2013-02-27,7.992013454437256,8.062611916286713,7.670905778756686,7.692920614439047,7502400
2013-02-28,7.9252142906188965,8.143082274453006,7.9252142906188965,7.996571191773934,6222000
2013-03-01,8.033005714416504,8.061853218772972,7.7574454151680134,7.866758570190298,7041600
2013-03-04,8.152189254760742,8.152189254760742,7.937357601846758,7.971517476585853,4765200
2013-03-05,8.377649307250977,8.440655834163847,8.275927204243022,8.275927204243022,6762000
2013-03-06,8.413323402404785,8.47101666120717,8.357148707318506,8.46722112066045,6070800
2013-03-07,8.458113670349121,8.487719589289764,8.418639690924111,8.442931504223159,2670000
2013-03-08,8.566667556762695,8.59627347273081,8.436858138182703,8.566667556762695,7255200
2013-03-11,8.65320873260498,8.66155822937009,8.513529496481286,8.547690240607567,3630000
2013-03-12,8.605381965637207,8.669148618593685,8.523396889510058,8.643337375885958,8630400
2013-03-13,8.631952285766602,8.672944831110074,8.530231073240277,8.617529401059436,7592400
2013-03-14,8.775425910949707,8.783017862846089,8.692681540847545,8.701791188128178,6496800
2013-03-15,8.740508079528809,8.773909545458059,8.653968154733182,8.744303621680412,6586800
2013-03-18,8.590961456298828,8.70634803197759,8.464947535489227,8.489998636951903,7956000
2013-03-19,8.542375564575195,8.679017663216634,8.368538202159044,8.649411744866093,11726400
2013-03-20,8.703310012817383,8.757206878563185,8.64182119494791,8.683573022280973,6926400
2013-03-21,8.492274284362793,8.646375526943102,8.445967635886841,8.555281662822079,9889200
2013-03-22,8.67977523803711,8.685848625026006,8.549965821550911,8.565148854651321,7125600
2013-03-25,8.59779167175293,8.80579152996997,8.493793480132053,8.763280419806526,9177600
2013-03-26,8.783777236938477,8.792886885215527,8.662318155724058,8.693441773802792,5844000
2013-03-27,8.7830171585083,8.793643631577236,8.58716410139964,8.62891505539081,8599200
2013-03-28,8.835397720336914,8.89460869478913,8.731397788054126,8.774667312894442,7928400
2013-04-01,8.7640380859375,8.908271252314746,8.697994455313612,8.854373526820329,6032400
2013-04-02,8.88625717163086,8.954577785176179,8.813381734683354,8.858929099961479,4052400
2013-04-03,8.599310874938965,8.920418596350032,8.549209546283828,8.90903197023495,5455600
2013-04-04,8.720012664794922,8.770113999888261,8.597035001963638,8.649414183819037,2979600
2013-04-05,8.606142044067383,8.631193138396165,8.369296439723646,8.403457180852664,4606400
2013-04-08,8.779223442077637,8.779223442077637,8.5378238156412,8.624362878187407,3545600
2013-04-09,8.852095603942871,8.961408749157274,8.74050548161185,8.827044511941802,3929600
2013-04-10,9.19825553894043,9.22102965681442,8.931804875393018,8.940913653798846,4164800
2013-04-11,9.284797668457031,9.371337599573849,9.175484482767144,9.205089539963339,3612800
2013-04-12,9.214197158813477,9.25291272554895,9.061614475560887,9.18686908559912,4759600
2013-04-15,8.590202331542969,9.093498690868776,8.574260880794652,9.070725438012296,7358400
2013-04-16,8.95002269744873,8.965964144513707,8.704068322200719,8.770111087722606,4720800
2013-04-17,8.542375564575195,8.763279726028749,8.421675782540781,8.763279726028749,6433600
2013-04-18,8.408012390136719,8.608420305927734,8.303254042533363,8.599310657768173,4934400
2013-04-19,8.603864669799805,8.626638788049245,8.396624971820705,8.460391634175354,4045600
2013-04-22,8.720012664794922,8.788333299008746,8.49227663825284,8.66080081139734,4337200
2013-04-23,9.009236335754395,9.018345115370526,8.733675119699186,8.865762414687751,4980000
2013-04-24,9.03200912475586,9.086666143369294,8.954578855154066,9.004681049821063,3147600
2013-04-25,9.134488105773926,9.25063304546778,9.052503033640093,9.086663769943728,3620800
2013-04-26,9.095772743225098,9.136765280177645,8.986459600932848,9.093495766169347,2917600
2013-04-29,9.262020111083984,9.318954095151362,9.109437450780366,9.150429988808371,4088400
2013-04-30,9.32351016998291,9.330342839734094,9.13676674666758,9.257467399842442,3910800
2013-05-01,9.08438777923584,9.273409052892045,9.0433952347982,9.262021559303086,5025200
2013-05-02,9.321233749389648,9.348561823795588,9.123103689644896,9.148153917749777,3539600
2013-05-03,9.594515800476074,9.699274128799916,9.555800237295008,9.571741684268474,5336000
2013-05-06,9.690165519714355,9.72432626331104,9.619567923772111,9.633231526215749,2822400
2013-05-07,9.824530601501465,9.835917227405567,9.667393079039584,9.747100329112161,2216800
2013-05-08,9.9702787399292,9.972556585726208,9.785813192578365,9.804031615236296,2529600
2013-05-09,9.881463050842285,10.027213924553553,9.801755813263853,9.949783664301476,3724400
2013-05-10,9.981670379638672,9.983947357638325,9.810868361112977,9.904240096490597,2814800
2013-05-13,10.00216293334961,10.04315547559643,9.870076528466095,9.933842319186155,2467200
2013-05-14,10.31644058227539,10.327827208478073,10.015829133056318,10.015829133056318,2983600
2013-05-15,10.464468955993652,10.532789579517425,10.250396568543605,10.268615864813338,3564400
2013-05-16,10.332379341125488,10.519122742183333,10.282278025136286,10.412087441268113,3909600
2013-05-17,10.623885154724121,10.639826605835665,10.40070310167465,10.437141697065526,4243600
2013-05-20,10.62160587310791,10.746860487237766,10.56011705480915,10.598832622809322,4353200
2013-05-21,10.66259765625,10.78785226142398,10.541897874558824,10.653488009284393,5312800
2013-05-22,10.441693305969238,11.031529470762147,10.280000984610343,10.71042180537257,10788400
2013-05-23,10.348322868347168,10.41892133659978,10.052266260946652,10.095536654187606,5365200
2013-05-24,10.311885833740234,10.311885833740234,10.063653558226461,10.152471328244701,3883200
2013-05-28,10.498628616333008,10.771911973522052,10.405256896740667,10.648934332475406,5689200
2013-05-29,10.300498962402344,10.396148532168034,10.125142141785142,10.323273083176975,5440000
2013-05-30,10.400700569152832,10.541897485679902,10.29366526185848,10.307328863059107,3346800
2013-05-31,9.963448524475098,10.482686249581166,9.911069356481395,10.30732945130115,5643600
2013-06-03,10.106922149658203,10.134250221614307,9.804032905812958,10.02038224159617,7573600
2013-06-04,9.97711181640625,10.250394248651451,9.815418639210652,10.125139655748457,7122400
2013-06-05,9.542136192321777,9.940674085602028,9.523916900203435,9.879185277818122,9662800
2013-06-06,9.806313514709473,9.806313514709473,9.369059896502627,9.53075226518458,6877200
2013-06-07,10.166133880615234,10.200294624684043,9.883741755455816,10.008996369135097,6889200
2013-06-10,10.179798126220703,10.289111288575175,10.097813037268903,10.2731698400283,3951600
2013-06-11,9.872354507446289,10.127419433692413,9.804033886351153,9.892850780649212,9634400
2013-06-12,9.626398086547852,10.095534425875531,9.589960371660318,10.068205488152143,12120800
2013-06-13,10.049988746643066,10.1046448937476,9.539859784119242,9.601348601169688,9780800
2013-06-14,9.860966682434082,10.136526979616447,9.815419317663707,10.022659002062372,9806800
2013-06-17,10.102370262145996,10.232179727592234,9.936123067254218,10.070487357474148,11212400
2013-06-18,10.323272705078125,10.377928855447651,10.11375514534468,10.120586946954909,9158800
2013-06-19,9.922457695007324,10.357433430976137,9.890574793220697,10.309609078296196,13709600
2013-06-20,9.168648719787598,9.65600436951129,9.088941486914674,9.61501183010702,17852800
2013-06-21,9.2551908493042,9.371336695152024,8.979630499341933,9.34400774980907,16142400
2013-06-24,8.902200698852539,9.139046358634454,8.669909863536885,8.96141167942605,15408000
2013-06-25,9.164098739624023,9.255192635448926,8.963690778818743,9.14360246103321,12646000
2013-06-26,9.416881561279297,9.48748002134798,9.273408532541914,9.380443842573078,11986400
2013-06-27,9.58768367767334,9.719770952974358,9.569465252412641,9.589961523795774,13806800
2013-06-28,9.3941068649292,9.64689387956627,9.371333620026814,9.510251803921138,13644800
2013-07-01,9.633232116699219,9.833640029346888,9.580852943719094,9.626400315058635,13886800
2013-07-02,9.585407257080078,9.80175660785934,9.482925894211606,9.58768423459102,13625200
2013-07-03,9.617289543151855,9.708384275185477,9.432823101718459,9.47837046773527,6893200
2013-07-05,9.922457695007324,9.94067699245335,9.626401061460747,9.833640791817743,7974400
2013-07-08,10.095536231994629,10.184353123626098,10.034047414231965,10.086426584457092,6354800
2013-07-09,10.31644058227539,10.355156153857184,10.159303055693023,10.286834659153302,8708800
2013-07-10,10.325549125671387,10.432585311757915,10.225345609570335,10.298221051960882,8383200
2013-07-11,10.755969047546387,10.783297118890891,10.582890104039556,10.692203258161301,8938400
2013-07-12,10.75141429901123,10.828844558979224,10.692203332562167,10.744582498313497,7351600
2013-07-15,10.892611503601074,10.935881023729232,10.79696194760231,10.856172915606304,6808400
2013-07-16,10.760526657104492,10.924496865115577,10.678541553098949,10.908555413641604,9298800
2013-07-17,10.844788551330566,10.944992951711706,10.801519022184852,10.888058949220216,10053600
2013-07-18,11.033807754516602,11.099851393323108,10.897165653322752,10.908553146646732,10130800
2013-07-19,11.09302043914795,11.09302043914795,10.915386635742502,10.958656163336574,6259200
2013-07-22,11.147673606872559,11.19322096523057,11.049747090463097,11.124899493321752,5338400
2013-07-23,11.08618450164795,11.211439082165496,11.058856434874421,11.206884259579311,7097600
2013-07-24,10.954099655151367,11.213719387037916,10.885779038862811,11.20460973986777,10986800
2013-07-25,11.042916297912598,11.054302921354688,10.837953600980214,10.883500963492263,6061200
2013-07-26,11.0565824508667,11.072523901114316,10.753694027418078,10.890335277753055,6882400
2013-07-29,10.958654403686523,11.054303960830467,10.872115362394103,10.9791506753071,5340000
2013-07-30,10.958654403686523,11.093018657922798,10.885778964311978,11.067967562748342,6520000
2013-07-31,10.985984802246094,11.204611149369429,10.940437429409428,11.029254328631792,8762800
2013-08-01,11.354917526245117,11.391355252866386,11.215998422019052,11.229662895281,6254000
2013-08-02,11.411849975585938,11.420959623187695,11.243324969928677,11.286595361665118,6204400
2013-08-05,11.375411987304688,11.420959355502118,11.300258699467358,11.348083913883745,3792800
2013-08-06,11.18638801574707,11.329861886909912,11.099848992659016,11.302533820079136,6195200
2013-08-07,11.070243835449219,11.108958527038912,10.940434423217038,11.070243835449219,6034800
2013-08-08,11.172727584838867,11.254711808578618,11.015589201330734,11.227383733998701,7314800
2013-08-09,11.090742111206055,11.23876997310859,10.972319300437748,11.134011633532555,5729200
2013-08-12,11.038365364074707,11.086189720628267,10.906278053124128,10.917664680578216,4086800
2013-08-13,11.149953842163086,11.195501213831227,10.91083122683517,11.097574668805075,5416800
2013-08-14,10.974595069885254,11.175002948259388,10.963208446183659,11.129455584709307,3779600
2013-08-15,10.49635124206543,10.708145770727521,10.453081719070308,10.70359094692638,7556800
2013-08-16,10.418920516967773,10.555561750020662,10.341490253239465,10.446248589829597,5684800
2013-08-19,10.20484733581543,10.473575802708803,10.202569490019048,10.375649283311542,5990000
2013-08-20,10.355157852172852,10.46902587036259,10.2207935559592,10.2549534401697,5524800
2013-08-21,10.170687675476074,10.434861347485437,10.090980439037624,10.268614205239727,8753600
2013-08-22,10.432586669921875,10.480411022327212,10.225346940754836,10.227623918550556,5775600
2013-08-23,10.539618492126465,10.580611028752626,10.384757991259546,10.530509715232357,4478400
2013-08-26,10.421196937561035,10.671707009764202,10.405255490181457,10.573780479436085,6435200
2013-08-27,9.922457695007324,10.229900955085709,9.895129617582203,10.1092011501095,10686800
2013-08-28,10.018105506896973,10.127418666112868,9.867799804382145,9.91334630249761,7792000
2013-08-29,10.075039863586426,10.229899526532698,9.938397758054354,9.9520622292307,5964800
2013-08-30,9.963448524475098,10.129695675605658,9.886018261192282,10.129695675605658,8151600
2013-09-03,10.097813606262207,10.32327261358386,9.98166863619846,10.259505947059443,8747600
2013-09-04,10.361988067626953,10.405257595161546,10.06137661516454,10.118310615536117,6266400
2013-09-05,10.380207061767578,10.47585576260298,10.352878116891285,10.37565223762153,4837200
2013-09-06,10.40297794342041,10.582889546848786,10.116030168807917,10.491794822171622,8376400
2013-09-09,10.712699890136719,10.726363491897908,10.487240904895804,10.487240904895804,6566800
2013-09-10,10.940437316894531,10.951823942800624,10.831124144457075,10.89716692220996,9010400
2013-09-11,11.054304122924805,11.054304122924805,10.847064426275134,10.903998418417832,4600400
2013-09-12,10.967765808105469,11.07935683119579,10.915386631959041,11.038364281386603,5678000
2013-09-13,11.029253005981445,11.056581078908655,10.919939845528834,10.995092263264603,2934000
2013-09-16,11.22282886505127,11.40729532239868,11.172727539979887,11.395908697098085,5912800
2013-09-17,11.364025115966797,11.379966564178575,11.2501571323148,11.2501571323148,3184000
2013-09-18,11.780781745910645,11.860489857482765,11.275207609274414,11.357192698322862,7117600
2013-09-19,11.723847389221191,11.87643093771669,11.676023045007403,11.862766467051136,7936800
2013-09-20,11.464229583740234,11.792169091225789,11.436901508635732,11.792169091225789,6187600
2013-09-23,11.31619930267334,11.446008727655428,11.19549952439898,11.418680656275969,6903200
2013-09-24,11.234214782714844,11.425512145907248,11.165893303010469,11.30025754768873,4934400
2013-09-25,11.134014129638672,11.302539170482714,11.097576400367526,11.247882142203999,10595600
2013-09-26,11.250157356262207,11.345806047436872,11.131734546657535,11.190945517087975,7089200
2013-09-27,11.108962059020996,11.14084496075962,11.008758529450471,11.079357003831653,5462400
2013-09-30,10.940437316894531,11.024699391092263,10.755970849737896,10.81290484801223,7094400
2013-10-01,11.184112548828125,11.206885796137872,10.922215861047535,10.94954480031167,7173200
2013-10-02,11.131736755371094,11.147678207063242,10.878949637475655,10.974598347628545,7097600
2013-10-03,10.83340072631836,11.090742632364073,10.68081803351515,11.067968512640121,10897200
2013-10-04,11.067970275878906,11.111240675875905,10.812906175543235,10.860730531466677,4180400
2013-10-07,10.787849426269531,10.985980286353856,10.755966539012794,10.792404248555282,4809200
2013-10-08,10.405258178710938,10.826570326335043,10.393871551746816,10.785577774269045,9210400
2013-10-09,10.432586669921875,10.54873164986968,10.234455720681629,10.47813317578758,13901600
2013-10-10,11.108962059020996,11.124903509890308,10.742306951538971,10.749139622442902,9574000
2013-10-11,11.323031425476074,11.334418048939202,11.031528826106637,11.065689565239705,6400800
2013-10-14,11.46650505065918,11.48472434415771,11.086186420686525,11.118069315565222,8690000
2013-10-15,11.202333450317383,11.493836119061266,11.165895725317384,11.364026669452276,12127600
2013-10-16,11.676024436950684,11.691965886922388,11.393631424070463,11.416405544561375,11862000
2013-10-17,11.91514778137207,11.928812254499322,11.530274243432324,11.530274243432324,8401600
2013-10-18,12.133772850036621,12.174765396320028,11.969803533646822,12.04723380232172,10884000
2013-10-21,12.158823013305664,12.224866651550718,12.070006126093787,12.161100859448602,6538800
2013-10-22,12.341012001037598,12.468544458013444,12.208925589119568,12.25902778092147,8547600
2013-10-23,12.186151504516602,12.249918167553426,12.058619915930535,12.23625369645758,4850800
2013-10-24,12.29774284362793,12.347845036914805,12.172488229154556,12.252195474162027,3440000
2013-10-25,12.463990211486816,12.473099859280593,12.304574850071043,12.372896339780539,8237200
2013-10-28,12.530033111572266,12.577857456536824,12.418442104577853,12.457157671032812,3989200
2013-10-29,12.734997749328613,12.737275596012346,12.564195735295275,12.607466134846526,5289600
2013-10-30,12.536867141723633,12.803318724426022,12.402502861449284,12.778267624396983,6814800
2013-10-31,12.402501106262207,12.659843003672789,12.372896054730228,12.514092117305532,8371200
2013-11-01,12.516368865966797,12.593799131526561,12.302297364122179,12.477654167558812,7354000
2013-11-04,12.646178245544434,12.65984271661045,12.502705208698314,12.621127149628633,5557200
2013-11-05,12.527756690979004,12.625683238236872,12.372897013768291,12.4981516371523,4937600
2013-11-06,12.705389976501465,12.785097218514636,12.582412344186475,12.689448528098831,3540000
2013-11-07,12.243083953857422,12.81470165917127,12.197537460101978,12.798760212608128,9415200
2013-11-08,12.728163719177246,12.728163719177246,12.218035613039774,12.218035613039774,6353200
2013-11-11,12.719057083129883,12.775991091324276,12.643904644060175,12.703115630334974,3614400
2013-11-12,12.655288696289062,12.734995944041227,12.525479253524768,12.650733872311246,6736800
2013-11-13,12.949068069458008,12.962731672375563,12.461713207205134,12.461713207205134,6988000
2013-11-14,13.163137435913086,13.18363370569518,12.930846667963928,12.987780654164888,5678800
2013-11-15,13.329386711120605,13.329386711120605,13.167694372852093,13.208686918996763,5292000
2013-11-18,13.19274616241455,13.420482155732609,13.0925426381024,13.386321409237352,6632400
2013-11-19,13.101651191711426,13.279285854182842,13.026498766958941,13.165417859486947,7285200
2013-11-20,12.978676795959473,13.28612009047821,12.862530933589984,13.176806899788348,6954800
2013-11-21,13.281561851501465,13.311167771185428,13.05610372514149,13.08115395238076,3990800
2013-11-22,13.468305587768555,13.488801860519812,13.251956235115003,13.295226626892001,6272800
2013-11-25,13.452363967895508,13.557122307851401,13.381765502928467,13.557122307851401,5888000
2013-11-26,13.452363967895508,13.570786779093222,13.388598172921277,13.466028439137329,6874400
2013-11-27,13.538905143737793,13.575342868369,13.440978595901944,13.488802946590926,4234000
2013-11-29,13.502467155456543,13.686932752724696,13.475138210958852,13.586729229131425,4952800
2013-12-02,13.409093856811523,13.616333550124656,13.349882019439907,13.545735088256578,6920800
2013-12-03,13.256511688232422,13.38176630821672,13.110760794523864,13.283840632360665,8014000
2013-12-04,13.217795372009277,13.393152166056998,12.91946095064335,13.10392739162066,13832400
2013-12-05,13.058381080627441,13.226906087464004,13.024220336253709,13.16313942254929,7264800
2013-12-06,13.484247207641602,13.527517599967096,13.318000045993507,13.443254661619461,9162000
2013-12-09,13.59128189086914,13.650492857039396,13.541179702671728,13.607223338251275,6886000
2013-12-10,13.459197998046875,13.582175653357504,13.42276027077824,13.500190549817084,5458000
2013-12-11,12.98778247833252,13.466028550837688,12.9445129554902,13.466028550837688,7659600
2013-12-12,12.864805221557617,13.021942726815242,12.782820134034065,12.965008734784305,8197600
2013-12-13,12.846588134765625,12.98095241379856,12.78737715512545,12.944514687386778,4555600
2013-12-16,13.094817161560059,13.224626583922984,13.02877352737718,13.040160151160228,6597200
2013-12-17,12.95134449005127,13.13808791767337,12.883023872170172,13.131256116508398,5388800
2013-12-18,13.627717971801758,13.639104594457656,12.673504745842111,13.024217414859326,12209600
2013-12-19,13.604948997497559,13.632277074199553,13.41592770084435,13.518409074406698,8282000
2013-12-20,13.828128814697266,13.92377750813195,13.620889110178304,13.620889110178304,8705200
2013-12-23,14.044477462768555,14.071806405850806,13.948828768212133,14.028536013675817,5641200
2013-12-24,14.146958351135254,14.151513174828933,14.039923034937049,14.049031813580617,3255600
2013-12-26,14.356477737426758,14.372419188025992,14.226668286122193,14.235777065933252,4340400
2013-12-27,14.349642753601074,14.42479603894961,14.299541432112479,14.408854590919999,3591600
2013-12-30,14.333702087402344,14.376972479051837,14.283600763180974,14.347366558777521,2423200
2013-12-31,14.529555320739746,14.534110144579753,14.351921534698567,14.402023728194825,5003600
2014-01-02,14.128740310668945,14.386081340806097,14.017149298988018,14.374694715633058,7051600
2014-01-03,14.090023040771484,14.272211627766493,14.053585323372483,14.192504392438586,4602000
2014-01-06,13.982989311218262,14.260826611934025,13.92150049328489,14.247163009333592,8258000
2014-01-07,14.240330696105957,14.31320614094698,14.128740551268567,14.162900427369392,5520800
2014-01-08,14.247163772583008,14.317761373117454,14.103689856385621,14.242608948557583,6790400
2014-01-09,14.272212028503418,14.39063483056119,14.083191635671168,14.383803029839463,6438000
2014-01-10,14.376972198486328,14.40885509566241,14.128739953516245,14.349643256269294,6004400
2014-01-13,13.828128814697266,14.397468757743182,13.737034076312394,14.279045945340375,7867600
2014-01-14,14.263104438781738,14.288155535173509,13.878230082842359,13.948828548242458,5927200
2014-01-15,14.497673034667969,14.5614388336325,14.347367316577389,14.363308766318521,6465200
2014-01-16,14.436180114746094,14.456676382700397,14.301815884544235,14.408852047054891,4487200
2014-01-17,14.244884490966797,14.443014538019142,14.18111869852323,14.367862121031191,5635200
2014-01-21,14.381525993347168,14.513612396304985,14.112797495310812,14.506780595611364,5264800
2014-01-22,14.406577110290527,14.468065926569265,14.315483243344968,14.454402324336513,5734000
2014-01-23,14.05358600616455,14.194782928096465,13.825850044170334,14.192505081980022,8795600
2014-01-24,13.142642974853516,13.787136204342072,13.142642974853516,13.775749579283563,15620400
2014-01-27,12.953622817993164,13.286117141124878,12.757769735705113,13.195022401399887,14215600
2014-01-28,13.19046688079834,13.233737270816821,12.976395383119172,12.98550503035925,7050400
2014-01-29,12.796483993530273,13.069767334524691,12.70311227947109,12.869359435296278,8257200
2014-01-30,13.215518951416016,13.331664790437141,13.003724415548163,13.12670205613153,9108800
2014-01-31,12.965007781982422,13.222349650298387,12.700834113122822,12.728162184041066,9179600
2014-02-03,12.095054626464844,13.012830089089897,12.02217920291238,12.924013220931805,21674800
2014-02-04,12.347846031188965,12.438939908712026,12.129218813897076,12.261306109109757,13081600
2014-02-05,12.290911674499512,12.384283395772837,11.997132038513735,12.213481403047691,7779600
2014-02-06,12.773712158203125,12.782821806618545,12.391115612194403,12.391115612194403,7724400
2014-02-07,13.267897605895996,13.299781372344194,12.842031573177426,12.96273136269942,12381600
2014-02-10,13.32483196258545,13.345328235773675,13.156307821921231,13.265620989343818,7862400
2014-02-11,13.764360427856445,13.873673578992543,13.347604093446558,13.381763964508256,7558800
2014-02-12,13.807632446289062,13.960215132970701,13.71198288477357,13.834960520117573,7734800
2014-02-13,14.005763053894043,14.04675560062446,13.502466736390842,13.516130339471756,12613200
2014-02-14,14.231224060058594,14.310931318373681,13.926057763054601,13.973882118043655,9141600
2014-02-18,14.281320571899414,14.342809379875451,14.151511155753449,14.265379125617887,5552000
2014-02-19,14.005763053894043,14.449848397644327,13.964770507163626,14.17201021841458,13062000
2014-02-20,14.242608070373535,14.340534609022484,13.907835909469279,14.049031970576028,10671600
2014-02-21,14.201616287231445,14.427074427847625,14.172010365675435,14.331425730311997,4687200
2014-02-24,14.399744987487793,14.718574817790353,14.269935556713847,14.288154850942215,10546800
2014-02-25,14.40202522277832,14.586491698094598,14.272214901726482,14.463513179139838,7128000
2014-02-26,14.413412094116211,14.586491945963882,14.290434441815592,14.484009700302776,4834800
2014-02-27,14.64570140838623,14.64570140838623,14.310930083603507,14.349644786089337,9280800
2014-02-28,14.755013465881348,14.950866535909048,14.456679037264298,14.632035835574127,11879200
2014-03-03,14.429351806640625,14.54549677399084,14.144681832136964,14.363308164057258,14517200
2014-03-04,15.073848724365234,15.137614536216718,14.855222339093832,14.868885945208275,7664800
2014-03-05,15.060179710388184,15.16493805254,15.016911055741597,15.082954698345757,6802000
2014-03-06,15.192262649536133,15.29474485356515,15.123942917670593,15.201372294615632,6210000
2014-03-07,15.196821212768555,15.379008936327613,15.00779995099309,15.360789642725466,10561200
2014-03-10,15.18088150024414,15.199099058440883,14.928094419457885,15.128501459523381,3594400
2014-03-11,14.957698822021484,15.315244231228732,14.857494437598085,15.260588084037602,10941600
2014-03-12,14.966808319091797,14.982749767591024,14.636590118054121,14.748181995036289,5320800
2014-03-13,14.484010696411133,15.137613707064316,14.342814605583609,15.105730802884938,7755200
2014-03-14,14.326870918273926,14.602432122998009,14.288156217451643,14.38608189269149,9347600
2014-03-17,14.720853805541992,14.827889995574893,14.540942170431663,14.552329664579375,5725600
2014-03-18,15.041962623596191,15.098896620297936,14.775510198541376,14.809670944059963,6560800
2014-03-19,14.796004295349121,15.108001421063417,14.513611347586817,15.044235635880563,9406400
2014-03-20,15.055624008178711,15.087506902634338,14.625203195540287,14.700356477108885,7272800
2014-03-21,14.875715255737305,15.358516194911745,14.841554508687002,15.246924305381572,6010400
2014-03-24,14.688973426818848,15.089789312248827,14.502229958178964,15.046518912049647,5649600
2014-03-25,14.907599449157715,15.051072514226124,14.659368024874414,14.907599449157715,4663200
2014-03-26,14.57282543182373,15.144442347192287,14.570547585575744,15.080676552149493,6104800
2014-03-27,14.502228736877441,14.663921090468074,14.324594932580348,14.52727983620014,6171200
2014-03-28,14.693520545959473,14.91214855445895,14.57965258788094,14.60470367765719,4215600
2014-03-31,15.057905197143555,15.123948846745812,14.932649700055165,14.975920096774395,4538000
2014-04-01,15.35168170928955,15.379008912162362,15.164936556392187,15.210484790325983,4354800
2014-04-02,15.504265785217285,15.570309427276081,15.333463801871734,15.42228069421241,4244400
2014-04-03,15.440500259399414,15.595360796506515,15.308412972972368,15.588527257563609,3248800
2014-04-04,14.905319213867188,15.711504792531821,14.8210580131583,15.700119036010761,7689600
2014-04-07,14.395191192626953,14.85977280372468,14.315483946541287,14.784619512777772,8202800
2014-04-08,14.579654693603516,14.650254019300048,14.228941992313727,14.390634307639818,6736000
2014-04-09,15.055624008178711,15.060177962749185,14.57510100782789,14.693522939022019,5480400
2014-04-10,14.101411819458008,15.06473580359414,14.046755669379152,15.03968470616473,7940000
2014-04-11,13.714261054992676,14.153791567859829,13.67326850890966,13.869121591585445,6743200
2014-04-14,14.044477462768555,14.133295224670142,13.705151339230218,14.039923507665332,6520000
2014-04-15,14.326870918273926,14.356476839854633,13.7097066015349,14.131017830306538,9829200
2014-04-16,14.764124870300293,14.777788473909307,14.433907506095098,14.61381828065015,6716400
2014-04-17,14.82561206817627,14.953145399480121,14.636590786278937,14.720853725043298,5137600
2014-04-21,14.994133949279785,14.998689641222686,14.786895140549973,14.836997326997535,3591200
2014-04-22,15.176321983337402,15.312963191563274,15.010075730200217,15.026017175535115,6145200
2014-04-23,15.092061042785645,15.196821111556543,15.051068501197562,15.16721432527837,3158000
2014-04-24,15.18088150024414,15.310690941392137,14.964531273339036,15.310690941392137,5153200
2014-04-25,14.802838325500488,15.053347549665286,14.698079985849304,15.012355004802858,4324800
2014-04-28,14.946311950683594,15.13077927855194,14.48856300673676,14.978194849329942,7545200
2014-04-29,15.142162322998047,15.21276164663027,14.985025704240519,15.087506183320965,3984800
2014-04-30,15.3015775680542,15.32662865914912,15.010075858026639,15.076117748199895,4364000
2014-05-01,15.290192604064941,15.408616279268166,15.144441724959075,15.26969720113796,4585600
2014-05-02,15.228703498840332,15.481490540627014,15.155828064833466,15.285637485954677,4550400
2014-05-05,15.310689926147461,15.333463175499055,14.873435546154115,15.000968870000635,3796800
2014-05-06,14.923540115356445,15.233261220858784,14.900766862375825,15.192268670498539,5472400
2014-05-07,15.176321983337402,15.185431628884091,14.723127976684827,15.069285820022849,4628000
2014-05-08,15.123947143554688,15.442776122987638,14.978194519044104,15.108003957095413,3796400
2014-05-09,15.185439109802246,15.201380562990503,14.916710514994426,15.110285800134141,6406400
2014-05-12,15.615856170654297,15.647739069042212,15.374456586435047,15.392674144451247,6417200
2014-05-13,15.661401748657227,15.784379379826984,15.622687051109585,15.672789242047733,3362800
2014-05-14,15.449606895446777,15.647737808746134,15.376731456788537,15.63179636083613,2701200
2014-05-15,15.021466255187988,15.360792406515742,14.814227400010399,15.32890950571919,8344400
2014-05-16,15.203652381896973,15.205928490387084,14.873434214654225,15.06245546857724,3570000
2014-05-19,15.353955268859863,15.39266995816071,15.060175724337146,15.110277904602798,3617600
2014-05-20,15.060179710388184,15.331186082197046,14.946311720550865,15.326632127098113,5090800
2014-05-21,15.435943603515625,15.463272545118867,15.18315654052016,15.187712232864474,4451200
2014-05-22,15.556646347045898,15.647741098894473,15.381290383164888,15.454165837146173,2360800
2014-05-23,15.75477123260498,15.775266631694086,15.574859644822714,15.597632889639678,5000800
2014-05-27,16.030336380004883,16.043999983564714,15.900526933723285,15.918746230128216,2926800
2014-05-28,15.987066268920898,16.10776780662822,15.918746512422464,16.023504862376942,3287200
2014-05-29,16.246686935424805,16.246686935424805,15.984791900760952,16.114601363481352,3438000
2014-05-30,16.28767204284668,16.34688386784852,16.153308685616647,16.1988551740875,4064000
2014-06-02,16.369661331176758,16.39699027379529,16.137371400125875,16.385602779999,2597200
2014-06-03,16.346893310546875,16.371944414922634,16.210252028717022,16.248966740029317,2091200
2014-06-04,16.424320220947266,16.47442067924737,16.212525680790936,16.246684689293797,4719200
2014-06-05,16.772754669189453,16.81830116855068,16.324114526782303,16.494916505618267,4975200
2014-06-06,17.00277328491211,17.018714737935547,16.854744513987004,16.884349573176795,2629600
2014-06-09,17.064258575439453,17.18723622412493,16.957222377278697,17.00277061984061,6100800
2014-06-10,17.061979293823242,17.061979293823242,16.888901199109284,16.99138169565012,3623200
2014-06-11,16.90028953552246,16.93900424123771,16.77275792258379,16.893457733041878,5716400
2014-06-12,16.522241592407227,16.859289779003248,16.41520543264796,16.820575089831184,7804400
2014-06-13,16.679380416870117,16.724928649158755,16.465309806319436,16.620170321125993,3983200
2014-06-16,16.711267471313477,16.818303671981198,16.55185296233251,16.5996773150268,5458400
2014-06-17,16.843353271484375,16.888901511056442,16.59056618869438,16.645222338693177,5774000
2014-06-18,17.21455955505371,17.250998140896424,16.738592255523262,16.86156987651131,5672400
2014-06-19,17.276050567626953,17.314765264957213,17.10297074649088,17.27377272146413,8091600
2014-06-20,17.383089065551758,17.414971966128235,17.323877219843546,17.383089065551758,4066800
2014-06-23,17.371702194213867,17.410416898090883,17.273775642503406,17.399031140326496,5683200
2014-06-24,17.055150985717773,17.531120187390975,16.995939131983498,17.27377736394278,6796000
2014-06-25,17.273775100708008,17.33298694668426,16.94128075212836,16.950390400546844,8426400
2014-06-26,17.24188995361328,17.278328542539782,16.9002860011213,17.278328542539782,4283200
2014-06-27,17.328428268432617,17.35347936289576,17.096138354986838,17.112079802600885,4108000
2014-06-30,17.31704330444336,17.430911289030057,17.269218959415454,17.31932115063161,4178000
2014-07-01,17.66547966003418,17.82034019383796,17.43318972807231,17.444575484425645,6634400
2014-07-02,17.708751678466797,17.774795326338676,17.642708030594918,17.663203436406306,3714400
2014-07-03,17.968366622924805,17.99113987019973,17.822615755380408,17.85222080308907,2851600
2014-07-07,17.795289993286133,17.90688014109748,17.706473096815593,17.87044328644973,3352800
2014-07-08,17.451406478881836,17.706471386732858,17.307933445552376,17.679142445270685,6580800
2014-07-09,17.66547966003418,17.71558185295417,17.460516933310405,17.576662768035145,4166000
2014-07-10,17.453683853149414,17.597156882599815,17.109802066703228,17.1644599481498,4504000
2014-07-11,17.540224075317383,17.565275171631107,17.310211990964262,17.433189626280466,4317600
2014-07-14,17.795289993286133,17.865887593688946,17.64953909971972,17.795289993286133,3899200
2014-07-15,17.69281005859375,17.92054605425082,17.46279621648354,17.820341660165624,5163200
2014-07-16,17.881826400756836,17.968367175545485,17.74290906686114,17.934206434838778,6401600
2014-07-17,17.276050567626953,17.922819878864985,17.200897281641712,17.729244654726138,12268000
2014-07-18,17.788455963134766,17.852221753895673,17.41269128187944,17.433188421759723,5028800
2014-07-21,17.695083618164062,17.745185807988253,17.455961899667933,17.624486025677705,4568000
2014-07-22,17.934206008911133,18.02302289014675,17.84311128168585,17.893213468534125,7155600
2014-07-23,18.050352096557617,18.10956219326558,17.90687733437214,18.00024990896824,5906400
2014-07-24,18.050352096557617,18.16422007290168,17.993418108385587,18.111840039288943,4001200
2014-07-25,17.804401397705078,17.943320503322237,17.695087348002705,17.89549614954241,3288000
2014-07-28,17.811229705810547,17.893214792631454,17.503786498975906,17.808951859652318,4032800
2014-07-29,17.5903263092041,17.986588158648303,17.5857723541762,17.927376318359926,5811600
2014-07-30,17.594881057739258,17.84311242440089,17.380808695673252,17.78162447864125,7655600
2014-07-31,16.53818702697754,17.271495402420104,16.53363133451286,17.225948902698857,9218000
2014-08-01,16.39243507385254,16.704432225320133,16.16014342295534,16.403820829296535,7463200
2014-08-04,16.743148803710938,16.850184994345753,16.276291078319684,16.499471369973502,4571200
2014-08-05,16.246686935424805,16.6679999650763,16.07816276605698,16.53363480893388,6860000
2014-08-06,16.271738052368164,16.481256512783073,16.021228776043507,16.02806057869513,5022000
2014-08-07,15.998458862304688,16.53819397183838,15.891422631775834,16.49947751958082,6742800
2014-08-08,16.549571990966797,16.588286687625413,15.98934173127222,16.103209712612276,5894400
2014-08-11,16.69760513305664,16.920787200040504,16.68166368094979,16.7477073361033,5305600
2014-08-12,16.640666961669922,16.788695687027836,16.488084281487737,16.647498762650088,3828400
2014-08-13,16.986827850341797,17.02554429184525,16.7477060865796,16.83424514334766,5772800
2014-08-14,17.20090103149414,17.20773283398442,17.00504791849586,17.050596164244247,2928800
2014-08-15,17.20772933959961,17.444574956931092,16.829688532840514,17.39675061172294,6918800
2014-08-18,17.61081886291504,17.651811397438,17.45595836999354,17.48784125934616,3976400
2014-08-19,17.877277374267578,17.941043181171356,17.70192140528219,17.736080417917837,3942000
2014-08-20,18.03441619873047,18.105013809791366,17.820343781335527,17.820343781335527,3469600
2014-08-21,18.20294189453125,18.266707708251015,18.052635272916277,18.095905676863882,5217600
2014-08-22,18.10500717163086,18.24620407947109,17.98886135610885,18.152831510378196,4864800
2014-08-25,18.385129928588867,18.476222947933778,18.300866974458057,18.389683884560924,3058400
2014-08-26,18.42612075805664,18.55820631874198,18.410177569926404,18.43750651566534,3016000
2014-08-27,18.410175323486328,18.489884304460052,18.31680447754189,18.44661391335861,2183600
2014-08-28,18.37601661682129,18.401067713394852,18.16649819661624,18.21887823603941,4418800
2014-08-29,18.521764755249023,18.53087440151377,18.282641318889702,18.462552923271858,3538400
2014-09-02,18.485332489013672,18.60831014939403,18.289479371091765,18.60831014939403,3398800
2014-09-03,18.462554931640625,18.717619842337538,18.39423344596666,18.701678394011953,5055600
2014-09-04,18.357791900634766,18.756329744362127,18.230260346637884,18.542257432306982,6739200
2014-09-05,18.624244689941406,18.642463981937567,18.15966316896315,18.35551621420361,3683200
2014-09-08,18.48988151550293,18.647018132534264,18.321355668994926,18.569588746966264,4297200
2014-09-09,18.12778663635254,18.46711281575965,18.01847432100095,18.442063452336182,7027600
2014-09-10,18.33957862854004,18.36462972593616,17.975201399352354,18.13233978529391,4145600
2014-09-11,18.389680862426758,18.398790510361778,18.068572288296178,18.100456924812587,3218400
2014-09-12,18.066295623779297,18.339578103474004,17.913712934907878,18.3350241483904,6794400
2014-09-15,18.025299072265625,18.114115945302775,17.861328925893275,18.07084556293028,2503200
2014-09-16,18.435224533081055,18.521765306427778,17.897767549878733,17.922818643480426,6522400
2014-09-17,18.498991012573242,18.76088595134481,18.239370444704015,18.519486413004135,6050800
2014-09-18,18.781387329101562,18.808714535845116,18.612863183394694,18.678905091350096,4058400
2014-09-19,18.749500274658203,19.036446306804134,18.63790841355857,18.972680521882815,4706400
2014-09-22,18.307693481445312,18.653853109781938,18.196103348784973,18.647019571568574,4564800
2014-09-23,17.997974395751953,18.33957836906114,17.98658863913424,18.10956454053641,6526000
2014-09-24,18.43067169189453,18.44661313992336,17.86816358111121,18.013914459514073,6843200
2014-09-25,17.528839111328125,18.280366822245796,17.51517550817127,18.26442537273357,7309200
2014-09-26,17.94331932067871,18.061741274020545,17.547059174414866,17.608547128796868,6161600
2014-09-29,17.83400535583496,17.927377948529777,17.426357713009043,17.474183801332778,4917600
2014-09-30,17.68142318725586,18.03896864354486,17.588052329237875,17.88410809153822,6744000
2014-10-01,16.97088623046875,17.624489186554072,16.861573921690827,17.603993780216143,9438000
2014-10-02,16.973161697387695,17.159905124732635,16.45392395976945,16.923059505602147,9985200
2014-10-03,17.531118392944336,17.644986395207585,17.16673939571168,17.328431750426954,8934000
2014-10-06,17.474184036254883,17.82489594710025,17.289716694850167,17.75885403612065,8542000
2014-10-07,16.670276641845703,17.31932571503279,16.665722685756595,17.194070203982086,7875200
2014-10-08,17.544782638549805,17.60399448838771,16.43343152133192,16.688494743732935,10558400
2014-10-09,16.488082885742188,17.51289464571596,16.453922146245585,17.44229532075968,12331600
2014-10-10,15.93696403503418,16.722652440973157,15.914189047915599,16.47441932877873,11327200
2014-10-13,15.133056640625,16.075883550075446,15.108005541401472,15.916469043641914,10665600
2014-10-14,15.237817764282227,15.713785206843125,15.04196465024138,15.372181180607406,13162400
2014-10-15,14.827888488769531,15.000968304797984,13.800798823076828,14.575101434269914,27246000
2014-10-16,14.83016586303711,15.158104453383187,14.049030607153114,14.090023148132302,18242000
2014-10-17,15.392672538757324,15.679620331803108,15.176324074052449,15.342572087579462,14357200
2014-10-20,15.827651977539062,15.852703076502536,15.271975582331526,15.285640923803832,8958000
2014-10-21,16.752256393432617,16.7886949804433,16.114596758132812,16.153311453716068,10132800
2014-10-22,16.406099319458008,16.97543923863345,16.385602178874166,16.859293408625145,8679600
2014-10-23,16.977718353271484,17.289715540297998,16.81374816630016,16.888901458243296,9526400
2014-10-24,17.33981704711914,17.37625563721746,16.866125800766643,17.052869231301507,6220800
2014-10-27,17.282882690429688,17.53566975709592,16.99138092571234,17.17357039740447,7809200
2014-10-28,17.86588478088379,17.88638192010484,17.444573616203126,17.476456510558155,9072800
2014-10-29,17.806676864624023,18.075405391012914,17.444575752271025,17.92054485483139,8112000
2014-10-30,18.157384872436523,18.291748225369666,17.60854049523262,17.644979074833742,7333200
2014-10-31,18.760889053344727,18.801881598471706,18.517211628836474,18.7996054897057,8757600
2014-11-03,18.783660888671875,18.972680396298237,18.662959382312813,18.833761335430335,5878800
2014-11-04,18.61286163330078,18.73583752838067,18.309972375541346,18.649298485086934,6554000
2014-11-05,18.943077087402344,19.01139856991081,18.694843989276563,18.99545712232383,6819600
2014-11-06,19.17536735534668,19.200418450230924,18.742670416409734,18.974960333760226,5643200
2014-11-07,19.220914840698242,19.28923458431905,19.015952134860935,19.166258698304105,4432000
2014-11-10,19.403104782104492,19.414492276088456,19.159427353241362,19.225470995875547,5717600
2014-11-11,19.448652267456055,19.496476612859084,19.30973318617163,19.43271081898838,4769600
2014-11-12,19.3985538482666,19.47142930364623,19.209532538614223,19.211810385263313,5037200
2014-11-13,19.450925827026367,19.639945320775855,19.177641679609117,19.45547978094742,5434000
2014-11-14,19.462312698364258,19.535188127696923,19.32567148555142,19.428151960789226,4043200
2014-11-17,19.501035690307617,19.560247544807403,19.302906455520215,19.346175119876808,4699200
2014-11-18,19.842634201049805,19.942838582636085,19.526081345570464,19.526081345570464,4104400
2014-11-19,19.737873077392578,19.840355290676182,19.48280994208185,19.78114346105592,4393200
2014-11-20,19.849468231201172,19.8836272371448,19.44865243241593,19.462316034793382,3308400
2014-11-21,20.175128936767578,20.46663244058015,19.97016795184303,20.44385745337735,7063200
2014-11-24,20.336822509765625,20.38009116192255,20.23889597464069,20.314047523118518,8334400
2014-11-25,20.300384521484375,20.496237597526413,20.209289784664517,20.423362155568043,8815200
2014-11-26,20.446134567260742,20.482573155490005,20.266222947225657,20.33909838619667,2822000
2014-11-28,20.318599700927734,20.503065245946985,20.2275049825586,20.39830692794301,2486000
2014-12-01,19.88134765625,20.11135969770896,19.77658759802663,20.07720069773099,4555200
2014-12-02,20.26167106628418,20.33682435908357,19.895015987764644,19.897293834133997,2600400
2014-12-03,20.496240615844727,20.573670024177087,20.277614257774257,20.314051115375413,4533600
2014-12-04,20.418807983398438,20.610105364946445,20.15235557697432,20.40058868873075,5350400
2014-12-05,20.52812385559082,20.671596916766937,20.405146201373633,20.493963106504733,3882000
2014-12-08,20.11591911315918,20.56683537121334,19.920066035422487,20.39603338975606,4392000
2014-12-09,20.06353759765625,20.11136194044586,19.323395732483156,19.45548300541873,10628400
2014-12-10,19.11387825012207,19.92461767176242,19.045556770494834,19.904122270366692,8655600
2014-12-11,19.384885787963867,19.956501803864256,19.2619081594967,19.318842150222935,7442800
2014-12-12,18.442058563232422,19.28468090917755,18.442058563232422,18.961296267219144,7490400
2014-12-15,18.06401824951172,18.90208674329213,17.861333361986276,18.760889807184025,7934000
2014-12-16,17.633594512939453,18.856537178487514,17.61765306608817,17.808950428303564,10262000
2014-12-17,18.667516708374023,18.808711889987425,17.736075738999876,17.77706828083642,8040400
2014-12-18,20.036211013793945,20.065816063820243,19.26418449208281,19.503307950907832,9425200
2014-12-19,20.29355239868164,20.546339464044102,20.04987498060556,20.268501303015988,5274400
2014-12-22,20.575944900512695,20.58505454796993,20.300384580509906,20.389201471358426,3778400
2014-12-23,20.662487030029297,20.81506972554088,20.600997340055088,20.8059600774896,4460800
2014-12-24,20.68526268005371,20.842399349068472,20.662489426028607,20.764969937885535,1291600
2014-12-26,20.869720458984375,20.99269806952247,20.81278647655862,20.835559722031473,2223200
2014-12-29,20.947160720825195,21.020036180636676,20.783190501877364,20.792300151539802,2677600
2014-12-30,20.610109329223633,20.84467714635375,20.58278038196548,20.783189186882787,3138400
2014-12-31,19.977006912231445,20.78546886052202,19.95878761093493,20.723980890506535,4766000
2015-01-02,19.95878028869629,20.389201133361638,19.59895703879468,20.238896296527937,4748800
2015-01-05,18.888418197631836,19.658164999538528,18.77910418900935,19.59212137271266,7138400
2015-01-06,18.36690902709961,19.16398503923361,18.08223902276604,19.002292685270678,9798400
2015-01-07,19.050113677978516,19.141208410798104,18.637910402904573,18.80643626674144,7011600
2015-01-08,20.06353759765625,20.12274943336659,19.507863040371625,19.526080596562327,7421200
2015-01-09,19.55341148376465,20.1933490349057,19.343894798069112,20.188795079776515,8158000
2015-01-12,19.095659255981445,19.66044518227231,18.89980619797241,19.59895550214829,7129600
2015-01-13,18.924856185913086,19.89045608090473,18.50126720031791,19.521524971667677,10916400
2015-01-14,18.587814331054688,18.651580137809823,17.952430635193853,18.243932458924718,11448400
2015-01-15,18.0867919921875,18.91347475169085,18.04807729070607,18.79960675616589,11251200
2015-01-16,18.76544189453125,18.84059517209279,17.943315008144012,18.00935863956288,7074400
2015-01-20,18.895254135131836,19.091107212748838,18.380570344825227,18.990902827692437,5662000
2015-01-21,19.18903160095215,19.346168224694207,18.603750279944272,18.74266934820766,6768400
2015-01-22,20.036211013793945,20.086311466725945,18.972682734173752,19.439542158551166,9117600
2015-01-23,19.701440811157227,20.040766946828562,19.665002219077987,19.936008600832302,6044400
2015-01-26,19.856298446655273,19.88362564922781,19.38943904451668,19.649057893880475,3482800
2015-01-27,19.05922508239746,19.46003916378137,18.776831210869382,19.129822681535646,9183200
2015-01-28,18.314529418945312,19.505589510000263,18.27353686784334,19.46004126572704,8742800
2015-01-29,18.82921600341797,18.920310767625406,17.934213289744527,18.378297876209626,6866800
2015-01-30,18.125511169433594,18.879318667439502,18.036694249991424,18.419290878930063,9065200
2015-02-02,18.77227783203125,18.81554822637357,17.68597791804379,18.30086439954798,6718400
2015-02-03,19.58301544189453,19.59895689018765,18.963573329669014,19.091106653501505,7803600
2015-02-04,19.3712215423584,19.75381805113883,19.216361009340424,19.31656539467194,6949200
2015-02-05,19.972442626953125,20.013435168493107,19.58529219712129,19.596679689905297,5912000
2015-02-06,19.77659034729004,20.28444231323853,19.61262191213971,20.077203488784452,6533600
2015-02-09,19.51925277709961,19.81303243200372,19.389443323768752,19.51925277709961,5257600
2015-02-10,20.13641357421875,20.22523046141941,19.58073900205084,19.881350405842504,4913600
2015-02-11,20.184240341186523,20.33682477628486,19.854023847851604,20.095423443324368,4178800
2015-02-12,20.746747970581055,20.77863086961202,20.4028661453326,20.46890978975036,4485200
2015-02-13,21.0268611907959,21.0291372993602,20.712584460176803,20.79229343460118,4304400
2015-02-17,21.117958068847656,21.177168172317167,20.815068800186765,20.908439647957998,2864400
2015-02-18,21.124784469604492,21.1430020227521,20.881107104197493,20.976755773799376,2683600
2015-02-19,21.086076736450195,21.197668634482394,20.84923281049558,20.908442923240283,2597200
2015-02-20,21.455007553100586,21.464117201260127,20.692092328988355,20.91299651876594,5070000
2015-02-23,21.445892333984375,21.445892333984375,21.218156401617577,21.363907259333345,2275600
2015-02-24,21.621253967285156,21.69412940959956,21.311532903077033,21.41856908905173,3018400
2015-02-25,21.562044143676758,21.751065437116228,21.445898299366178,21.566598099096417,2923600
2015-02-26,21.482332229614258,21.584812710445423,21.263705929683688,21.534710524265783,2834800
2015-02-27,21.263710021972656,21.536992515108366,21.25004468107447,21.45272957327246,2372800
2015-03-02,21.664522171020508,21.680463619399237,21.28192567244346,21.300144967015598,2714400
2015-03-03,21.393516540527344,21.53926741526158,21.076963696574474,21.507384520006433,4570400
2015-03-04,21.129344940185547,21.204498234117292,20.796850602245744,21.15667388456647,3907200
2015-03-05,21.183996200561523,21.30014201550539,21.010918138571935,21.247763722727885,2823200
2015-03-06,20.29355239868164,21.026862499103377,20.172852612740343,20.86517016911715,6672400
2015-03-09,20.5440616607666,20.667039293158282,20.32543533789947,20.3527642798157,2712800
2015-03-10,19.546581268310547,20.079482673534322,19.544303421817308,20.047599772580135,6690800
2015-03-11,19.40083122253418,19.692333036955052,19.37805623157366,19.633121187935856,4090800
2015-03-12,20.15463638305664,20.166023878268184,19.603515669579174,19.612625318250846,4315600
2015-03-13,19.767486572265625,20.097703095266347,19.409941102279948,20.04076909216361,7766400
2015-03-16,20.575944900512695,20.58961024044234,20.015714613049887,20.027102106743325,4949600
2015-03-17,20.3778133392334,20.50306706781949,20.088587713022775,20.284440766799097,4714400
2015-03-18,21.111122131347656,21.347967730778148,19.98382985988744,20.21156581270667,7736800
2015-03-19,20.803680419921875,21.056467484502,20.685258480540558,20.95170914726419,5855600
2015-03-20,21.359357833862305,21.54837911480061,21.133899699513233,21.158950796383976,7083600
2015-03-23,21.24321174621582,21.57342995675203,21.24321174621582,21.373021184154158,3964400
2015-03-24,20.869720458984375,21.359353055343284,20.853779013404655,21.17944146237944,3142800
2015-03-25,19.96788787841797,21.04507967092547,19.951946431646657,20.967648545545256,6795600
2015-03-26,19.8221378326416,20.131858872017833,19.48281174446009,19.7401527494251,5020800
2015-03-27,19.9405574798584,20.0179885995714,19.717377241394693,19.776587332218874,3301200
2015-03-30,20.678430557250977,20.780911067520307,20.302665790450295,20.302665790450295,3756400
2015-03-31,20.14097023010254,20.632879033710637,20.120473088813082,20.382369808147132,5350000
2015-04-01,19.945119857788086,20.12730762041793,19.573909055358673,20.11819797166326,6756400
2015-04-02,20.106813430786133,20.286725095232214,19.835807010767763,19.88135525729788,2658000
2015-04-06,20.532678604125977,20.712588515225494,19.776593415764605,19.810754163279018,4580800
2015-04-07,20.366424560546875,20.812786780791026,20.357314914727123,20.54633615614059,8103200
2015-04-08,20.573665618896484,20.723972185222856,20.307214964940613,20.4597976398568,3964800
2015-04-09,20.86061668395996,20.926660330658517,20.34821069792525,20.53040018795491,3760400
2015-04-10,21.179447174072266,21.197666470358843,20.87428177996684,20.9312157777466,3034800
2015-04-13,20.892498016357422,21.35024781602963,20.88566621505431,21.129343640628424,2737200
2015-04-14,21.008644104003906,21.07696559283312,20.60327433858592,20.867447171251094,3308000
2015-04-15,21.304702758789062,21.475504752886824,21.152118323571052,21.206776212673507,2891600
2015-04-16,21.27054214477539,21.457285589984316,21.10884979785564,21.190834894531534,3704400
2015-04-17,20.539508819580078,20.92438144854924,20.26167064290623,20.837842400686757,5562000
2015-04-20,21.090625762939453,21.218157334677077,20.842392682250313,20.881109112945538,3237600
2015-04-21,21.022306442260742,21.395793287089507,20.924379907489328,21.338859295652348,2501600
2015-04-22,21.34341812133789,21.395796428156597,20.819624628224105,21.147565023042322,2893600
2015-04-23,21.484609603881836,21.732842703445762,21.154393157315244,21.197663545653793,3532000
2015-04-24,21.644027709960938,21.730566756714502,21.480057526648807,21.6554134664485,3410400
2015-04-27,21.36163902282715,21.889986511116227,21.3047050187551,21.855825761175414,4161600
2015-04-28,21.5574893951416,21.58937229436951,20.928937583599968,21.368468108656362,3145200
2015-04-29,21.30242156982422,21.521047879466334,21.00864197757428,21.236377933970747,4552400
2015-04-30,20.669315338134766,21.23865521395116,20.409696493761484,21.108845791764516,5361600
2015-05-01,21.309255599975586,21.34113849820781,20.91071763458517,20.9585419819335,3911600
2015-05-04,21.514219284057617,21.716904176448388,21.429956342141566,21.48461249332315,2504000
2015-05-05,20.75813865661621,21.548382927292742,20.723977905976902,21.418573464853726,5709200
2015-05-06,20.519010543823242,21.074686866465463,20.129582243729537,20.969928528792966,5902800
2015-05-07,20.75358009338379,20.906164526808162,20.36187565101379,20.47346579934935,2841200
2015-05-08,21.564319610595703,21.639471160397875,21.32747399268983,21.33430579380934,5646400
2015-05-11,21.256874084472656,21.655412022198355,21.238656527809997,21.5210486371877,2749200
2015-05-12,21.05646514892578,21.265981800161892,20.65792724739547,20.951706823307727,4905600
2015-05-13,21.081518173217773,21.455005016157372,21.00181093310643,21.229546897703138,3053600
2015-05-14,21.730567932128906,21.767006524830418,21.34341744085787,21.443621833299296,4100000
2015-05-15,21.803443908691406,21.860377908052143,21.628087955154957,21.773838854519422,2512000
2015-05-18,22.00840187072754,22.104050551868863,21.732841582208547,21.744229074600923,2219200
2015-05-19,21.974245071411133,22.149602755769042,21.883150328399413,22.074449462472796,2594800
2015-05-20,21.92869758605957,22.21564540556812,21.805719949127337,22.038009882785364,3259200
2015-05-21,22.12455177307129,22.204259022063205,21.8262164447191,21.87859648690677,2053200
2015-05-22,21.960575103759766,22.14048669125922,21.94463365866423,21.99245799395084,3253200
2015-05-26,21.28420066833496,21.812547977759646,21.111120868053003,21.7874968854496,4937600
2015-05-27,21.853544235229492,21.94463897390554,21.311533233212817,21.439064824866712,3112800
2015-05-28,21.801166534423828,21.828493740538804,21.53243800353796,21.757896141424883,2888800
2015-05-29,21.375293731689453,21.764721948968752,21.279645061653245,21.764721948968752,3533200
2015-06-01,21.500553131103516,21.74195269622748,21.21815928559481,21.628084714567116,3552400
2015-06-02,21.425399780273438,21.694128285664373,21.113400885988725,21.327473246847397,4184000
2015-06-03,21.61441993713379,21.842155888067726,21.439062281921707,21.634915338723882,3149200
2015-06-04,21.1065731048584,21.566599072468033,20.94715859565898,21.368469859247018,6186800
2015-06-05,20.94260025024414,21.19083336883154,20.723973920678358,21.026863187285297,5020800
2015-06-08,20.564559936523438,20.965374015156794,20.53495314677498,20.910717865795455,3946800
2015-06-09,20.53495216369629,20.74219273206352,20.332267287758874,20.5668350607547,4368000
2015-06-10,21.28876304626465,21.42540430519692,20.794574582519253,20.865173927333096,6863600
2015-06-11,21.489164352416992,21.63036126672466,21.366186731082074,21.452725766471502,3692400
2015-06-12,21.004093170166016,21.238660984739152,20.899333075562357,21.188558784055978,4469600
2015-06-15,20.69892120361328,20.828730630926295,20.33682186228817,20.610104318477408,7172800
2015-06-16,21.06102180480957,21.092904699392367,20.607826005048857,20.66703783962581,3422400
2015-06-17,21.161230087280273,21.37758034392566,20.796852810941825,21.18855903456362,6564400
2015-06-18,21.801166534423828,21.98790997198942,21.34341671963356,21.388963221483635,6645200
2015-06-19,21.414011001586914,21.755614925008985,21.414011001586914,21.746505278552576,2579200
2015-06-22,21.853544235229492,22.069894456771063,21.789778439402546,21.87176353046223,4542000
2015-06-23,21.905925750732422,22.022069856320055,21.762450962966444,21.953750100825165,2542000
2015-06-24,21.43222999572754,21.942358027763344,21.42539819535232,21.7988850074216,2460800
2015-06-25,21.22954750061035,21.65313654578892,21.21816000706211,21.609866155290685,2606000
2015-06-26,21.220441818237305,21.436790336177335,21.020034751750877,21.37074668373015,3094800
2015-06-29,19.88590431213379,20.912993996536457,19.86996286414916,20.698921634324975,8873600
2015-06-30,20.033933639526367,20.466632331765314,19.84491236666862,20.439303389759804,9398400
2015-07-01,20.464357376098633,20.637437224938818,20.22295776882603,20.575947531113048,6888800
2015-07-02,20.414255142211914,20.701202992099017,20.277613888094947,20.644268991426298,3220400
2015-07-06,20.24800682067871,20.514457500345955,19.901847158002123,19.96105899931295,4530400
2015-07-07,20.610109329223633,20.669321179539008,19.489648553957963,20.316329661778138,8124800
2015-07-08,19.58757209777832,20.2480067863143,19.510140961197482,20.152356354362954,7502800
2015-07-09,19.68321990966797,20.39375675986933,19.671832416200097,20.30266202458902,6830000
2015-07-10,20.421083450317383,20.569112174236814,20.150078834974902,20.432470943498693,8656400
2015-07-13,21.095184326171875,21.143008676022156,20.858338685850672,20.894777278586734,3820000
2015-07-14,21.373022079467773,21.491445765961384,21.08152029346457,21.10201743583326,5274400
2015-07-15,21.354801177978516,21.557487790104712,21.186277046394306,21.384407966119877,4928000
2015-07-16,21.81483268737793,21.862657041156915,21.650862481571192,21.71462828660984,5479600
2015-07-17,21.91503143310547,21.937804680815933,21.71462268328355,21.862651399632714,2383600
2015-07-20,21.95603370666504,22.120002205356915,21.83760998609579,21.992470571656057,2951200
2015-07-21,21.687292098999023,21.985625593703553,21.577978094553373,21.889976925743085,3416000
2015-07-22,21.555208206176758,21.680461937295224,21.407179489866365,21.407179489866365,2295600
2015-07-23,21.20221519470215,21.63491381857103,21.076961472981747,21.63263597272526,2962800
2015-07-24,20.539508819580078,21.243212171576406,20.42108513567598,21.238658216420554,6037600
2015-07-27,20.179685592651367,20.405143729325072,20.027102901038237,20.211568491272388,5925600
2015-07-28,20.903888702392578,20.974486309955747,20.18651991872803,20.4871313843842,5798000
2015-07-29,21.34341812133789,21.420847527065643,20.91755117737189,20.960821573212566,5621200
2015-07-30,21.35707664489746,21.41856632304268,20.935765494129242,21.147559992486627,4550800
2015-07-31,21.254602432250977,21.555213898807768,21.161229833269605,21.548382096440914,3224000
2015-08-03,21.038246154785156,21.259150301335552,20.70802972668629,21.24320885454776,3369200
2015-08-04,20.901609420776367,21.17944761370691,20.746748874101367,21.004091661399865,3008000
2015-08-05,21.117958068847656,21.498276736270657,21.022307637305314,21.24093396835364,4131600
2015-08-06,20.628324508666992,21.22726948221201,20.393756738371557,21.16805764371909,3630800
2015-08-07,20.4848575592041,20.596449477728225,20.166028470530097,20.562288721802233,4771200
2015-08-10,21.240934371948242,21.284204764718435,20.89933039741555,20.89933039741555,4354800
2015-08-11,20.676149368286133,20.91754894566795,20.402865155931856,20.769520214495333,6183600
2015-08-12,20.751300811767578,20.81962055566538,19.6991600758619,20.18879272582301,8799200
2015-08-13,20.660207748413086,20.933490221016136,20.491683614890793,20.70347813927881,6754400
2015-08-14,20.890222549438477,20.91754975549056,20.560004330578618,20.596442921964947,3211200
2015-08-17,21.22271728515625,21.23410304206762,20.51901217849594,20.685260214288814,4848000
2015-08-18,21.04052734375,21.265985480566815,20.97220585381149,21.154395335322405,3184800
2015-08-19,20.54178237915039,21.056466122271804,20.268499929034785,20.778627980078053,10591600
2015-08-20,19.24596405029297,20.213841758802438,19.24596405029297,20.011156918842964,12504800
2015-08-21,17.428632736206055,18.95901866500049,17.428632736206055,18.63563401888276,19191200
2015-08-24,15.322080612182617,17.08020313263308,14.575106673180228,14.841557425052157,19086800
2015-08-25,14.755013465881348,16.879790448573402,14.695801628143604,16.879790448573402,14598000
2015-08-26,16.48353385925293,16.52908210949585,15.016914951192726,15.909639806096866,14174400
2015-08-27,17.68370246887207,17.699643920924338,16.638393223625478,17.123472062836417,11291600
2015-08-28,17.68597412109375,17.82033749311822,17.314763422983216,17.467346087396972,6908000
2015-08-31,17.237337112426758,17.624487588602683,17.073366926638666,17.378532309920544,6413200
2015-09-01,15.697835922241211,16.481247987499096,15.424553532609746,16.062213020912182,13851200
2015-09-02,16.581453323364258,16.59739476974933,15.85953080673161,16.417483167696467,7672400
2015-09-03,16.60194969177246,17.2578285465447,16.474416389117966,16.779583439680323,9458400
2015-09-04,15.866368293762207,16.180645117263733,15.613581169418792,15.941521598294136,8290000
2015-09-08,17.08247947692871,17.098420928950727,16.504029773220218,16.69077324154438,7239600
2015-09-09,16.369661331176758,17.583494500386685,16.25807118942107,17.558443404024935,9210000
2015-09-10,16.633834838867188,16.982270582014642,16.244406553144294,16.289953050455892,7876000
2015-09-11,16.859294891357422,16.86612669299036,16.299064570116457,16.504027306543076,5948800
2015-09-14,16.661161422729492,16.91394670578163,16.524518475150277,16.902560951808198,3828000
2015-09-15,17.312490463256836,17.430914159723205,16.68849429145247,16.82285943888687,5943200
2015-09-16,17.756576538085938,17.806678737043583,17.29199488068937,17.37170213471843,8546400
2015-09-17,17.629043579101562,18.460278541257672,17.50606593768277,17.71330478225851,13971600
2015-09-18,16.74997901916504,17.323872821317913,16.642942849768563,16.825130558592768,9870400
2015-09-21,17.01187515258789,17.335261529351012,16.69987800606328,17.027816599946902,7126800
2015-09-22,16.36510467529297,16.506301582621166,16.01894507587136,16.355995029256892,9630400
2015-09-23,16.276288986206055,16.556403237938085,16.11231882056416,16.396988764390382,5939200
2015-09-24,16.123706817626953,16.244406599586508,15.515650478104991,15.909634457177928,14954000
2015-09-25,16.069047927856445,16.624724196729396,15.827648379077985,16.540461270510782,11768800
2015-09-28,14.848384857177734,15.834482044740835,14.780065107252323,15.804876993521916,14869200
2015-09-29,14.889379501342773,15.281085711096136,14.620650943778571,14.953147042746217,10466800
2015-09-30,15.729726791381836,15.77071934437576,15.205933251735912,15.442778920424368,13527200
2015-10-01,15.857254028320312,15.934685157037077,15.278804490212565,15.827648979465717,9817200
2015-10-02,16.53818702697754,16.549572783164056,15.098895743442531,15.246922736280375,13874800
2015-10-05,17.430906295776367,17.503781715536473,16.891171577952196,16.916222666384144,13699600
2015-10-06,17.257827758789062,17.574380548942028,17.04831112915305,17.410410408361777,6744400
2015-10-07,17.68370246887207,17.79073867728928,17.175850374941884,17.5516151590173,7870800
2015-10-08,18.1664981842041,18.246207166422412,17.467348801873282,17.55161173915294,8596800
2015-10-09,18.18927574157715,18.341858451258094,17.991144787410036,18.18927574157715,5870400
2015-10-12,18.259878158569336,18.303148567857235,18.08224430200181,18.20294414108034,3807200
2015-10-13,17.88866424560547,18.410178178498995,17.836284198912967,17.997976557199063,5470800
2015-10-14,17.626766204833984,18.054909246157422,17.54022541550607,17.859056153187996,6939200
2015-10-15,18.428394317626953,18.444335766063976,17.724691002708628,17.847668635288905,8169600
2015-10-16,18.667516708374023,18.694843911273406,18.32819061830274,18.565034485038925,5782000
2015-10-19,18.71078872680664,18.719896636908487,18.378292670997837,18.501270307224186,4380400
2015-10-20,18.631078720092773,18.849705037752994,18.49671533488507,18.583254375994056,4898000
2015-10-21,18.298582077026367,18.836039024013854,18.243925938981608,18.79276864025613,5779200
2015-10-22,19.207250595092773,19.28695957341788,18.56503523857823,18.606027782078627,7288800
2015-10-23,19.851747512817383,19.97700301292206,19.52153099434194,19.774318103652938,6599600
2015-10-26,19.701440811157227,19.8153088051733,19.594404618784086,19.790257707490746,5123200
2015-10-27,19.5898494720459,19.71282711750946,19.375778818820663,19.491922924963124,5005600
2015-10-28,20.2593936920166,20.2685033402186,19.485090969724187,19.71738265515578,7420800
2015-10-29,20.234336853027344,20.352760508566885,20.04759346158783,20.08630815234654,4636400
2015-10-30,19.9542236328125,20.398308019582785,19.906399294043958,20.286717895789515,4356000
2015-11-02,20.65565299987793,20.735361984059967,20.03848869334772,20.065817636851932,3650400
2015-11-03,20.831008911132812,21.04735738200069,20.466631716124404,20.5326753542021,4374400
2015-11-04,20.657936096191406,20.997262311204913,20.478024415080053,20.951715797943756,4839600
2015-11-05,20.578227996826172,20.84695658416806,20.289002263104223,20.678432406933055,4829600
2015-11-06,20.548620223999023,20.646546774353983,20.09542432904888,20.466635124283812,6540400
2015-11-09,19.970165252685547,20.39603035101192,19.66499818778759,20.35276170364745,6684800
2015-11-10,20.097698211669922,20.134136798795545,19.724211381069615,19.815306111396207,4207600
2015-11-11,19.85857391357422,20.232060728222628,19.85857391357422,20.222952819317694,7607200
2015-11-12,19.054668426513672,19.68322019791625,19.04555877910348,19.530637513142597,7788400
2015-11-13,18.410175323486328,18.99318059902972,18.376016317340554,18.902085861836603,8350800
2015-11-16,19.248245239257812,19.252800932081456,18.309974066164063,18.34868876772638,7519200
2015-11-17,19.184476852416992,19.646780574870018,19.03189417566907,19.34389306747881,10901200
2015-11-18,20.097698211669922,20.15463220093811,19.339337057620682,19.359834197250713,7917600
2015-11-19,20.043045043945312,20.207015235377767,19.95878210182371,20.07265009726428,7911600
2015-11-20,20.29127311706543,20.50762331546513,20.145522245769023,20.302660609739732,5368000
2015-11-23,20.18651580810547,20.4711857644895,20.043042775583427,20.29127414355629,4590800
2015-11-24,20.27760887145996,20.423359738124663,19.719654760411203,19.851742026290896,5227200
2015-11-25,20.266225814819336,20.391481307721214,20.184240717190427,20.32999161575565,3293200
2015-11-27,20.339099884033203,20.40742137325073,20.13413889135591,20.29355338287995,2054800
2015-11-30,20.077207565307617,20.441584835438235,20.049878618489867,20.402868393074453,3728000
2015-12-01,20.664758682250977,20.698919420704055,20.211564648736328,20.27988612564248,4857600
2015-12-02,20.008880615234375,20.74902244937693,19.931449489092163,20.641986275364484,6247600
2015-12-03,19.170814514160156,20.191072450335383,18.936246737061946,20.115919161317237,7856000
2015-12-04,20.27989387512207,20.396037997761987,19.286964659589028,19.305182221236386,7882800
2015-12-07,19.899568557739258,20.18196241329899,19.58984749760041,20.16829707352186,4985600
2015-12-08,19.4440975189209,19.83124973083851,19.18903433105652,19.393997062367294,5958800
2015-12-09,19.077438354492188,20.01343317868915,18.74266799226836,19.323393579278385,9394800
2015-12-10,19.207250595092773,19.639949279266414,19.00456572375401,19.10249225892232,5587600
2015-12-11,18.09134864807129,18.72217661236628,17.986590295110176,18.51721386201288,13487200
2015-12-14,18.389680862426758,18.389680862426758,17.576663462218978,18.143725580644315,10816000
2015-12-15,18.93852424621582,19.232302120807393,18.8064369655934,18.856539157380357,11924000
2015-12-16,19.746984481811523,19.867684260160715,18.856537799800304,19.327951157920936,14750400
2015-12-17,18.874752044677734,19.899563664076613,18.867920245213018,19.874512574381225,11857600
2015-12-18,17.797563552856445,18.637907966090292,17.797563552856445,18.617412566066502,11700000
2015-12-21,18.287202835083008,18.35552259759681,17.870445507545924,18.246210282579558,7924400
2015-12-22,18.783660888671875,18.88158741129208,18.259867537449885,18.57642035156204,6882400
2015-12-23,19.464590072631836,19.494195117819736,19.086547597604937,19.1184304885726,5789600
2015-12-24,19.357555389404297,19.562518088083703,19.31200889524771,19.382606482436636,2834800
2015-12-28,19.232301712036133,19.25507669871892,18.890697761644816,19.154872317274787,4004800
2015-12-29,19.865407943725586,19.967888427575666,19.605787358829676,19.60806520485605,4634400
2015-12-30,19.4440975189209,19.803920787501188,19.393997062367294,19.77203788901814,3856400
2015-12-31,18.874752044677734,19.419040743537277,18.858810600097684,19.19813836506717,5826800
2016-01-04,18.04806900024414,18.061732597434627,17.396744226031327,17.91142781587848,12571200
2016-01-05,18.16877555847168,18.300862839158253,17.797566549805193,18.18016305206064,7654000
2016-01-06,17.44685173034668,17.795287465072377,17.134852845092073,17.346647353698128,15462000
2016-01-07,16.201139450073242,17.091588074245546,16.089549292787925,16.533633812843263,17905600
2016-01-08,15.66823673248291,16.645222595947544,15.583973791088054,16.46758880259034,14990800
2016-01-11,15.67734432220459,16.030335792796812,15.15127475456876,15.936964942745348,18027600
2016-01-12,16.07815933227539,16.31045099752578,15.472382548117434,16.139649017924793,17508400
2016-01-13,14.896208763122559,16.394709937260924,14.775507254673728,16.287673766789464,17911200
2016-01-14,15.590802192687988,15.932406101565869,14.61153869639713,15.064732729011999,21744400
2016-01-15,14.600152969360352,14.839276429475932,14.055864147751592,14.347365907233895,22730400
2016-01-19,14.661638259887695,15.142161201747163,14.238050168153414,15.121665802443664,15717600
2016-01-20,14.137850761413574,14.527279098162346,13.021944056189854,13.957939119730623,29300800
2016-01-21,14.310928344726562,14.825611253067262,13.87139785450371,14.249439528769898,19535200
2016-01-22,15.194546699523926,15.262866459286277,14.839279083793713,15.04424010056862,13151600
2016-01-25,14.504504203796387,15.12166936772884,14.46578950432596,15.07839897568093,10864000
2016-01-26,15.096619606018066,15.180882551276564,14.620650463863747,14.688971958666613,8575200
2016-01-27,14.604711532592773,15.433670574249302,14.367866712650939,14.962257043760628,12104800
2016-01-28,14.841550827026367,15.098893551811672,14.392911614937539,15.053345321214241,9376800
2016-01-29,15.916463851928711,15.930127451598205,15.019183740570723,15.044234831622958,10500000
2016-02-01,15.923297882080078,16.137370240151768,15.463272008071486,15.62724217702108,10630400
2016-02-02,15.053348541259766,15.492879069992279,14.900765845466085,15.481493313022911,12135600
2016-02-03,15.297024726867676,15.422280205681753,14.326869874443755,15.356236565715019,27986400
2016-02-04,15.37673282623291,15.663680651655946,14.998691997490008,15.176325786446476,12856400
2016-02-05,14.504504203796387,15.256032761474783,14.326870418002535,15.253756652673676,13445600
2016-02-08,13.91922378540039,14.0695295075045,13.315723919278934,14.001208882683338,17973200
2016-02-09,13.901002883911133,14.260825240603976,13.422756857776848,13.440976151150524,15032400
2016-02-10,13.880505561828613,14.568268197201744,13.848622669583445,14.13556956853362,13284400
2016-02-11,13.372655868530273,13.609500607027424,12.94906684331891,13.204130875639397,22600000
2016-02-12,14.16745376586914,14.17200858928713,13.579895444848347,13.812186226703366,11355200
2016-02-16,14.871158599853516,14.880266509091115,14.390634725659773,14.66164020015218,8840400
2016-02-17,15.602190971374512,15.711503258237627,15.171770149690113,15.189987705842317,12123600
2016-02-18,15.406338691711426,15.702394409713762,15.322075757459672,15.684176852635392,7638000
2016-02-19,15.404062271118164,15.43139121549627,15.016911781944133,15.192267730279077,8191600
2016-02-22,16.048555374145508,16.100933678463505,15.823097232215984,15.843592637169712,6660400
2016-02-23,15.474658966064453,15.943796260900886,15.42228066426659,15.861811170055203,9436800
2016-02-24,15.661401748657227,15.743386836103731,14.727684627724866,15.026019927178139,12216000
2016-02-25,16.221635818481445,16.228467620388212,15.57031072855722,15.793491032454524,8596000
2016-02-26,16.121429443359375,16.515411696476097,16.06904940602945,16.51085774159363,11120000
2016-02-29,15.688730239868164,16.39698921873183,15.688730239868164,16.128260714814225,8311600
2016-03-01,16.85701560974121,16.86612525697208,15.959737076095097,16.09410046340341,10162000
2016-03-02,17.073366165161133,17.089307613763555,16.627003866805705,16.761367256813614,7800000
2016-03-03,17.26694107055664,17.27377287161695,16.84562987612453,17.018709698765104,6951600
2016-03-04,17.440025329589844,17.67687100569217,17.07337018785805,17.330711272354925,9289600
2016-03-07,17.474184036254883,17.60399348669416,17.137133991919185,17.15079759591665,7954000
2016-03-08,16.893455505371094,17.30565708389819,16.8592947599849,17.14396474239039,8099600
2016-03-09,17.15762710571289,17.257831488274757,16.916227534073002,17.155350997009254,6207200
2016-03-10,17.194068908691406,17.590329083136826,16.64067032994527,17.31476871707224,14479200
2016-03-11,18.016193389892578,18.038966640234634,17.60854578006554,17.63815083176145,10012000
2016-03-14,17.950151443481445,18.10273414642471,17.752020498063313,17.85678058701161,5594000
2016-03-15,17.874996185302734,17.877274031548502,17.574384767902313,17.64270625537461,5678000
2016-03-16,18.18016242980957,18.30541616756317,17.701917252731022,17.722412655504556,7802400
2016-03-17,18.517213821411133,18.683461867857652,18.025304959129375,18.143726916025116,7389200
2016-03-18,18.731281280517578,18.847427097750376,18.583252570316926,18.717617679956316,6504400
2016-03-21,18.824657440185547,18.89069934714842,18.578702158263667,18.67207300904709,4593600
2016-03-22,18.790496826171875,18.9704084649012,18.51949044489144,18.574146595427024,5630800
2016-03-23,18.428394317626953,18.72217392809858,18.36235067767712,18.681181383905155,5944400
2016-03-24,18.401065826416016,18.401065826416016,18.00935970651154,18.082235142483015,5726000
2016-03-28,18.423843383789062,18.583257894299535,18.275814631179138,18.524046045757995,3621600
2016-03-29,18.947633743286133,18.95674339141845,18.189274214263865,18.287200759826607,5518000
2016-03-30,19.195863723754883,19.40765822995136,19.061498607733224,19.250519866083426,5030400
2016-03-31,19.036449432373047,19.28240470387033,18.98407113079661,19.1366538179803,3536400
2016-04-01,19.40538215637207,19.48053544486783,18.60830624653699,18.678903842554924,4876800
2016-04-04,19.230026245117188,19.45548437340311,19.132099706570763,19.4076600272508,3062400
2016-04-05,18.66069221496582,18.94536227322445,18.574151405262782,18.783669888632126,6418400
2016-04-06,19.257354736328125,19.282405834198425,18.599197864981626,18.66979720329234,6882400
2016-04-07,18.569595336914062,19.01823557570412,18.337303622800086,18.906643674566567,8108800
2016-04-08,18.729005813598633,19.08427511070483,18.54909418757732,18.949909983998058,6663600
2016-04-11,18.580976486206055,19.14576244195067,18.558203237282182,18.931690079593736,6125600
2016-04-12,19.11615562438965,19.19130716514026,18.508099335676583,18.63790875377519,6766800
2016-04-13,19.6763916015625,19.710552350542827,19.35756084022591,19.403107347207765,6755600
2016-04-14,19.692333221435547,19.847193778983375,19.569355566545696,19.721938277478557,3907200
2016-04-15,19.614896774291992,19.708269347911084,19.507862337137972,19.678664299866877,2482000
2016-04-18,20.029375076293945,20.036208613931546,19.393993337495456,19.423598383975772,4456400
2016-04-19,20.213844299316406,20.302661184731555,19.94056010478038,20.166019956207286,4188800
2016-04-20,20.263944625854492,20.50762201119491,20.070367687627318,20.22522819571666,3657200
2016-04-21,19.942842483520508,20.314051557253173,19.85174773130433,20.268505049889026,5027600
2016-04-22,19.951950073242188,20.02482551999605,19.642228990166345,19.824418475794854,4210000
2016-04-25,19.84035873413086,19.84035873413086,19.532913778407796,19.73560039430554,4736400
2016-04-26,19.949674606323242,20.090871561400725,19.76976294561558,19.98155750948785,2966800
2016-04-27,20.043045043945312,20.17968629097645,19.676389959627667,19.81075336025343,4423200
2016-04-28,19.501035690307617,20.16374837387547,19.357562616411084,19.797093225318527,7452000
2016-04-29,19.184476852416992,19.403103166299275,18.81782181650856,19.284681231170847,8393600
2016-05-02,19.633115768432617,19.6946054470719,19.204972813872047,19.368942973593615,4671600
2016-05-03,19.129823684692383,19.300625681877136,18.87475874340089,19.23230418800813,5110800
2016-05-04,18.80643653869629,19.03417250529473,18.64018851858491,18.75633434804663,6275600
2016-05-05,18.78594207763672,19.06378027451272,18.653856518660866,18.972685527383046,5004000
2016-05-06,18.995458602905273,19.002290404191122,18.487606611643287,18.54909456070354,5840000
2016-05-09,19.052391052246094,19.168535139664254,18.890696993314986,18.954464520950655,4610400
2016-05-10,19.724206924438477,19.74470232195016,19.24368402458883,19.264179422100515,4244800
2016-05-11,19.220914840698242,19.701437842027257,19.191308054723862,19.580738064558464,5992400
2016-05-12,19.202699661254883,19.46459641162682,18.87248315262579,19.40994025752354,5446000
2016-05-13,18.694847106933594,19.273296746178335,18.59919840546081,19.091108991585575,6476800
2016-05-16,19.23685646057129,19.398548780658412,18.73811416147319,18.74266985358125,5204400
2016-05-17,18.73583984375,19.252801533659596,18.537710636923986,19.150319291778207,6536000
2016-05-18,18.73583984375,19.097940985083795,18.376018286386984,18.574147493212998,8466400
2016-05-19,18.53770637512207,18.617413608824453,18.13461277720413,18.517209236462953,7958000
2016-05-20,18.858814239501953,19.0387258559034,18.710787255900904,18.73811445903341,4043600
2016-05-23,18.8018856048584,18.968133667044775,18.731287993341653,18.87476106311413,3386000
2016-05-24,19.530637741088867,19.626286433780844,19.054668648904805,19.054668648904805,5690400
2016-05-25,19.901844024658203,20.063536336541876,19.74015171277453,19.744705667164094,5123200
2016-05-26,19.93600082397461,20.04075912910558,19.835796472333232,19.983825154306988,2695200
2016-05-27,20.179685592651367,20.1842395478168,19.974722860453607,19.990664309764117,2528400
2016-05-31,20.0863094329834,20.32315502167573,19.890456383439496,20.279886374093255,4244400
2016-06-01,20.195627212524414,20.2548390551011,19.803921040457794,19.865410729380265,3289600
2016-06-02,20.37553596496582,20.382367765548462,19.899566920355078,20.06809277633492,3242800
2016-06-03,20.207012176513672,20.314046616535634,19.783423158597106,20.195624683698323,6862000
2016-06-06,20.500789642333984,20.62149115642928,20.268499735700203,20.316324077139882,4921600
2016-06-07,20.58961296081543,20.78774217235308,20.546342564048437,20.562284014832937,3073600
2016-06-08,20.78546142578125,20.83784146390089,20.60782764539847,20.653375882347632,3115600
2016-06-09,20.71258544921875,20.753577992670518,20.452966586520077,20.54178347441765,3858800
2016-06-10,20.131860733032227,20.348209216388515,19.933729807362305,20.22067762514587,6922800
2016-06-13,19.651336669921875,20.202457289390793,19.62400772856855,19.901845884454335,5588800
2016-06-14,19.526086807250977,19.728771735798414,19.214089556840303,19.512423201390078,6336800
2016-06-15,19.441822052001953,19.85857759235827,19.382610208226588,19.526083256137348,6995200
2016-06-16,19.64223289489746,19.676393647429673,18.838324974414526,19.16854152808715,8201600
2016-06-17,19.40083122253418,19.589850790096303,19.191312773117296,19.585296834396917,7283200
2016-06-20,19.75837516784668,20.268503303828496,19.746987673242696,20.063540563370886,5210000
2016-06-21,19.93828773498535,20.074928989132495,19.753820391273283,19.986112087062462,3280800
2016-06-22,19.817588806152344,20.243455812906486,19.797093397198335,19.990668677545475,3946400
2016-06-23,20.60782241821289,20.619209908933634,20.175123833131778,20.307211080548974,4851600
2016-06-24,18.37373924255371,19.471426614974398,18.246207647621276,18.47849758660359,14501600
2016-06-27,17.369422912597656,17.96381397590781,17.155352266942742,17.95242821908412,13004000
2016-06-28,18.27353858947754,18.339582246780097,17.799848966822545,17.90460733228894,13388400
2016-06-29,19.268739700317383,19.34161513796387,18.75633379069717,18.788216686074538,11790400
2016-06-30,20.031661987304688,20.0772102380645,19.24141764587506,19.409943567454203,8538400
2016-07-01,20.14552879333496,20.34593587213064,20.017997173872985,20.027106823475698,5926800
2016-07-05,19.76064682006836,19.93372662158461,19.53974441696667,19.904121574774035,5652400
2016-07-06,20.09086799621582,20.13869234247616,19.362111833588404,19.5739063598771,8422000
2016-07-07,20.040767669677734,20.38237166404724,19.80619987154205,20.17968676638702,4572400
2016-07-08,20.958541870117188,21.031417313900274,20.414253019286843,20.49623811072877,5956400
2016-07-11,21.177167892456055,21.36618916927167,21.04508234704931,21.129343546060706,7207200
2016-07-12,21.621253967285156,21.73512195449439,21.429954845280093,21.521049582545,3888000
2016-07-13,21.630361557006836,21.794329983499797,21.459559592441828,21.773834581745962,3981200
2016-07-14,21.976518630981445,22.14959843519341,21.85126316658712,22.085832648769887,3817600
2016-07-15,21.883146286010742,22.199700850435306,21.732841464671182,22.199700850435306,3570800
2016-07-18,22.072168350219727,22.124548384384653,21.84898808722557,21.93097317005657,3135600
2016-07-19,21.983356475830078,22.010685422163363,21.830773768150223,21.91048102309583,5678000
2016-07-20,22.274856567382812,22.356841662566435,22.012961569561043,22.16098857268197,2963600
2016-07-21,22.006126403808594,22.30673781809965,21.85582156540686,22.224752728975943,2946000
2016-07-22,22.302186965942383,22.32951591194829,21.96741476169322,22.0926702590272,2502800
2016-07-25,22.126827239990234,22.247527023696406,21.92641847837618,22.23158557561234,4178000
2016-07-26,22.142770767211914,22.27941201183235,21.85582293726762,22.090390725738775,3252000
2016-07-27,22.081281661987305,22.318127303090055,21.805721319090537,22.290798358447827,4436400
2016-07-28,22.15415382385254,22.26574395731808,21.84671062655667,22.03573188961181,3035200
2016-07-29,22.274856567382812,22.393280254864806,21.965135482797503,22.072171675814328,3334800
2016-08-01,22.183759689331055,22.42288139397036,22.04028492906006,22.299903772661256,3550400
2016-08-02,21.771554946899414,22.16781498563572,21.477775383487007,22.10404920210198,4800800
2016-08-03,21.96285629272461,21.98107384883034,21.65085740551906,21.74422998206861,4232400
2016-08-04,22.026622772216797,22.142768600649323,21.85809864492379,22.00840347805336,3210800
2016-08-05,22.57546615600586,22.58229969461824,22.233862199864912,22.279410436509583,3714000
2016-08-08,22.53447723388672,22.67567418394937,22.436550681219757,22.64379128191713,1892000
2016-08-09,22.568635940551758,22.746269732227578,22.45932363989942,22.557250183706305,2493600
2016-08-10,22.406944274902344,22.63695811497184,22.272580872650888,22.618738818483855,2476000
2016-08-11,22.71893882751465,22.80092390840184,22.495756832324542,22.60507085266993,3703600
2016-08-12,22.64606285095215,22.72349223799889,22.507143785968413,22.60051461961227,3075200
2016-08-15,22.866966247558594,22.969446724121322,22.775871525343216,22.775871525343216,1999600
2016-08-16,22.502593994140625,22.714388547312108,22.493484345484152,22.689337447878763,2612400
2016-08-17,22.605073928833008,22.664284032818806,22.19514846861323,22.50031558621854,5244800
2016-08-18,22.773595809936523,22.773595809936523,22.559523453327127,22.593684194539527,1747600
2016-08-19,22.659725189208984,22.721213126233042,22.416047811950147,22.591403714749124,2480800
2016-08-22,22.650625228881836,22.732610338295686,22.434276696393518,22.573195813039874,3160800
2016-08-23,22.77132225036621,22.980840691748167,22.76676829484147,22.876080602313287,2220000
2016-08-24,22.45932388305664,22.77132107630542,22.28396619835878,22.74171602320149,2969200
2016-08-25,22.377338409423828,22.53675290419111,22.245251120909405,22.297631162040187,2613600
2016-08-26,22.25208282470703,22.812313137769106,21.937807791766165,22.443381955074972,7179200
2016-08-29,22.57773780822754,22.675664318288927,22.29534576845238,22.31128721253274,2393600
2016-08-30,22.461599349975586,22.648342786304795,22.272579804810313,22.552694090560298,4769200
2016-08-31,22.274856567382812,22.391002408474233,21.999296228705298,22.35911950895701,4132800
2016-09-01,22.28168487548828,22.386444943176755,21.862651554684142,22.274853074875434,4662400
2016-09-02,22.570913314819336,22.730327807222864,22.375060231302058,22.564081513357422,4949600
2016-09-06,22.784984588623047,22.796370344678046,22.416051690187217,22.6870580516147,4488400
2016-09-07,22.780426025390625,22.835082165034457,22.550412237220446,22.718938085477234,3725600
2016-09-08,22.61190414428711,22.74626752947041,22.502590116733092,22.650618841290346,3178400
2016-09-09,20.974483489990234,22.14504629262735,20.97220564368506,22.13821449119948,8130800
2016-09-12,21.889984130859375,22.022069685453086,20.68753663611874,20.72852918409271,8086800
2016-09-13,20.938047409057617,21.516497030290278,20.721697176762856,21.436788044057216,9060400
2016-09-14,20.89933204650879,21.366191543536786,20.71258859519515,20.9517120912315,5171600
2016-09-15,21.532438278198242,21.666801676611232,20.799128121639512,20.851506425686452,5882000
2016-09-16,21.268260955810547,21.375297133953744,21.040524998054796,21.316085298440758,4321600
2016-09-19,21.286479949951172,21.73056436633213,21.179443773313853,21.516493750544935,6420800
2016-09-20,21.29559326171875,21.639473361284576,21.284205767036333,21.587095055716052,3504800
2016-09-21,21.99474334716797,22.069896644336467,21.300147850588452,21.534715653125463,6676400
2016-09-22,22.40922737121582,22.527649351155315,22.28169400341003,22.375066616669837,4320800
2016-09-23,22.042564392089844,22.320402549042097,22.019791142951757,22.277132159438455,3593200
2016-09-26,21.521053314208984,21.812555134011845,21.445900012622587,21.762452932954247,6629200
2016-09-27,21.912757873535156,21.942362927601188,21.327476431700948,21.459563726742196,3959200
2016-09-28,22.240699768066406,22.283968428858834,21.646308637689856,21.997020567214456,4882800
2016-09-29,21.61441993713379,22.297627789935596,21.448171928457555,22.163262675391117,8038800
2016-09-30,22.131383895874023,22.352288087347915,21.82849460782245,21.908201857970827,5385600
2016-10-03,21.92186737060547,22.01979391797914,21.72373642941099,21.958304226320827,3846000
2016-10-04,21.632638931274414,22.065337614320555,21.398071164211846,21.985630373690682,5207600
2016-10-05,21.883146286010742,22.04939429160836,21.80571689812102,21.830767991258842,3939200
2016-10-06,21.944639205932617,22.01068284873386,21.61897668452656,21.81255192033013,2600800
2016-10-07,21.719179153442383,22.092665989234543,21.45272675947283,22.028900198365758,5418400
2016-10-10,22.033456802368164,22.208812748342037,21.98791029983897,22.035734648740934,4122400
2016-10-11,21.22954750061035,21.908199721388872,20.951709337913915,21.8968139653282,8120000
2016-10-12,21.30242156982422,21.470945691061118,21.090627060876006,21.254597227479458,5792800
2016-10-13,21.092910766601562,21.254603132063117,20.546343971914876,20.833291843185776,5972000
2016-10-14,21.102012634277344,21.575702060005312,21.08379334242584,21.41856544587618,5942000
2016-10-17,20.892498016357422,21.179445833501394,20.821900419575122,21.09062894158572,4492400
2016-10-18,21.254602432250977,21.450455541710937,21.147566228535897,21.432236243740732,5958000
2016-10-19,21.429954528808594,21.543822514336256,21.245488948249804,21.357079087570394,2146000
2016-10-20,21.316091537475586,21.511944657469034,21.08835551306348,21.31836938421634,4296400
2016-10-21,21.34341812133789,21.37302317573595,20.98359482563321,21.04508451840552,3824800
2016-10-24,21.596202850341797,21.73967588859199,21.493720619459435,21.6349175489587,4127200
2016-10-25,21.414011001586914,21.63719299605046,21.33885772143708,21.552930069444216,5372000
2016-10-26,21.27281951904297,21.46639476176373,21.024586388092953,21.11795897736882,4628000
2016-10-27,21.097461700439453,21.52332862170089,21.06785664761975,21.52332862170089,3555600
2016-10-28,20.89933204650879,21.311535389795374,20.66248813446674,21.088353344328926,7927200
2016-10-31,20.878835678100586,21.08835237235913,20.84467493202876,21.02230872661699,3772400
2016-11-01,20.4506893157959,21.02230530799214,20.024822457328288,20.994978105568777,8182000
2016-11-02,20.065818786621094,20.46435678041679,19.92689968978472,20.33454733193713,5886400
2016-11-03,19.797088623046875,20.21384587948934,19.70827173068866,20.134138634743202,6000800
2016-11-04,19.71282196044922,20.106805892150767,19.68549476026487,19.840355265429597,4517600
2016-11-07,21.004093170166016,21.038252182006463,20.503072900822183,20.553175101505357,6525200
2016-11-08,21.297870635986328,21.509665192252815,20.799129961542935,20.899332623252775,6892000
2016-11-09,21.98107147216797,22.19969949667269,20.760408470692422,20.760408470692422,10286800
2016-11-10,22.122268676757812,22.570908748528076,21.63035995865316,22.286238828621798,8039600
2016-11-11,21.997018814086914,22.069896000114138,21.657692669714443,21.88770651002157,5265200
2016-11-14,22.031179428100586,22.24752966346967,21.769282689226287,22.174654215368694,4454000
2016-11-15,22.53447723388672,22.54586472925017,22.10178020988129,22.17693177182136,5878000
2016-11-16,22.447935104370117,22.5048690984197,22.28852061602633,22.34089891755888,2623600
2016-11-17,22.759933471679688,22.78953852238027,22.443380611351095,22.48664926430001,3218000
2016-11-18,22.605073928833008,22.846473512358184,22.550416042478606,22.79181736349143,2643600
2016-11-21,23.103816986083984,23.131145932148648,22.77132262765916,22.825980519788484,2594400
2016-11-22,23.25640106201172,23.32472081986133,22.992226466694046,23.24501356695955,4909200
2016-11-23,23.29966926574707,23.311056760576868,22.99222601770799,23.065101467150495,2710400
2016-11-25,23.547903060913086,23.55473486300597,23.395320355879324,23.422647564250855,2276000
2016-11-28,23.22223472595215,23.525123951576944,23.176686494192378,23.434029225544784,2604000
2016-11-29,23.338380813598633,23.513736729800996,23.10836701865568,23.222234993134137,2066800
2016-11-30,23.149362564086914,23.636717419121364,23.147084717805175,23.582061270773025,4189600
2016-12-01,22.91251564025879,23.28144853006243,22.791815856476976,23.279170683909697,3791200
2016-12-02,22.93756675720215,23.122032333534925,22.81914308197337,22.942120712024394,2244800
2016-12-05,23.333833694458008,23.49097211296677,23.181250969595084,23.258680386693985,3278800
2016-12-06,23.5706729888916,23.593446238484805,23.251842282124056,23.429476061433636,2393600
2016-12-07,24.493005752563477,24.527164760143172,23.481857428500444,23.522849975083744,3237600
2016-12-08,24.68885612487793,24.864212048640802,24.39963048423968,24.502110970693796,3366800
2016-12-09,25.130666732788086,25.130666732788086,24.754901993061523,24.77767698258076,3374800
2016-12-12,25.03957176208496,25.278695249985326,24.88243510823888,25.091951805025484,3563200
2016-12-13,25.517818450927734,25.736444793484054,25.287804613842223,25.287804613842223,4048000
2016-12-14,24.918869018554688,25.711390945868796,24.738957396657483,25.424443141799674,6147200
2016-12-15,25.21492576599121,25.538310412153084,24.94619726372589,25.012240900615986,4765200
2016-12-16,25.076005935668945,25.419887711357795,24.946196511897153,25.376617324271386,4379200
2016-12-19,25.21265411376953,25.392565774843202,25.08284465419586,25.151166153966386,2588000
2016-12-20,25.50642967224121,25.574751161001195,25.351569136874524,25.44494172234733,2748000
2016-12-21,25.315134048461914,25.526926855909572,25.30602440015969,25.479102505438703,2390000
2016-12-22,25.18076515197754,25.285523485596066,25.019072828078023,25.24453094309425,3383200
2016-12-23,25.249086380004883,25.267303936220095,25.098779813188884,25.173933096596883,2654000
2016-12-27,25.4312686920166,25.59979451666784,25.349283625290894,25.353839316490717,1785200
2016-12-28,24.843717575073242,25.545144820376517,24.7799517777707,25.536035172549347,2704800
2016-12-29,24.800447463989258,24.98035908866801,24.631923332797953,24.848271809158916,3390800
2016-12-30,24.538551330566406,24.943921088470088,24.25388136153431,24.92570179345501,4903600
2017-01-03,25.05778694152832,25.27413714205542,24.64102972536989,25.021350092089648,3557200
2017-01-04,25.501873016357422,25.577024561049267,25.189874132377813,25.189874132377813,3548800
2017-01-05,25.442663192749023,25.522370435836567,25.155715380146287,25.422166051676463,3352000
2017-01-06,25.729610443115234,25.904966374075997,25.292356063827107,25.508706276037195,3386800
2017-01-09,25.485933303833008,25.67723068514292,25.45860436186549,25.627128493612926,1995600
2017-01-10,25.46315574645996,25.797927867447036,25.317404878987514,25.483652885238453,2475600
2017-01-11,25.674957275390625,25.674957275390625,25.176216595089464,25.433557660838577,3181600
2017-01-12,25.490489959716797,25.56108756208726,24.953032873153113,25.483658157872913,3253200
2017-01-13,25.652179718017578,25.766047703888567,25.533757777206283,25.554253180669026,2795600
2017-01-17,25.376615524291992,25.556527122984185,25.230864663640368,25.392556970379285,2405600
2017-01-18,25.540586471557617,25.551972226267186,25.26274834183112,25.46998714741388,1934800
2017-01-19,25.26729965209961,25.62029102341712,25.08738980412389,25.574744534370364,2534800
2017-01-20,25.515541076660156,25.718225973118685,25.301468685461717,25.51098538376909,3196800
2017-01-23,25.333349227905273,25.545143752945894,25.03046170337468,25.397115022543293,3571600
2017-01-24,25.804767608642578,25.96190601684594,25.362960915812607,25.40167562182308,2754000
2017-01-25,26.4447078704834,26.47659077501087,26.116767438214573,26.173701444511913,3774400
2017-01-26,26.383214950561523,26.519856201500183,26.28756624865324,26.41737569766813,3257200
2017-01-27,26.27845573425293,26.47430882455619,26.18963883719537,26.415096980688578,2080800
2017-01-30,25.802486419677734,25.99150595665837,25.385729172352654,25.984674155470675,4163600
2017-01-31,25.768327713012695,25.77515951474038,25.351570432746595,25.57702857719886,2991200
2017-02-01,25.802486419677734,26.114483590499585,25.563362953182995,26.00972525148394,3903200
2017-02-02,25.820707321166992,25.945962817455683,25.51326406548944,25.647629210370745,2627200
2017-02-03,26.353605270385742,26.426480707259937,26.064379631472153,26.175971501597854,3748400
2017-02-06,26.230632781982422,26.346778629508407,26.08943583523538,26.196472034182094,2288400
2017-02-07,26.230632781982422,26.460646630517623,26.141815880194258,26.376383684275194,2212400
2017-02-08,26.317169189453125,26.362717427766835,26.007448118870425,26.100820704297806,1586400
2017-02-09,26.78175163269043,26.902451427392226,26.412820446996285,26.428761896532606,2447600
2017-02-10,27.091468811035156,27.18484138593371,26.89333790605923,26.927498646570587,2306800
2017-02-13,27.521892547607422,27.638038382689007,27.296434416262386,27.307821910138323,2523200
2017-02-14,27.879438400268555,27.879438400268555,27.319208095039958,27.46951467661935,2172000
2017-02-15,28.28936004638672,28.375899082072927,27.76101271077704,27.783785958327368,2554800
2017-02-16,28.236984252929688,28.38045903526488,27.92043137323524,28.300750050639696,3195600
2017-02-17,28.337190628051758,28.337190628051758,27.93637478044409,27.943206582464985,2228400
2017-02-21,28.83137321472168,28.920190103284014,28.49887890978543,28.51026640318575,2732000
2017-02-22,28.78810691833496,28.867814166197913,28.61502708191278,28.683346835443437,2665600
2017-02-23,28.838207244873047,29.013564926862312,28.514822562162887,29.013564926862312,3489200
2017-02-24,28.956626892089844,28.956626892089844,28.446498841740972,28.451052796325474,2390800
2017-02-27,29.06366539001465,29.12515333799794,28.78810507222364,28.908804859459877,3122400
2017-02-28,28.826824188232422,28.99762619351309,28.637802885391405,28.906531443199164,2719600
2017-03-01,30.022436141967773,30.234228945831354,29.52596987408062,29.528249457977296,3872000
2017-03-02,29.489530563354492,29.95866608260345,29.446260175175713,29.95411039043333,3061600
2017-03-03,29.535072326660156,29.58745061580976,29.266342131290525,29.434867964826545,3098400
2017-03-06,29.259519577026367,29.40071825648707,28.99534672711073,29.16842656928923,2941600
2017-03-07,29.01128578186035,29.268628546184402,28.89969564035452,29.122875923366184,3066800
2017-03-08,28.842763900756836,29.213972944363597,28.76305665059437,29.111492442367247,4086000
2017-03-09,28.920196533203125,29.063671337001143,28.519382391213327,28.86781822188634,3416000
2017-03-10,29.200305938720703,29.34833292713864,28.8336508932035,29.339225017456414,3942400
2017-03-13,29.250408172607422,29.275459267989383,29.05910905673494,29.2003059818435,1491200
2017-03-14,28.911081314086914,29.03861464150275,28.662849935478366,29.02722714776447,3264400
2017-03-15,29.635286331176758,29.840247337999468,29.068222449003134,29.17298253636342,4504800
2017-03-16,29.514583587646484,29.76053538131546,29.355165626043192,29.74687177888665,5068000
2017-03-17,29.343778610229492,29.67855073544325,29.343778610229492,29.62161674782152,2408400
2017-03-20,29.22991180419922,29.446260270820886,29.072773436081647,29.31872868944285,2757600
2017-03-21,28.12995147705078,29.544191905048326,28.057076022608467,29.491813595208352,6515200
2017-03-22,28.28481101989746,28.41234436371076,27.86122191318748,28.12539651199062,3771200
2017-03-23,28.202823638916016,28.674238797367078,28.057072747047275,28.205101485269875,3348000
2017-03-24,28.15955352783203,28.560369328500727,27.82250352187453,28.34174126450864,4364000
2017-03-27,28.038854598999023,28.15727654459398,27.328317712966346,27.433076055700866,3237600
2017-03-28,28.63324546813965,28.819988901837384,27.893103534735953,27.92498643286818,2798800
2017-03-29,28.751665115356445,28.83137235431736,28.437390114244483,28.54442455657057,2466800
2017-03-30,28.97940444946289,29.08644064173399,28.642354423002054,28.706121959079933,2553600
2017-03-31,28.77444076538086,29.063666433374774,28.767608963969415,28.847316209582353,2183200
2017-04-03,28.660572052001953,28.88830802657088,28.116283211781226,28.831374032928647,4154400
2017-04-04,28.70612335205078,28.71750910950141,28.35540970529865,28.49888275908861,4488400
2017-04-05,28.40323257446289,29.382498013482977,28.350852532962318,28.961185047575086,4515200
2017-04-06,28.644630432128906,28.872366405337104,28.323523613398894,28.482938099649598,1854400
2017-04-07,28.567201614379883,28.854147695448454,28.36907068817648,28.544426626607272,1834000
2017-04-10,28.601356506347656,28.9452382698878,28.39867165424143,28.617299690489876,2067600
2017-04-11,28.514822006225586,28.542150949473452,27.890825904044355,28.451056209468216,2908800
2017-04-12,28.15271759033203,28.469270408630592,28.04112572849525,28.3963949771695,2782800
2017-04-13,27.603879928588867,28.287087918121596,27.599325973153267,27.98875431868839,4100400
2017-04-17,28.300750732421875,28.305306425218152,27.713193198305277,27.79973224906968,2580400
2017-04-18,28.05023765563965,28.27341965997488,27.7678455529499,28.018354760375683,3318800
2017-04-19,27.89993667602539,28.4282841043604,27.80656408594846,28.284809318387335,2571600
2017-04-20,28.55581283569336,28.744834105780686,28.013801858351584,28.129945950825686,2454400
2017-04-21,28.277973175048828,28.537592025297897,28.120836547258573,28.517096623298606,2192000
2017-04-24,29.186643600463867,29.298232005034418,29.015841617982186,29.22991399202193,2588400
2017-04-25,29.703598022460938,29.863015966002177,29.446258764266098,29.489529150371588,2329600
2017-04-26,29.680828094482422,30.083921716820534,29.646665615485137,29.7127109898949,2221600
2017-04-27,29.75143051147461,29.86074281705025,29.50091952476424,29.803808817795673,2266400
2017-04-28,29.551021575927734,29.860742669339594,29.482703557140614,29.860742669339594,2041200
2017-05-01,29.724096298217773,29.933612949097046,29.569234049757174,29.724096298217773,1042100
2017-05-02,29.787866592407227,29.860740298318966,29.605677115165008,29.83341309297397,1100100
2017-05-03,29.64211654663086,29.75142884608756,29.377941970883096,29.587458659414835,2750700
2017-05-04,29.74231719970703,29.806082989294957,29.40526548334239,29.796971605082447,1366700
2017-05-05,30.09759521484375,30.09759521484375,29.733216168910815,29.92451360428635,1258800
2017-05-08,30.10669708251953,30.179574267064503,29.90629177497171,30.134027764211606,1425200
2017-05-09,30.033817291259766,30.288880435567368,29.85162784176517,30.225114649490468,1749800
2017-05-10,30.161352157592773,30.161352157592773,29.89717760072158,29.988270597930565,699300
2017-05-11,29.99738121032715,30.042927707759006,29.514582082594448,29.979161916359406,1253200
2017-05-12,29.842514038085938,29.906283293966425,29.69676318530433,29.860733329055442,723000
2017-05-15,30.261554718017578,30.352647709743536,29.979160883707294,29.988268792889937,1409300
2017-05-16,30.20689582824707,30.44373968380232,30.052037052494555,30.434631774924135,1256900
2017-05-17,28.64007568359375,29.669441489478366,28.585417800547194,29.450816907242295,3034600
2017-05-18,28.93157958984375,29.305064726781232,28.476107622253302,28.53987341971794,2075500
2017-05-19,29.478147506713867,29.77875721065792,29.131987824163478,29.159315031346896,1548900
2017-05-22,29.94272804260254,30.015605229947287,29.687664836847016,29.705884133683206,1140900
2017-05-23,30.134021759033203,30.216003362845676,29.95183230895334,30.097583174022283,1872200
2017-05-24,30.334434509277344,30.398200311288278,30.11580989523288,30.252449410266774,943600
2017-05-25,30.7625732421875,30.917432023719307,30.489290790971133,30.598603076462698,1614300
2017-05-26,30.789901733398438,30.826340321745576,30.671478058757756,30.735247325852775,885800
2017-05-30,30.698814392089844,30.78990740476157,30.553063486829668,30.635048588224496,559000
2017-05-31,30.653261184692383,30.835447170208443,30.352648053636013,30.835447170208443,1158800
2017-06-01,31.363800048828125,31.37290795921476,30.73524998289004,30.844562282406372,1564700
2017-06-02,31.646188735961914,31.74638963370063,31.272701921741017,31.418452788876618,1792800
2017-06-05,31.573314666748047,31.72817693296699,31.53687607764063,31.60975325585546,1483000
2017-06-06,31.30003547668457,31.591537270124842,31.272708269479384,31.32736268388976,1006500
2017-06-07,31.482229232788086,31.573322252467253,31.15428880198155,31.45489854690357,1038200
2017-06-08,31.51865577697754,31.73728382966805,31.290919814788467,31.50954786747898,1572500
2017-06-09,31.382017135620117,31.99234786284887,30.808121522348603,31.646191692916936,2365200
2017-06-12,31.33647346496582,31.372908582211217,30.962986582141,31.24537698441378,1793200
2017-06-13,31.7828369140625,31.828383420944768,31.43667720680096,31.591539500171542,1570000
2017-06-14,31.682634353637695,31.92858967505459,31.309147415554836,31.92858967505459,2799100
2017-06-15,31.491329193115234,31.545987076107036,30.953872172775277,31.063184463783806,1533600
2017-06-16,31.473114013671875,31.57331840810366,31.117846415214125,31.57331840810366,1435300
2017-06-19,32.247413635253906,32.29296013269572,31.819268914355856,31.85570750229931,1888500
2017-06-20,31.655303955078125,32.119883865429586,31.618865361135693,32.09255665746055,1043400
2017-06-21,31.609758377075195,31.83749438343024,31.409349579490538,31.755509282143397,781000
2017-06-22,31.53687858581543,31.8192724613944,31.491332083296342,31.609755769826286,501600
2017-06-23,31.682634353637695,31.80105805838863,31.409351821499786,31.591541334583702,1366800
2017-06-26,31.691740036010742,32.147211999247546,31.609754943629106,31.96502251895776,1472200
2017-06-27,30.981199264526367,31.73728433911886,30.94476415097226,31.57331416571266,3221500
2017-06-28,31.746400833129883,31.84660524119328,31.281820866171223,31.38202527423462,1764400
2017-06-29,30.93565559387207,31.855710925963844,30.398198526355944,31.828380244581407,3030800
2017-06-30,31.09051513671875,31.44578268865866,31.008530049734535,31.28181251469023,1723200
2017-07-03,31.22715950012207,31.700850801550285,31.22715950012207,31.518661304850877,1307200
2017-07-05,31.436677932739258,31.545993721751902,31.044975184525946,31.409350722974,943700
2017-07-06,30.616825103759766,31.154282144965872,30.51662071853868,31.09962425985204,1423300
2017-07-07,31.154285430908203,31.245378440730583,30.771687144707936,30.8445643325463,1102600
2017-07-10,31.245372772216797,31.436670143124104,31.035856107655228,31.117841191611923,820900
2017-07-11,31.1998291015625,31.32736069371883,30.671479962657404,31.18160980625799,1443500
2017-07-12,31.89214515686035,31.974130248779286,31.627974060655156,31.627974060655156,1679900
2017-07-13,32.04700469970703,32.10166258132061,31.8010494449084,31.910361733160574,993200
2017-07-14,32.447818756103516,32.6391196043588,31.974127540141602,32.04700471566266,1940100
2017-07-17,32.447818756103516,32.62090031047853,32.40227225889035,32.45693014053114,754000
2017-07-18,32.502471923828125,32.53891050630387,32.12898514088791,32.2929552870543,1209900
2017-07-19,33.030826568603516,33.039937954219546,32.648231772140846,32.648231772140846,1065800
2017-07-20,33.05815124511719,33.213010022703564,32.82130391178238,33.17657143680978,987400
2017-07-21,32.994388580322266,32.994388580322266,32.70288681552995,32.8304184032547,1022200
2017-07-24,32.94884490966797,33.021722102295904,32.748439579892754,32.967064207824954,846500
2017-07-25,33.194793701171875,33.34965596759549,33.09459279345675,33.304109468638586,1273400
2017-07-26,33.194793701171875,33.34965596759549,33.07637349887896,33.34054458281903,1375800
2017-07-27,33.103702545166016,33.41342362027116,32.50247969054725,33.40431223498774,1551200
2017-07-28,32.96706771850586,33.03083353135786,32.65734656680637,32.85775539289903,1001900
2017-07-31,32.91240310668945,33.19479348335432,32.82130663439828,33.15835836941295,1037600
2017-08-01,33.11280822753906,33.203904699367385,32.939730143527875,33.203904699367385,887400
2017-08-02,33.158355712890625,33.23122940991009,32.7484303078598,33.194790823912946,1110300
2017-08-03,32.994388580322266,33.14013946271842,32.85774560777424,33.14013946271842,743500
2017-08-04,33.149234771728516,33.28587769233521,32.9670453692442,33.185673347220146,991100
2017-08-07,33.29500198364258,33.32233266619801,33.11281249150034,33.167470381635674,558400
2017-08-08,33.09458923339844,33.74135848394734,32.894180489576335,33.17657083771684,1060500
2017-08-09,33.049034118652344,33.08547269821467,32.58445439164242,32.75753243210215,1500700
2017-08-10,31.682634353637695,32.73932935955329,31.646199231001656,32.67556355122031,3793900
2017-08-11,31.7828369140625,32.06523081669372,31.655305304801864,31.7828369140625,2538200
2017-08-14,32.71199035644531,32.839521927137255,32.36583075387098,32.384050046109074,2081100
2017-08-15,32.71199035644531,32.912399096089615,32.58445878575337,32.88506842024514,948700
2017-08-16,32.87595748901367,33.131020606947175,32.69376805835787,32.93972326849705,1277800
2017-08-17,31.33647346496582,32.739324515713065,31.33647346496582,32.58446571123772,3538900
2017-08-18,31.181604385375977,31.746388541727836,30.981195646842398,31.272700846061543,2157700
2017-08-21,31.272708892822266,31.363801901972252,30.8445641048711,31.163393111871613,1750600
2017-08-22,32.1927604675293,32.29296486155985,31.50044457009852,31.50955248093061,1859500
2017-08-23,31.87392807006836,32.06522545195391,31.719065802607332,31.78283159656918,1340600
2017-08-24,31.637081146240234,32.11077238998311,31.545988146471494,32.04700659514995,3856300
2017-08-25,31.82837677001953,32.256521490193414,31.782830272654756,31.992346940512718,1189000
2017-08-28,31.87392807006836,32.092552656516084,31.67351930334532,32.07433336181625,913100
2017-08-29,31.93769073486328,32.06522231029179,31.218044302116926,31.263590796916418,1381500
2017-08-30,32.429595947265625,32.5298003152587,31.86481179809283,31.946796874180382,1707200
2017-08-31,32.976165771484375,33.103697345618485,32.648225452296806,32.70288333048632,2357000
2017-09-01,33.149234771728516,33.31320488646702,33.03992252022745,33.15834615308833,2154200
2017-09-05,32.429595947265625,32.97616427950751,31.946796874180382,32.88506781997989,2677300
2017-09-06,32.721099853515625,32.87596210756979,32.4569287906759,32.71199194444178,2617900
2017-09-07,32.73020935058594,32.885068120737266,32.529800612766905,32.87596021218851,2012400
2017-09-08,32.57534408569336,32.78486418761307,32.47514320104721,32.55712827028448,1071500
2017-09-11,33.595619201660156,33.6502736233838,33.14925506605342,33.14925506605342,1122100
2017-09-12,33.950870513916016,33.96908980405321,33.68669601938807,33.777792470074054,1108100
2017-09-13,34.014644622802734,34.023752532614914,33.777800742959734,33.805127947371396,654000
2017-09-14,33.97820281982422,34.05107999132916,33.759578255258994,33.84156333571465,630400
2017-09-15,34.087520599365234,34.12395919099412,33.84156879330867,33.896223205776636,721700
2017-09-18,34.287933349609375,34.46101494240537,34.11485523178915,34.26060614021033,835100
2017-09-19,34.38813781738281,34.44279571126265,34.24238690867903,34.40635711534276,386600
2017-09-20,34.46100616455078,34.48833336698909,33.95087637752823,34.442786871266954,933900
2017-09-21,34.16950225830078,34.38813031112208,34.07840926336066,34.36991101713906,767900
2017-09-22,34.16950225830078,34.24237943423289,33.98731626842054,33.996424177924546,591400
2017-09-25,33.97820281982422,34.205938768314965,33.604716003298385,34.02374931452741,1759700
2017-09-26,34.02375030517578,34.26059764448818,33.90533011049448,34.142173974831984,1117100
2017-09-27,34.37902069091797,34.57942596480907,33.932656697982424,34.33347072073946,1751700
2017-09-28,34.506553649902344,34.54298876254006,34.23327119275709,34.260598395979116,931100
2017-09-29,34.82538986206055,34.88915566618475,34.42457573971188,34.4792301575465,987400
2017-10-02,35.30817794799805,35.30817794799805,34.934691152384936,34.9711297360971,1159800
2017-10-03,35.54502868652344,35.54502868652344,35.28085414165906,35.38105851901968,616500
2017-10-04,35.645225524902344,35.781864985606205,35.42659752281228,35.481255392078346,1407400
2017-10-05,36.27378845214844,36.29200774846751,35.76365858014064,35.81831646909788,1349100
2017-10-06,36.155364990234375,36.19180358310098,35.94584829371463,36.07337989377226,1158900
2017-10-09,36.00050354003906,36.30111322168059,35.85475265424843,36.25556672142887,961100
2017-10-10,36.25557327270508,36.44687069331432,36.00051004522609,36.24646536099905,1020000
2017-10-11,36.42864227294922,36.43775018150575,36.14624845805167,36.21001424287134,1247900
2017-10-12,36.25557327270508,36.43776278160829,36.13714957067161,36.26468465938696,1105900
2017-10-13,36.373992919921875,36.51974381580159,36.29200782380357,36.455978016040184,1724200
2017-10-16,36.5106315612793,36.61083246685769,36.32844209436168,36.49241226709003,1329900
2017-10-17,36.58350372314453,36.610830925790616,36.39220635467212,36.492410731007645,999900
2017-10-18,36.67459487915039,36.79301854297933,36.60172118408431,36.77479925046913,894700
2017-10-19,36.72926712036133,36.72926712036133,36.10071692033913,36.31934156600942,1729700
2017-10-20,37.23938751220703,37.266714717146876,36.9752129478712,37.10274453755741,1932000
2017-10-23,36.856788635253906,37.41246495932312,36.79302284150581,37.41246495932312,1741100
2017-10-24,37.02987289428711,37.13918519510742,36.856791320098274,37.03898080478239,1370500
2017-10-25,36.50151824951172,36.91144365968961,35.90940338203534,36.8658971641087,3105300
2017-10-26,36.61994934082031,36.911451141595,36.583510746979584,36.76570024120766,1953000
2017-10-27,37.48534393310547,37.56732902541871,36.83857110486757,36.99343337922604,1782700
2017-10-30,37.102752685546875,37.439801028731885,36.92967455796019,36.99344036680665,1209800
2017-10-31,37.23027420043945,37.366917168017295,37.10274261735347,37.27582069797373,1028600
2017-11-01,37.4124641418457,37.80417028058227,37.21205538017349,37.64020010739138,1333500
2017-11-02,37.43979263305664,37.48534260771203,36.820350507475375,37.36691892856335,1400900
2017-11-03,37.76774215698242,37.80418075556034,37.28494288824109,37.512678916889044,1464600
2017-11-06,37.922607421875,38.01370045045013,37.67665207475058,37.71309067617115,1080100
2017-11-07,37.895267486572266,38.1685534555663,37.621984992553685,38.02280256042469,1336700
2017-11-08,38.08656692504883,38.10478622062709,37.65842216639786,37.75862655459067,942900
2017-11-09,37.65843200683594,37.74041712087382,36.8476922541148,37.47624247842107,2350100
2017-11-10,37.585548400878906,37.6402062925825,37.27582729784316,37.44890888408338,1739200
2017-11-13,37.685752868652344,37.80417656341042,37.230280861864266,37.23939224798639,1050900
2017-11-14,37.43979263305664,37.48534260771203,36.893227686943845,37.28493383914891,1422400
2017-11-15,36.856788635253906,37.18472898880132,36.51063246204287,36.93877372364076,1777700
2017-11-16,37.76774215698242,37.96815097418495,37.30316218753005,37.32138148681901,2046300
2017-11-17,37.467124938964844,37.70396883256633,37.41246705199127,37.60376444393578,1323700
2017-11-20,37.6037712097168,37.72219491531234,37.439800994269405,37.54911678788497,910200
2017-11-21,38.35073471069336,38.450939090230335,37.97724787103962,38.022797843538264,1278100
2017-11-22,38.26875305175781,38.43272323750482,38.17766004855407,38.38717673590294,847600
2017-11-24,38.48738098144531,38.56025816371786,38.42361518444449,38.50560027701345,607400
2017-11-27,38.450931549072266,38.67866746700087,38.341619281459344,38.505589420365894,1201000
2017-11-28,39.598724365234375,39.62605156466645,38.642230685418,38.67866926797709,1407300
2017-11-29,39.52585220336914,39.95399691519753,39.30722763028971,39.69893375494654,2649400
2017-11-30,40.5187873840332,41.02891725841864,39.97222239181525,40.00865750964777,3116000
2017-12-01,40.30927276611328,40.69186758539655,38.633135635257794,40.473242967227726,4092700
2017-12-04,40.163516998291016,41.38418197265975,40.154409088210194,41.16555390599249,2755000
2017-12-05,39.71714782714844,40.61898370762741,39.64427413098461,40.25460480188393,2137500
2017-12-06,39.708045959472656,39.95400123702321,39.49852927303522,39.53496786414833,1445600
2017-12-07,40.090633392333984,40.26371493090654,39.60783431099934,39.66249218764983,1269700
2017-12-08,40.74652099609375,40.76474029143332,40.391253424410266,40.53700431215157,1424900
2017-12-11,41.12000274658203,41.14732994870345,40.74651592603169,40.77384312815311,1095200
2017-12-12,41.34774398803711,41.58459135331053,41.12911939314272,41.2657588962079,1530100
2017-12-13,41.30431365966797,41.69148242162672,41.26654021892234,41.47428693847614,6500900
2017-12-14,40.8038215637207,41.512057315194895,40.75660656741042,41.483729037863384,1298200
2017-12-15,41.80479049682617,42.04086904925758,41.28541840193164,41.32318823259332,2130200
2017-12-18,42.626346588134766,42.777436730847555,42.484701605620174,42.54135815771675,1631000
2017-12-19,42.14825439453125,42.76362430928985,42.0914495176335,42.76362430928985,3155000
2017-12-20,42.053565979003906,42.650004353090765,41.883158626452065,42.60266877674453,1792000
2017-12-21,42.27132034301758,42.6594778860918,42.148244943075014,42.33759087880049,2038400
2017-12-22,42.223976135253906,42.28078099266645,41.93995907113698,42.27131532216748,1343600
2017-12-26,42.072505950927734,42.16718072638752,41.93996487675744,42.0441053240265,805800
2017-12-27,42.14825439453125,42.32813108749623,41.99677833427807,42.157720068277136,1119500
2017-12-28,42.35652542114258,42.40386100174476,42.176645158791665,42.35652542114258,2214100
2017-12-29,41.968379974365234,42.64055480242323,41.76956470019334,42.64055480242323,2493300
2018-01-02,42.78255081176758,42.78255081176758,42.12931110819787,42.34705767605444,1826300
2018-01-03,43.53994369506836,43.634614879541566,42.83936465095439,42.85829961014387,2150800
2018-01-04,44.08903503417969,44.37305214733547,43.85235350463761,43.90915837185818,2632000
2018-01-05,44.92216110229492,45.02630156720769,44.249986334279455,44.52453420094381,1928900
2018-01-08,45.19670486450195,45.27244107329817,44.73280749403404,44.89374919489688,1992500
2018-01-09,45.50912094116211,45.84047361412071,45.281908711554294,45.44285040657039,1604800
2018-01-10,45.24404525756836,45.42392193262622,44.69494233664364,45.073634255314055,2428300
2018-01-11,46.26650619506836,46.26650619506836,45.49966032067205,45.60379716410989,1926400
2018-01-12,47.16588592529297,47.26055707446981,46.34223537074135,46.427440849589644,2582100
2018-01-16,46.66413116455078,48.2735662854305,46.247569361809255,47.894874394115206,5166500
2018-01-17,47.96113586425781,48.19781734870667,46.76826277168362,47.18482088418338,2519300
2018-01-18,47.77180480957031,48.16943170505672,47.459387030913966,47.904345904241126,2063900
2018-01-19,48.36823272705078,48.36823272705078,47.73392441278924,48.07474635938073,2115700
2018-01-22,49.56111526489258,49.56111526489258,48.216765790616556,48.216765790616556,2418800
2018-01-23,49.892459869384766,50.06287083470633,49.41909687937442,49.608442797673156,2437700
2018-01-24,49.81673049926758,50.630915590577594,49.12562082236981,50.27115863155075,3648000
2018-01-25,49.882999420166016,50.40370169055888,49.43804058656708,50.356362493996876,3116800
2018-01-26,51.57763671875,51.58710600203269,50.21435245538809,50.35635920136782,2219800
2018-01-29,50.56464385986328,51.50190434358085,50.46050340484203,51.25575352053541,3100200
2018-01-30,48.95520782470703,49.79779351133461,48.67119070504782,49.39070098228274,5671000
2018-01-31,49.078277587890625,49.797787782349516,48.41556864394471,49.52323997809934,4027500
2018-02-01,48.879478454589844,49.665259382705095,48.43451595089591,48.55759137751906,4293000
2018-02-02,45.698463439941406,48.15048387002292,45.651127863285765,48.0463434344967,7028200
2018-02-05,40.08438491821289,45.821546627624194,39.59208689196048,44.590799756256345,13353200
2018-02-06,42.30918502807617,42.55533581857755,37.632359734755184,38.11518842154912,13332300
2018-02-07,41.580204010009766,43.78607731415423,41.5707383390981,42.00623143049615,9536600
2018-02-08,36.960182189941406,41.816883744085466,36.893911661937544,41.72221259307221,13277100
2018-02-09,38.65483856201172,39.45955451404768,34.858463880210564,38.30454721263071,15481900
2018-02-12,40.16958236694336,40.94589735740288,38.702157866024656,39.573144006941035,9384500
2018-02-13,40.529354095458984,40.8039019770092,39.30807630494966,39.56369283864748,6607500
2018-02-14,42.14825439453125,42.318665413750345,39.762503736938065,39.790904369649866,7033200
2018-02-15,43.729278564453125,43.729278564453125,41.75062081191928,43.06657316384613,7578600
2018-02-16,43.73875045776367,44.85588764468706,43.378993496345856,43.38846278061868,7867600
2018-02-20,42.95295715332031,44.02275853318875,42.517464064691765,43.255909181190006,6606200
2018-02-21,42.242919921875,44.51506413292368,42.242919921875,43.17071111813567,8045400
2018-02-22,42.45119857788086,43.68194178875852,42.10091093119053,42.81095550802074,7927800
2018-02-23,44.4771842956543,44.4771842956543,42.858283802538836,43.142300862677416,5206600
2018-02-26,46.02983093261719,46.09610148360193,44.78015252622752,45.064169689229864,5547900
2018-02-27,44.287841796875,46.55051639339983,44.287841796875,46.124492576108786,6994400
2018-02-28,42.8204231262207,45.17777281748882,42.80148816993447,44.92215632483515,7746500
2018-03-01,41.06898498535156,43.65354716722132,40.2547998474014,42.86776266058022,10796400
2018-03-02,41.7127571105957,41.96837361453147,39.7056949933535,40.16959241415703,8644000
2018-03-05,43.10444259643555,43.416863974972536,40.983777937448195,41.050048482324435,8260300
2018-03-06,43.44525909423828,43.65353998684278,42.6405433734046,43.644070703648005,5180900
2018-03-07,43.41685485839844,43.59673149793902,42.157707547195145,42.25238231390578,7490100
2018-03-08,44.032230377197266,44.08903524468906,43.21804894532288,43.75768254633748,4788600
2018-03-09,46.28544235229492,46.31384298201714,44.60027090793314,44.7896168661867,5875100
2018-03-12,46.1245002746582,46.82507561980372,45.91621936106015,46.48425361990645,4652600
2018-03-13,45.206172943115234,47.07122458460746,44.874820240477646,46.77773818264731,7375300
2018-03-14,44.515071868896484,45.840486546115,44.20265045070738,45.74581535898307,4263700
2018-03-15,44.35411834716797,45.158837735460764,44.0890361828461,44.818015746204864,4193700
2018-03-16,44.4582633972168,45.06416761343848,44.4582633972168,44.60027377791363,4315400
2018-03-19,42.6500129699707,44.05116725944742,41.75062239179023,44.022766630196294,6423900
2018-03-20,42.8582878112793,43.19910975991344,42.50800019139341,42.8393528573026,3142600
2018-03-21,42.640541076660156,43.965955346141016,42.49853072817466,42.83935267536131,4552800
2018-03-22,39.469017028808594,41.892637588284074,39.27967466335158,41.400339492852765,10022300
2018-03-23,36.85605239868164,39.80983722313456,36.789781851542955,39.686761802102446,10342200
2018-03-26,39.9423828125,40.06545824738293,37.471430109376996,38.65483802928191,9041700
2018-03-27,37.793304443359375,40.652417718773705,37.06432851934715,40.38733556458744,7820200
2018-03-28,37.528221130371094,38.7400293537739,36.94125197359453,37.925847960846,9961400
2018-03-29,39.09032440185547,39.84770461509188,37.69863577714538,38.086793362146146,7663100
2018-04-02,36.37321472167969,38.929375892412814,35.14247152435587,38.673759414192155,12107000
2018-04-03,37.802772521972656,38.02051908618169,36.07973135173301,37.01698814500349,9172500
2018-04-04,39.0240478515625,39.30806493637042,35.96612322846843,36.0418594323964,10015100
2018-04-05,39.857173919677734,40.32107137401114,39.27967393734912,39.83824257266124,6809900
2018-04-06,37.24421310424805,39.620494548475186,36.448962861003544,38.87258350981399,10687400
2018-04-09,37.67023468017578,39.39327599820507,37.52822431193682,37.963717477708244,6741700
2018-04-10,39.56368637084961,39.94237466105178,38.61696022813374,39.17552879679505,7414000
2018-04-11,38.88203430175781,39.78142467248535,38.75895891760195,38.806298104066194,6605700
2018-04-12,39.86664962768555,40.33054354528412,39.478491944777204,39.57316314100864,6027000
2018-04-13,39.50688171386719,40.586148944511116,38.96724809854523,40.50094344675114,6007900
2018-04-16,40.45360565185547,40.85123249017265,39.895037110713005,40.31159890432847,3747100
2018-04-17,41.74115753173828,42.04410962122658,41.068982808903236,41.36246561414102,4018900
2018-04-18,41.816898345947266,42.261860856324546,41.59915173340443,42.02517928467266,3330000
2018-04-19,41.135250091552734,41.59914386178434,40.60508217124312,41.466602784575315,4214600
2018-04-20,40.06544876098633,41.2015208173993,39.620486332785156,41.11631532288149,5689900
2018-04-23,40.03705596923828,40.65242589543994,39.497422268834484,40.35894305469618,3243300
2018-04-24,38.474952697753906,40.680826506362855,37.66076757717676,40.57668604515314,8778800
2018-04-25,38.69269561767578,38.94831210414289,37.499822292302824,38.42761345903147,4856000
2018-04-26,39.857173919677734,40.273735783521786,39.00512245644719,39.23233473538571,5523000
2018-04-27,39.951839447021484,40.33052769458994,39.49741138305541,40.16011671916851,4741100
2018-04-30,39.0240478515625,40.567208669892366,39.014578568900774,40.254790960045604,5237100
2018-05-01,39.232330322265625,39.289135191347484,37.99212137817105,38.806306444309456,5157500
2018-05-02,38.39921188354492,39.54474959681919,38.2382665687153,39.137657085246765,5284600
2018-05-03,38.15305709838867,38.493879036409126,36.638296942156735,37.97318045842147,9825200
2018-05-04,39.620487213134766,39.96130919877892,37.52822332639809,37.67969936318732,5889100
2018-05-07,39.99917984008789,40.51987850032685,39.677292804608115,40.03704975284402,4272200
2018-05-08,40.00864791870117,40.21692883991244,39.25126767539727,39.85717187004039,3465300
2018-05-09,41.1541748046875,41.33405142020754,40.093839227963045,40.377859878694025,4047700
2018-05-10,42.33759307861328,42.49853478488461,41.504473085017224,41.570743624243484,4701900
2018-05-11,42.57427215576172,42.84881996897008,42.11037479642117,42.36599126648964,2738500
2018-05-14,42.70681381225586,43.27484801254907,42.479597965254555,42.934026047783796,2527400
2018-05-15,41.854759216308594,42.11037569181222,41.409800413593445,42.100910020041006,6682400
2018-05-16,42.40386962890625,42.62161623315596,41.87370162846737,41.87370162846737,5268900
2018-05-17,42.27132034301758,42.83935453872067,41.85475856212686,42.2523853882977,4154800
2018-05-18,41.949432373046875,42.25238441866599,41.750617158787314,42.08197344157108,1706400
2018-05-21,42.867767333984375,43.17071947255516,42.536414561008314,42.71629126469898,3499200
2018-05-22,42.50800704956055,43.30325718752007,42.34706172052859,43.17071248829867,2422200
2018-05-23,42.867767333984375,42.89617157986401,41.75062996870171,41.83583548339189,3009600
2018-05-24,42.621620178222656,42.79203120801293,41.655958879902535,42.65949009850369,3219500
2018-05-25,42.27132034301758,42.61213869355543,42.006234588412575,42.29972096936073,1971600
2018-05-29,40.85123825073242,41.82636511152256,40.22639908367216,41.428738217134786,5521900
2018-05-30,42.432273864746094,42.640554813229265,41.42874265379686,41.48554753378527,3855100
2018-05-31,41.561279296875,42.37546074963726,41.32459776013078,42.223984710579906,4017000
2018-06-01,42.8582878112793,42.990828877642976,42.2713186838945,42.337589217076335,4400200
2018-06-04,43.46419906616211,43.57780519729914,43.15178130266682,43.274853106617854,2689200
2018-06-05,43.558868408203125,43.729279403478444,43.094974618877586,43.4925978668709,2540000
2018-06-06,44.657066345214844,44.657066345214844,43.520997966755864,43.86181992488288,3249400
2018-06-07,44.58133316040039,45.04523054851036,44.09850442797646,44.90322018584086,2745700
2018-06-08,44.960025787353516,44.99789208807329,44.240511901573655,44.33518668205711,2116100
2018-06-11,45.15884017944336,45.54699777455319,45.02629909010935,45.08310035041031,2045600
2018-06-12,45.3765869140625,45.51859728821122,44.96949436040826,45.386052586984626,2306600
2018-06-13,44.85588455200195,45.59432976952197,44.78961401255649,45.47125436277746,2617100
2018-06-14,45.206172943115234,45.49965934507538,44.89375158507957,45.357648980245784,2214800
2018-06-15,45.02629089355469,45.196701866383734,44.155301075598096,44.80854434193383,2351900
2018-06-18,44.713871002197266,44.79907649133546,43.9470215999535,44.21210735031305,2556700
2018-06-19,44.21574783325195,44.338859733335596,43.268740998088795,43.505492706879586,3410900
2018-06-20,44.4714469909668,44.79342950922738,44.2631079115358,44.566149856658114,2782900
2018-06-21,43.609657287597656,44.44302418507939,43.335024480892656,44.44302418507939,3239100
2018-06-22,43.79906463623047,44.30097708577743,43.70436540095362,44.26309955919325,1835900
2018-06-25,42.04710388183594,43.25927144472102,41.128506118530915,43.18350916576856,7442900
2018-06-26,42.283851623535156,42.73841441703298,41.914515967058215,42.32172914691867,2959600
2018-06-27,41.2137451171875,43.335038776410634,41.16639548964632,42.57743389811666,4772500
2018-06-28,41.99028396606445,42.331207010823086,40.825465971502084,41.166389016260716,3977500
2018-06-29,42.179683685302734,43.192980671008954,42.04710331147863,42.50166614139452,3857900
2018-07-02,42.30279541015625,42.425907315529095,41.147449478150676,41.27056138352353,4088400
2018-07-03,41.82929611206055,42.85206537322198,41.668306661254526,42.81418422742825,1803400
2018-07-05,42.86152267456055,42.93728494638824,41.905047474271655,42.473250062803515,2870400
2018-07-06,43.9127082824707,44.14946000391767,42.6816000534554,42.899411203681254,4119900
2018-07-09,45.15328598022461,45.16275445901281,44.49038047617516,44.50932104629593,3152200
2018-07-10,45.588905334472656,45.68360817900886,45.229041750323354,45.390034779762836,2952400
2018-07-11,44.67030715942383,45.20063224582754,44.44302755992517,44.74606943428612,3519500
2018-07-12,45.79724884033203,45.8540669355771,44.98282242474019,45.29533639876487,3730300
2018-07-13,45.88248062133789,46.09081966280039,45.46579531332431,45.73095967639048,2323400
2018-07-16,45.787776947021484,46.00559168821488,45.54155677062718,45.948769980180394,1436200
2018-07-17,46.337039947509766,46.554851063594846,45.342683595801695,45.361624164053964,3225300
2018-07-18,46.61168670654297,46.67797690897652,46.12871110304698,46.38440343209572,2005400
2018-07-19,46.062408447265625,46.44121259808321,45.816188278015076,46.22340147575354,2648300
2018-07-20,45.93929672241211,46.2991603057351,45.825656921773735,45.967709381979795,2139000
2018-07-23,46.185523986816406,46.27075474685638,45.60784923682817,45.78777923578172,1643600
2018-07-24,46.79159927368164,47.31245221804196,46.35597707385619,46.89577058506245,3432200
2018-07-25,48.08901596069336,48.21212788644728,46.706386560071394,46.71585865342293,3646000
2018-07-26,47.6628532409668,48.08900340434145,47.55868191657061,47.634440580876074,2383900
2018-07-27,46.715843200683594,47.899601599899654,46.17604604710065,47.899601599899654,3060200
2018-07-30,45.91089630126953,46.82002210227412,45.65520399238484,46.73479133264589,2313900
2018-07-31,46.58326721191406,46.97153988892267,46.15711700517001,46.42227777604089,2551100
2018-08-01,46.4317512512207,47.01889818210185,46.052950625296845,46.69691566316685,2450800
2018-08-02,47.09466552734375,47.22724595143818,45.52263378978224,45.65521421387667,2931700
2018-08-03,47.738624572753906,47.748093053600485,47.10413159222368,47.22723990595497,1928300
2018-08-06,48.259464263916016,48.420457293778405,47.53026861552034,47.70073012358915,2344700
2018-08-07,48.714027404785156,48.93183853042098,48.54356589558423,48.62879665018469,2416900
2018-08-08,48.65720748901367,48.88448708441253,48.392043144322955,48.61932635226585,1851800
2018-08-09,48.44886779785156,48.90343062885621,48.36363704125417,48.69508797660832,1871400
2018-08-10,47.44504928588867,47.8996158252244,47.04730807965118,47.58710178099921,2915300
2018-08-13,46.89577865600586,47.946956815333145,46.734785616379696,47.57762472963315,3362100
2018-08-14,47.7765007019043,47.92802166734707,47.10412664353604,47.33140628542781,2305700
2018-08-15,46.744258880615234,47.08518192598334,45.9108918377759,47.03782869325875,4301800
2018-08-16,47.833309173583984,48.32575311524238,47.50185825734469,47.50185825734469,3019000
2018-08-17,48.29734802246094,48.581449347143014,47.482921575839796,47.66285518442244,3372100
2018-08-20,48.61933135986328,48.78032078880674,48.33523003008139,48.581450219213856,2516800
2018-08-21,48.92238235473633,49.46217606543396,48.856092152548555,48.94132292858213,2456300
2018-08-22,48.87501907348633,49.15912037672143,48.571977201696335,48.714026047041855,2035400
2018-08-23,48.647743225097656,49.24435858095635,48.477281694852316,48.77085513306254,2146900
2018-08-24,49.481109619140625,49.594749433547705,48.95078446433332,48.99813769850212,2470200
2018-08-27,50.64591979980469,50.750091118755336,50.1345352954346,50.191357000101505,3019000
2018-08-28,50.7879753112793,51.02472700948817,50.49440190498438,50.986845870764135,2224800
2018-08-29,51.56452560424805,51.71604656132713,50.740630625914555,50.88267949111988,2130000
2018-08-30,50.90161895751953,51.49823429355733,50.58910495827061,51.27095105659953,2677900
2018-08-31,50.90161895751953,51.18572029430841,50.37129381298098,50.67433572056172,2799300
2018-09-04,50.66486358642578,50.84479357715137,50.049307724002915,50.6743320648664,2390200
2018-09-05,50.27659606933594,50.53228836382651,49.62316261400088,50.42811702764021,2584500
2018-09-06,49.812557220458984,50.44705366753468,49.15912381604758,50.28606062982663,2514500
2018-09-07,49.42428970336914,50.011436593008504,48.988667388510024,49.11177929924662,2650600
2018-09-10,49.70838928222656,50.18189268947277,49.59474586345557,50.030371743655756,1730500
2018-09-11,50.23870086669922,50.45651195752043,49.11176428048245,49.329575371303655,1957000
2018-09-12,50.25765609741211,50.57017010969842,49.774684165976936,50.18189742362868,2661100
2018-09-13,51.0815544128418,51.21413842253467,50.68381322139781,50.84480267149327,1817700
2018-09-14,51.10048294067383,51.318294057868464,50.655392228382205,51.23306330657108,1873600
2018-09-17,50.27659606933594,51.091022574925624,50.11560301908131,51.04367295280765,1709500
2018-09-18,51.06260299682617,51.4129981006475,50.38076058306295,50.3902290611865,1700500
2018-09-19,51.25200271606445,51.48875439625466,51.02472312610646,51.1099538754767,1218800
2018-09-20,52.44524383544922,52.663054991859084,51.93385923559404,51.99068095087062,2039700
2018-09-21,52.3221321105957,52.98503767432486,52.20849229218475,52.92821595884704,2134900
2018-09-24,51.829689025878906,52.04750018703201,51.44141632772863,51.952800938720145,2156000
2018-09-25,51.63418960571289,52.11816957458792,51.50133250131915,52.06123288418179,1670000
2018-09-26,51.150203704833984,52.42184153097524,50.93193434997505,51.71959226336952,1894500
2018-09-27,51.5677604675293,52.232049602034024,51.28306615848,51.4443916062436,1622200
2018-09-28,51.54878616333008,51.87144071523949,51.17868315792207,51.20715150600424,1493000
2018-10-01,52.0897102355957,52.753999492503375,51.71960720362742,52.34593624697803,1943400
2018-10-02,52.00429153442383,52.450314907476184,51.79551764029924,52.00429153442383,1228300
2018-10-03,52.11817932128906,52.905837473331154,51.89042527690274,52.63063135128618,1638500
2018-10-04,50.87501907348633,51.82400281708403,49.926035329888634,51.795534463203516,4263400
2018-10-05,50.09684371948242,51.273581323506264,49.157348388775034,50.98888697544147,4200900
2018-10-08,49.97346496582031,50.20122257131503,48.77774749220497,49.63183036762041,3714700
2018-10-09,49.78367614746094,50.51439391512574,49.44204149036207,49.7741879048015,3446900
2018-10-10,45.067230224609375,49.451533196641236,44.82049247522534,49.43255309129747,9485400
2018-10-11,42.011505126953125,45.304479433858454,41.1763985310063,44.4788610812369,14318800
2018-10-12,43.814571380615234,44.31753515378876,42.10640161269246,44.23212648438837,8069400
2018-10-15,43.03639602661133,44.27007735083847,42.97945933908875,43.529867832285305,4841800
2018-10-16,45.759986877441406,46.06366131678701,43.814567749022224,44.02334528360415,5154900
2018-10-17,45.81692123413086,46.177535969982664,44.431406222811695,45.85488144213309,5035100
2018-10-18,43.89048385620117,45.655593624010024,43.140786073945236,45.342427352909,6828500
2018-10-19,43.710174560546875,45.20956637646523,43.37802821480854,44.22262282011551,6193400
2018-10-22,43.19772720336914,44.279567760285076,42.865580822857595,44.13721879433947,4825900
2018-10-23,42.457523345947266,43.07436044836046,40.142001291104904,41.20486179655768,7697800
2018-10-24,38.61414337158203,42.561915206312186,38.357917351961675,42.37212137259518,9348200
2018-10-25,40.73037338256836,41.45160292825399,39.00322356223153,39.477715350677585,6732000
2018-10-26,38.49076843261719,40.07556899049136,37.14321010728056,38.78495097301439,10652300
2018-10-29,37.83597183227539,40.62598569081374,36.12780222464905,40.00914495635306,8851100
2018-10-30,39.59158706665039,39.695975815804054,37.560763248845696,37.80749733041271,6286900
2018-10-31,40.8157844543457,41.935585430669015,40.57853854614306,40.8157844543457,6174000
2018-11-01,42.1253776550293,42.19180621147786,40.68292227770294,41.24282269640143,4317600
2018-11-02,41.261802673339844,42.86558350562213,40.25587884724328,42.637829489956566,6079700
2018-11-05,41.983036041259766,42.25823853389294,41.07200903433309,41.54650083415703,2801900
2018-11-06,42.78018569946289,42.86559075471691,41.916607082094416,41.95456729781982,2298000
2018-11-07,45.446807861328125,45.551196599415206,43.710170373419025,43.93792432916914,4159300
2018-11-08,45.22854995727539,45.617633017294764,44.630689385021654,45.11467295973141,2813900
2018-11-09,43.966407775878906,44.640185199464106,43.159769619962226,44.55477653872198,4498600
2018-11-12,41.41364288330078,43.75763348610038,41.17639698812139,43.64375647003809,5285200
2018-11-13,41.18589401245117,42.68528637543939,40.81578732871937,41.660385862271646,4814300
2018-11-14,40.35078430175781,42.34364847276016,39.56312615278343,42.16334288664946,5201200
2018-11-15,41.63191223144531,41.85017803925904,38.92731024322582,39.724456663977676,6201800
2018-11-16,41.86914825439453,42.372111937993296,40.74934750839019,41.04353367728439,4776100
2018-11-19,39.9332275390625,41.7173139180262,39.31638681415301,41.59394866911212,5329900
2018-11-20,37.608211517333984,38.841889159575615,37.14320807875335,38.120659779746575,7919500
2018-11-21,37.968833923339844,38.82292064916851,37.940365572507325,38.319960477339016,3872800
2018-11-23,37.200164794921875,37.82649394314898,37.07679589024637,37.105264245138486,1819200
2018-11-26,38.90831756591797,38.94627776894883,38.01627451519797,38.24402849321472,3589000
2018-11-27,39.287925720214844,39.29741396415797,38.13965271848279,38.45281906988756,3522500
2018-11-28,42.011505126953125,42.011505126953125,39.36383996872236,39.83833177686041,5697300
2018-11-29,41.726802825927734,42.4764969888624,41.05302183532019,41.631902310307545,4628200
2018-11-30,42.571407318115234,42.7896731242299,41.499054774955916,41.650892014865484,4103300
2018-12-03,44.12773895263672,44.706619548218285,43.349572662863714,44.64967922698418,6058500
2018-12-04,39.952205657958984,43.94742911982282,39.695983287372,43.719671476975044,7951500
2018-12-06,39.72445297241211,39.73394121531124,36.40301046461959,37.959342946200195,9950000
2018-12-07,36.90596389770508,40.284346109596555,36.478920643099016,39.49668814886933,9520200
2018-12-10,37.08628463745117,37.541796377859455,34.79923045110095,36.81107849634444,8545900
2018-12-11,37.09576416015625,38.68056482480876,36.41249490014169,38.585667925399925,7198200
2018-12-12,37.6651496887207,39.126584987563746,37.61770124293164,38.48127598859628,6801600
2018-12-13,37.58924102783203,38.51924452272366,37.09576912073104,38.092201178108844,5364800
2018-12-14,35.52994155883789,37.010357147987946,35.254739090283984,36.54535363200924,6949600
2018-12-17,33.47065353393555,35.56790651682902,32.67350712875217,35.05545448062143,9401900
2018-12-18,33.309326171875,34.419638974983094,32.60708026639545,34.144432835228855,7564200
2018-12-19,31.667579650878906,34.92259347597399,31.022270555402716,33.33779270508254,11983300
2018-12-20,30.25359535217285,31.885846437558094,29.26665338265044,31.25002918462311,13724900
2018-12-21,28.384098052978516,31.65809204955812,28.089913657038412,30.52879929955895,12712400
2018-12-24,26.135005950927734,28.194298368267948,26.078065638803764,27.73878673153027,7749400
2018-12-26,29.921451568603516,29.978390074002835,25.878781484402865,26.647457642442248,13894400
2018-12-27,30.760189056396484,30.76974030649962,27.378478036477325,28.734983308898684,14909600
2018-12-28,30.57868194580078,31.93518901537481,30.091488028750017,31.276043446629814,13116100
2018-12-31,31.42888832092285,31.447990820393347,30.454495040272832,31.20916949164507,9072100
2019-01-02,31.45754623413086,31.83010693007535,29.862219658844985,29.919536268514406,10629200
2019-01-03,29.12665557861328,30.827064477229598,28.983363113586986,30.73153373779534,10652700
2019-01-04,32.06892776489258,32.34596138110774,30.22522681358023,30.378072318367167,13208800
2019-01-07,32.84270477294922,33.454086691392064,31.830101192950956,32.240874102677935,7787400
2019-01-08,33.73113250732422,33.989060031075425,32.708977308083334,33.80755345281068,7245700
2019-01-09,34.227882385253906,34.61954930788941,33.568733035461754,34.084588097701236,7309500
2019-01-10,34.609989166259766,34.705519891524325,33.2725918096769,33.57828284227439,5935800
2019-01-11,34.61954879760742,34.61954879760742,33.84576621565353,34.103693742971494,5612300
2019-01-14,33.98906326293945,34.361624062407955,33.59739267012601,33.7884505181965,3991500
2019-01-15,35.164058685302734,35.29779806508652,34.17056094387349,34.17056094387349,6128400
2019-01-16,35.36466598510742,35.804096395012216,35.25003275733326,35.355111090386885,5783700
2019-01-17,36.214866638183594,36.596982227027716,34.99210258448132,35.00165383434648,5419400
2019-01-18,37.59048080444336,37.83885706086211,36.65430150560488,37.045968392303884,7009700
2019-01-22,36.11935043334961,36.998211450415035,35.34556777292211,36.91223559925643,7651500
2019-01-23,36.262630462646484,36.874012494334515,35.18316065725172,36.58742762249629,7529400
2019-01-24,36.35816192626953,36.625640659572404,35.75633113221363,36.233973809754154,6140600
2019-01-25,37.35165786743164,37.6382464041514,36.99820328803513,37.170154952417136,6643200
2019-01-28,36.43458938598633,36.43458938598633,35.59393710258042,36.272192595713356,5606700
2019-01-29,36.243526458740234,36.72116915471579,35.88052063356851,36.472796556223315,4434800
2019-01-30,37.963035583496094,38.354702371093836,36.60652869983212,36.94087706334585,7311100
2019-01-31,38.975643157958984,39.1762522151393,37.829299961875726,37.94393683237124,8228200
2019-02-01,39.00430679321289,39.501052021918134,38.631742405496745,39.04251544179612,5232200
2019-02-04,39.825843811035156,39.85450484873476,38.70816173210697,39.05206503150774,3941400
2019-02-05,40.322593688964844,40.46588794890158,39.78763622599976,40.0551149574823,5332000
2019-02-06,40.16975021362305,40.408571562864715,39.78763824131114,40.18885635885733,3422300
2019-02-07,38.994747161865234,39.60612919443916,38.192307333080855,39.35775661025264,7435000
2019-02-08,39.1093864440918,39.15715363364183,37.972598028824535,38.364264931910306,4921000
2019-02-11,39.19536209106445,39.55837159393783,38.92788332269718,39.43418346114235,4301800
2019-02-12,40.704708099365234,40.867104854709666,39.91181953397967,39.95958671531561,4793900
2019-02-13,41.058162689208984,41.50714795652599,40.89576593370029,41.09637497666667,5265700
2019-02-14,40.781131744384766,41.36385641187487,40.121986141094474,40.52320425332564,6092300
2019-02-15,42.09942626953125,42.108981164010224,41.54536264585981,41.65044097625691,5479200
2019-02-19,42.31913757324219,42.6439347172623,41.688649428276584,41.7077555713512,3781800
2019-02-20,42.56752395629883,42.777684292067825,42.04211400656369,42.30004153349047,4334600
2019-02-21,42.09942626953125,42.414672193096095,41.60267743623559,42.25227178407418,4584300
2019-02-22,42.9018669128418,42.96873659891376,42.28092994888837,42.424224215685186,6849300
2019-02-25,43.064266204833984,43.85715116654837,42.987841626096724,43.58967242921694,5170800
2019-02-26,42.95918655395508,43.38906207816002,42.74902259518844,42.83499842885437,3184700
2019-02-27,42.86366271972656,43.054720563506294,42.089883736400296,42.5770777761196,3532500
2019-02-28,42.586631774902344,42.96874381028207,42.46244363244447,42.74902857001056,3285400
2019-03-01,43.417724609375,43.618333680107725,42.69170562368782,43.417724609375,4277000
2019-03-04,42.882755279541016,44.05775572687519,41.7364122242488,43.94312251458321,7861700
2019-03-05,42.739471435546875,43.08337112681936,42.45288289329943,42.978292791336614,3892000
2019-03-06,41.91791915893555,42.79677986844999,41.80328230142346,42.79677986844999,4328000
2019-03-07,40.90531921386719,41.76507750371823,40.46588881866532,41.698207819410314,6250700
2019-03-08,40.62828826904297,40.69515795777308,39.701663877729466,39.921379089860494,6224800
2019-03-11,42.414669036865234,42.46243257333229,40.95308004092832,40.962634934696275,3862500
2019-03-12,42.86366271972656,43.12159026221041,42.5770777761196,42.653502371281604,3725800
2019-03-13,43.71385192871094,44.18194330989523,43.23620929833369,43.32218511756656,4906400
2019-03-14,43.60878372192383,43.9240260361182,43.37951360277117,43.7234169594377,4317000
2019-03-15,44.25837326049805,44.65959136961212,43.799833072761224,43.89536379692495,5508800
2019-03-18,44.68825149536133,44.86975806030063,44.248821069731484,44.37300919667026,4443100
2019-03-19,44.76468276977539,45.6722047977336,44.26793383190221,45.2805378565043,5591700
2019-03-20,44.31568908691406,45.26142323556006,43.75207055560727,44.630935017837594,7504000
2019-03-21,45.777286529541016,46.016107941679586,43.85716397936215,43.876270129628296,7996700
2019-03-22,43.15979766845703,45.347402261355164,43.14069152183185,45.05126245485208,10391500
2019-03-25,43.0069580078125,43.580127908276765,42.39557580888386,42.98785185858031,8812400
2019-03-26,43.9717903137207,44.49720025300314,43.29353848462426,43.95268416646271,7547000
2019-03-27,43.31264114379883,44.296583961533685,42.51020124421054,44.01955395891517,7767600
2019-03-28,43.81894302368164,44.029106990972025,43.02605798693808,43.61833395169982,5779200
2019-03-29,44.66914367675781,44.764674403181616,43.99089191770951,44.58316784503869,6036900
2019-04-01,46.197601318359375,46.32178943746504,45.509794682235075,45.6530889461358,4310000
2019-04-02,46.245365142822266,46.35044711777941,45.79637984768701,46.283577432647505,2783500
2019-04-03,46.47463607788086,47.09556940020673,46.12117785679388,46.89496034118412,4911200
2019-04-04,46.81852340698242,46.94271149633013,46.23580252892483,46.61791440089094,4480600
2019-04-05,47.43947219848633,47.48723573903742,47.00959304527734,47.18154470656094,3994800
2019-04-08,47.582767486572266,47.62097613335932,46.85674853574879,47.21975801116053,3444100
2019-04-09,46.81852340698242,47.210190171118775,46.53193859197693,47.02868730524415,5590900
2019-04-10,47.29618453979492,47.343951731143456,46.818541779310074,47.057363159552494,3316400
2019-04-11,47.25796890258789,47.563659932579455,46.95227787259633,47.563659932579455,3253000
2019-04-12,48.19414520263672,48.337435814399434,47.7451599353734,48.11772062773049,3344100
2019-04-15,48.0986213684082,48.27057304243452,47.649639681005986,48.23236439363687,2784500
2019-04-16,48.17502975463867,48.59535390307081,47.85978391022187,48.57624776303432,2918000
2019-04-17,47.79293441772461,48.795987150395035,47.59232532884058,48.795987150395035,3806100
2019-04-18,48.05084991455078,48.19414416735964,47.37259822538718,48.11771959409512,3242500
2019-04-22,48.13682174682617,48.25145495309553,47.58275821308766,47.64962788708845,1769000
2019-04-23,49.43600845336914,49.57930268914436,48.25145321744882,48.3756413121791,3681500
2019-04-24,49.17808532714844,49.59840953461797,49.05389722152994,49.40735539566535,2358500
2019-04-25,49.04435729980469,49.37870576431899,48.36610547514715,49.07301469844164,2976200
2019-04-26,49.693946838378906,49.71305298363275,48.59536717309265,49.05390372681116,3122800
2019-04-29,49.86589431762695,50.20979761509237,49.68438777500671,49.7321549561958,2178500
2019-04-30,49.96142578125,50.123826194487584,48.91061329700534,49.703498285490035,3347400
2019-05-01,48.86284255981445,50.448615947374876,48.85328766649458,50.353085234796495,5549000
2019-05-02,48.52848815917969,49.292715601819545,47.69739104306659,48.7482033211809,6457000
2019-05-03,49.91366195678711,50.066507474430466,49.1971979095605,49.30227988621367,3004400
2019-05-06,49.330928802490234,49.541092719671504,47.32483127273364,47.48722801301083,4728700
2019-05-07,46.866302490234375,48.28967567895268,45.76772283537497,47.96487850096921,8582200
2019-05-08,46.64659881591797,47.55411724432845,46.30269540787273,46.617937769163895,6251000
2019-05-09,46.28358459472656,46.50329982903439,44.55451647588009,45.490695856718894,7327200
2019-05-10,46.78032302856445,47.25796568593064,44.0577576951026,45.71040085229471,7709500
2019-05-13,43.331748962402344,44.59272547556222,42.882763630976164,44.076870453599135,11209900
2019-05-14,44.430320739746094,45.28052777598616,43.77117514952854,43.857150978176435,5962100
2019-05-15,45.21366500854492,45.586225774970494,43.51325432006727,43.64699370861747,5612500
2019-05-16,46.445980072021484,47.21976264027886,45.59577655857356,45.6053314543005,4826100
2019-05-17,45.59576416015625,46.914058814378194,45.251860890000614,45.27096703213415,6038200
2019-05-20,44.650047302246094,45.36651145017342,44.277482884258795,44.726468249746624,4861700
2019-05-21,45.844146728515625,46.07341317770013,45.42381883146985,45.56711309530355,2976300
2019-05-22,45.44292449951172,45.939673326366076,45.213658052732455,45.34739742070777,3591700
2019-05-23,43.83804702758789,44.28703233790051,43.02605588403813,44.27747744305894,7805400
2019-05-24,44.00044631958008,44.69780421610227,43.70430653717015,44.50674640951924,3730800
2019-05-28,42.79678726196289,44.65959461092258,42.79678726196289,44.18195188781111,3667800
2019-05-29,41.91791915893555,42.42421919184608,41.22056134096235,42.214055263864736,6781400
2019-05-30,42.27137756347656,42.720362852869485,41.70775905019856,42.30003495841671,4629500
2019-05-31,40.61873245239258,41.37340873365991,40.532756627385865,40.96263575241943,5222400
2019-06-03,40.2175178527832,41.10593365402111,39.56792342512269,40.55186996226653,7024900
2019-06-04,42.825443267822266,42.90186419958943,41.12503289547946,41.34474808498105,5976800
2019-06-05,43.93357467651367,43.971783320828315,42.72991309955472,43.67564719573676,4596300
2019-06-06,44.79331970214844,45.146774184150985,43.761613644266426,44.11506812626897,4726000
2019-06-07,46.1020622253418,46.69434167409706,45.23275283765942,45.31872865156751,5322800
2019-06-10,46.7230110168457,47.649639065560855,46.6943536195864,46.95228112729448,5061300
2019-06-11,46.6943473815918,47.93621756662962,46.35044408392378,47.726053630471554,3699300
2019-06-12,46.455528259277344,46.875852507440364,46.18804587942409,46.570161482571905,3016000
2019-06-13,47.03825759887695,47.21020562888128,46.57016612060873,46.95228176181237,3005200
2019-06-14,46.81852340698242,47.15287539459186,46.42685664284607,46.83762954719927,2055700
2019-06-17,46.914058685302734,47.286619345571644,46.789870583838436,46.96182221844316,1840300
2019-06-18,48.280128479003906,48.92016799406927,47.66874636188927,47.8693554357941,4199100
2019-06-19,48.709999084472656,48.97747780253992,47.88845314283836,48.43296547268914,3775100
2019-06-20,50.06650924682617,50.27667320757249,48.967929544538244,50.181142478085654,4128600
2019-06-21,49.827693939208984,50.582370395224046,49.69395454581394,49.84680008742615,3595200
2019-06-24,49.63663864135742,50.10473018632019,49.56021768870299,49.91367233849609,2137900
2019-06-25,48.14081573486328,49.66833326493344,48.083172250124534,49.64911877002052,3304200
2019-06-26,48.03513717651367,48.92859102118003,47.94867378300434,48.6595954257244,3243800
2019-06-27,48.486663818359375,48.774873879807764,48.227273663618895,48.41941492618108,2230400
2019-06-28,49.332088470458984,49.51462435220356,48.75566824286347,49.03427294094382,2845800
2019-07-01,50.49454116821289,51.215068277928765,49.908511865944185,51.099781301725145,4302600
2019-07-02,50.9556770324707,50.97489152811014,50.05261406136867,50.532965457983686,2114100
2019-07-03,52.09891891479492,52.13734791114691,51.24389390231271,51.320748230225874,1488400
2019-07-05,51.868350982666016,52.031668715934074,50.67707777877088,51.42642486513627,3417500
2019-07-08,51.138214111328125,51.368784416157354,50.77314598901129,51.17664310626477,2254400
2019-07-09,51.28231430053711,51.43602659538244,50.38886044150174,50.4176803515383,2006500
2019-07-10,52.02206039428711,52.54083714406609,51.58013430143689,51.88755891789499,4260700
2019-07-11,52.3294792175293,52.512011418096755,51.78187895103683,52.387119036240016,3822300
2019-07-12,52.992366790771484,53.05001027862832,52.4351610673169,52.61769328167798,2427200
2019-07-15,53.059608459472656,53.28056963561,52.79061288239935,53.28056963561,1810500
2019-07-16,52.4927978515625,53.117256107095216,52.36790546749792,53.02118363289548,2263300
2019-07-17,51.5032844543457,52.61769970202484,51.4744645392959,52.55045079038142,2837000
2019-07-18,52.041259765625,52.223795610992525,50.90763403257628,51.167020517948565,2714000
2019-07-19,51.09017562866211,52.64651315166476,51.01331764491365,52.64651315166476,2998600
2019-07-22,51.474456787109375,51.781881383977726,51.042139802516296,51.33995531928798,2538200
2019-07-23,52.57926559448242,52.57926559448242,51.65699175462985,52.11812867455614,2622700
2019-07-24,53.31899642944336,53.31899642944336,52.09890363894079,52.14693803790126,2461600
2019-07-25,52.512020111083984,53.07883496590885,52.07009765879089,53.07883496590885,3708900
2019-07-26,53.54956817626953,53.674456884109716,52.85786108452156,52.9251099779093,1860800
2019-07-29,53.28057861328125,53.51114890733035,52.94433408528308,53.491934410760386,1802800
2019-07-30,52.93471908569336,53.1076458706967,52.233406530864265,52.46397679913209,2480100
2019-07-31,51.09977340698242,53.11725120136758,49.92771864831391,53.03078781496836,5429500
2019-08-01,49.783626556396484,52.896305725690254,49.34170407911869,51.224680980834336,8602200
2019-08-02,48.678802490234375,49.3705095848049,47.775743300492735,49.27444078379892,6836200
2019-08-05,44.31721496582031,46.430761561932286,43.23161992815006,46.38272349684692,9030500
2019-08-06,46.113731384277344,46.209800192078546,44.461321503607905,45.24909745490611,5088700
2019-08-07,46.200199127197266,46.57487264360552,43.33730514064222,44.46132568986696,8132300
2019-08-08,48.842140197753906,48.842140197753906,46.65173855151282,46.96876863277826,5007300
2019-08-09,47.77574920654297,48.64998859701448,46.872689905164904,48.323349502509174,6514200
2019-08-12,46.07530975341797,47.29540286424933,45.566138394135294,46.98797823244198,4710700
2019-08-13,48.236881256103516,48.97662276826335,45.71984123075274,45.9023734227961,6105100
2019-08-14,43.93293380737305,46.34429962436876,43.894504820019264,45.9984460677646,10357600
2019-08-15,44.28839874267578,44.73993024291497,43.24123251739945,44.403685720262665,7187300
2019-08-16,46.19059371948242,46.44037484220132,45.095389417372154,45.13381841003366,4071900
2019-08-19,47.85261154174805,48.246499574060124,47.45872350943596,47.843002460711546,4107600
2019-08-20,46.76700210571289,47.89102237045656,46.71896770944675,47.6316358976615,3963100
2019-08-21,47.919857025146484,48.131209150566605,47.564394348012414,47.92946244070588,3273600
2019-08-22,47.814170837402344,48.6499811081456,46.89189718245876,48.29452215745084,3734400
2019-08-23,44.17311477661133,48.03514051368658,43.50062207646164,47.141686606948774,7886000
2019-08-26,45.604557037353516,45.604557037353516,44.49974749803724,45.287523396322115,4513000
2019-08-27,45.05696487426758,46.5172299729341,44.67268227054027,46.34430683252638,3888400
2019-08-28,46.00804901123047,46.09451239573778,44.30760489244659,44.69188741576568,2704800
2019-08-29,47.72771072387695,48.02552988204022,46.82465149962542,47.3914662427168,3399200
2019-08-30,47.68927764892578,48.54430239755964,47.17049735263457,48.525087905312965,2942400
2019-09-03,46.86307907104492,47.24736163777097,46.10412668218572,46.74779576694317,2787100
2019-09-04,48.38098907470703,48.42902347726168,47.58360406609785,47.996706524689834,2422600
2019-09-05,50.26396179199219,50.782742096732754,49.70675616692211,49.76439597981124,3338800
2019-09-06,50.379249572753906,50.734712219603914,50.07182499397935,50.46571296458363,2455200
2019-09-09,50.398468017578125,50.9652828162724,49.91811661749113,50.94606832049408,2289300
2019-09-10,50.45610809326172,50.45610809326172,49.35129848184854,50.03340020909159,2827900
2019-09-11,51.51288604736328,51.52249512819383,50.225544075361434,50.581006770280624,2772900
2019-09-12,51.974021911621094,52.598480220335794,51.570528479989186,51.974021911621094,3661300
2019-09-13,51.83952331542969,52.42555262231019,51.64738201836864,52.23341132524914,2551400
2019-09-16,51.39759826660156,51.62816854423047,51.003710276944446,51.19585156417016,2274700
2019-09-17,51.733848571777344,51.81070656120212,51.16703372653689,51.24389171596167,2205800
2019-09-18,51.84912872314453,51.9163776226337,50.37925101981929,51.54170413553968,4182300
2019-09-19,51.82991027832031,52.627291596404376,51.647374423797906,52.0604768690572,3345100
2019-09-20,50.974891662597656,52.30065888210385,50.667467061136186,52.14694658137312,3989100
2019-09-23,51.05175018310547,51.41681830168944,50.552184248409155,50.67707664828089,2208800
2019-09-24,49.793235778808594,51.858744927462,49.26484622318963,51.647389105214415,5967700
2019-09-25,50.70589828491211,50.946074011786145,49.04388269471872,49.860482364964874,3930900
2019-09-26,50.34082794189453,50.80196484388438,49.5818718540238,50.686677869794174,3742100
2019-09-27,49.49540710449219,50.81156887203615,48.67880755187174,50.77313988172196,4937100
2019-09-30,50.25436782836914,50.600217778873684,49.78362181537512,49.802836312312685,3086200
2019-10-01,48.409812927246094,51.07096009122626,48.30413503414225,50.696286590069214,6224400
2019-10-02,45.90237808227539,47.554788051965474,45.16263649502554,47.53557355641206,8157500
2019-10-03,46.939945220947266,46.949550637631816,44.30761760969287,45.729457490408755,7194000
2019-10-04,48.822914123535156,48.95741192399164,47.27618208870519,47.33382557381092,5317500
2019-10-07,48.16963195800781,49.2840469241301,48.04473958302802,48.42902212229359,4386700
2019-10-08,45.998443603515625,47.583600766644025,45.95040920429169,47.18971282934415,6422500
2019-10-09,47.1993408203125,47.74694125342021,46.69016572310669,47.026413981984675,4471100
2019-10-10,48.236881256103516,48.659592785789094,47.10325178705753,47.18971517587595,4924000
2019-10-11,49.69715118408203,50.878815087963595,49.61068779283265,49.66833127526225,6739500
2019-10-14,49.562652587890625,49.86047174510613,49.322476912171986,49.48579461256148,2638300
2019-10-15,51.00371170043945,51.38799428561607,50.01418899107661,50.062223398026106,3128800
2019-10-16,50.734710693359375,51.0997750791782,50.46571144643136,50.72510161411733,2972300
2019-10-17,51.09977340698242,51.628162804305326,50.76352894031314,51.349558152042306,3360000
2019-10-18,50.436893463134766,51.17663500703555,49.93732760239176,50.84999593134936,2717600
2019-10-21,51.5320930480957,51.5705220362467,50.946063805558126,51.2246684724678,2479500
2019-10-22,50.94607162475586,51.91638356814671,50.89803721458981,51.810705666907054,3491900
2019-10-23,51.426422119140625,51.436031199873135,50.696289569462316,50.83078738139328,2880100
2019-10-24,51.61855697631836,52.0028395322481,51.176634602352195,51.906767060870635,3816300
2019-10-25,52.31986999511719,52.55044026370122,51.282312948464295,51.282312948464295,3881000
2019-10-28,53.155677795410156,53.40545886443968,52.934712967497155,52.934712967497155,3545200
2019-10-29,53.0692253112793,53.588002048075815,52.89629851075032,52.98276191101481,3364000
2019-10-30,53.54956817626953,53.75131485643274,52.42554415217908,53.203714630395545,3092500
2019-10-31,53.0692253112793,53.53996764010452,52.2814456284304,53.53996764010452,3960700
2019-11-01,54.56791305541992,54.56791305541992,53.81856611627007,53.92424400046607,3668700
2019-11-04,55.19237518310547,55.55744326392134,55.00023389505552,55.49979977806929,2765400
2019-11-05,55.00983810424805,55.50940397630915,54.85612581013618,55.3845152568865,2370800
2019-11-06,55.077091217041016,55.24040892781526,54.51988185484375,55.038662226932885,2527600
2019-11-07,55.672733306884766,56.326011566422984,55.34609417711565,55.8648746181826,3925400
2019-11-08,55.999359130859375,56.02817903802952,55.00022748134306,55.43254441284434,1814800
2019-11-11,55.68233871459961,55.807231116642306,55.10591844558681,55.20198726882538,1823700
2019-11-12,55.999359130859375,56.585388341917785,55.58625669240147,55.91289574455912,2829400
2019-11-13,56.07621765136719,56.33560782975648,55.30765619583786,55.422939497969736,3553300
2019-11-14,56.335609436035156,56.38364384122718,55.53822804843491,55.94172144979619,2674500
2019-11-15,57.54609680175781,57.54609680175781,56.710282761736885,57.10417074682633,2334300
2019-11-18,57.59413146972656,57.7958781707394,57.094565592368426,57.36356119371888,2396900
2019-11-19,57.54609680175781,58.00723368687788,57.19063414183573,58.00723368687788,2652800
2019-11-20,56.94084930419922,57.517269456617214,55.98014660697593,57.238668459662826,4098200
2019-11-21,56.67186737060547,57.06575542473972,56.162692326389845,56.960077516227216,2751400
2019-11-22,56.998497009277344,57.152209305632454,56.383644159066705,57.06574590988332,2318100
2019-11-25,58.305049896240234,58.324264391449425,57.5460974918236,57.5460974918236,2161900
2019-11-26,58.6893310546875,58.83343793288404,58.170550690928145,58.37229738857118,1739900
2019-11-27,59.44828796386719,59.467502458890145,58.87186410754906,59.07361447289501,1718800
2019-11-29,58.814231872558594,59.28497423456713,58.679734054841866,59.14087100049522,1221600
2019-12-02,57.267486572265625,58.996750640089715,57.04652539860714,58.96793073280943,4023600
2019-12-03,56.08583068847656,56.191508583216724,54.80809420085876,55.6054792867779,5039100
2019-12-04,57.12338638305664,57.50766896072926,56.566180676700625,56.73910747017428,3084000
2019-12-05,57.50766372680664,57.594127115674205,56.67185341094677,57.594127115674205,2618500
2019-12-06,58.99675369262695,59.26574928060056,58.60286572532701,58.60286572532701,3133500
2019-12-09,58.487586975097656,59.198504988554696,58.420338072873086,58.7757970796016,2375200
2019-12-10,58.27622604370117,58.83343537270425,57.86312358662371,58.4395474095362,2694900
2019-12-11,58.766197204589844,58.919913193513146,58.29545481528033,58.52602146908351,2403800
2019-12-12,60.27449417114258,60.75484556226973,58.60286971751237,58.74697660076663,6205900
2019-12-13,60.33213424682617,61.110304823055536,59.61160715709945,60.05352955924884,4764600
2019-12-16,61.59065246582031,61.96532594329709,61.417725681632554,61.42733109640295,2623000
2019-12-17,61.6098747253418,62.01337551635822,61.59066389223697,61.81162145605926,1778500
2019-12-18,61.6098747253418,62.00376643501505,61.6098747253418,61.85965953319358,1701300
2019-12-19,62.38804626464844,62.407257096891485,61.696339030600214,61.71554986284326,2176900
2019-12-20,63.30070114135742,63.56969672812929,62.97406573730016,63.01248739577041,2960200
2019-12-23,63.42802810668945,63.688450158222395,63.35086329184941,63.64986775080237,1909300
2019-12-24,63.44731521606445,63.59199740323295,63.22547557340226,63.572709879069954,941900
2019-12-26,64.41184997558594,64.45043238075112,63.6595114719682,63.67879899513012,2129800
2019-12-27,64.37327575683594,64.92306222238436,64.01640134164624,64.91342213899814,2225900
2019-12-30,63.2447624206543,64.46972256004108,62.945757966856924,64.3925651053732,3645400
2019-12-31,63.73668670654297,63.87172146728561,62.68533623065522,62.90718325692816,2683000
2020-01-02,65.50178527832031,65.50178527832031,64.10320063135856,64.72050442076181,3682700
2020-01-03,63.92958450317383,64.73980033900048,63.186893399271,63.24476333081513,4668100
2020-01-06,64.67229461669922,64.73016455866868,62.76250558443301,62.801087998693674,2946000
2020-01-07,64.18035888671875,64.64333300204312,63.8620595831577,64.38291098202828,2767300
2020-01-08,65.16417694091797,65.95509770965661,64.13212170172436,64.30573881480554,3876200
2020-01-09,66.48560333251953,66.53383317511154,65.82006977072203,66.21553387522222,2889400
2020-01-10,65.85865020751953,66.94858280330777,65.58858075828228,66.9100004021538,3883300
2020-01-13,67.28619384765625,67.28619384765625,66.02264367103382,66.30236066100846,2859000
2020-01-14,66.91964721679688,67.65269819480119,66.56277284818474,66.95822962183303,3751400
2020-01-15,67.39227294921875,67.88418203260534,66.80390417841583,66.87142154430269,3346900
2020-01-16,68.97412109375,69.00305605912652,68.14461774502846,68.28929993075275,3158100
2020-01-17,69.6878662109375,69.77467109335129,69.07056251763781,69.52389652715112,3368900
2020-01-21,69.18632507324219,69.74575161023783,68.9162482085038,68.95483061775214,3736300
2020-01-22,69.29241180419922,70.23766235597749,69.14773697996304,69.81326324797399,2433100
2020-01-23,69.47566986083984,69.56248210606046,67.99992792165672,68.77156125295653,3439700
2020-01-24,67.56591033935547,69.9290262126598,66.70747184765924,69.9290262126598,6223400
2020-01-27,64.33470153808594,65.3088872796181,63.80420988945044,64.03569702051242,5682800
2020-01-28,66.3023452758789,66.89071409087626,64.93270297424377,65.23170742293892,3635700
2020-01-29,66.18661499023438,67.37299287422996,66.03228534352523,67.24760555541071,3443600
2020-01-30,66.80390167236328,66.92928895892342,64.27680954897984,64.78801349420901,4689600
2020-01-31,63.1772346496582,66.46631253541817,62.5599309608726,66.36985285498757,8799300
2020-02-03,64.51795959472656,65.73327978692807,64.02604305236173,64.06462546341412,4527700
2020-02-04,67.52732849121094,68.04818005664032,66.67853007695126,66.89072968051617,4015400
2020-02-05,69.78433227539062,69.94830199146645,68.48220727088169,69.46603292617854,4014200
2020-02-06,70.53665924072266,70.63311892499188,69.76503327845394,70.44985435548922,3119200
2020-02-07,69.35993957519531,70.26660040180967,69.01270526412024,69.74574893519707,3236700
2020-02-10,70.8646240234375,70.92249396166301,68.72334800298239,68.73299544563417,2504100
2020-02-11,71.29866027832031,72.38859312799859,70.92249097799453,71.84844674486128,3879500
2020-02-12,72.62970733642578,72.80332445402932,72.02204374539326,72.27282566167398,2869600
2020-02-13,72.40786743164062,73.08304108871963,71.4143944681497,71.64588152788522,4065400
2020-02-14,72.70687103271484,72.7647483161232,71.80021032618029,72.62971358623847,2484100
2020-02-18,72.05099487304688,72.38858910330384,71.14433404108092,72.02205990676013,3819000
2020-02-19,73.14092254638672,73.62319157434574,72.60077623106048,72.77439337547939,2099700
2020-02-20,72.2728500366211,73.34348806312268,70.13157398361793,72.76476659554302,5317200
2020-02-21,69.93865966796875,71.47227171420927,69.40816076961038,71.28901447928322,4788400
2020-02-24,62.993988037109375,65.11597651093987,62.27058438079405,63.456969615041906,8863300
2020-02-25,57.30319595336914,64.27680446331065,56.69553605184144,63.95850519317994,11042800
2020-02-26,56.58945083618164,60.25469870708769,56.174702821572964,58.065196690523436,11818100
2020-02-27,49.0467643737793,55.56704445030041,49.037120611044045,53.26179881735864,16237200
2020-02-28,48.47768020629883,48.47768020629883,43.02804249527575,44.62917549234694,20096800
2020-03-02,54.51569366455078,54.5446286300358,47.41669268445227,49.2878952673742,14869400
2020-03-03,49.87627029418945,57.013854568349274,48.39088055765772,54.76647875769033,15354400
2020-03-04,56.09754180908203,56.21328536334806,51.380950579252534,52.798822916841004,10415800
2020-03-05,50.454994201660156,53.74406929269405,49.19144784420751,51.863219080413636,13031000
2020-03-06,47.93754959106445,48.612727071387866,44.320531317283255,45.81556480122857,13626900
2020-03-09,36.806766510009766,41.523356302687304,36.372723714489105,38.436834253831655,18924200
2020-03-10,42.43968200683594,42.43968200683594,36.41131808541038,40.8867748719693,21643600
2020-03-11,36.256988525390625,39.53641964562741,34.72337274848886,39.04450313788141,20910500
2020-03-12,25.85926628112793,33.170465100323966,25.81104011138688,28.453874318884083,33980800
2020-03-13,32.832881927490234,32.94862548377787,26.235440348354064,30.58550610632923,31641100
2020-03-16,21.711755752563477,27.807637064649775,21.21984103507598,22.280833454771912,42234500
2020-03-17,25.261253356933594,25.79174857610853,20.71827794877798,22.878843072253467,41179900
2020-03-18,21.451330184936523,22.849911365437148,17.728211998836613,20.67970033068764,54281500
2020-03-19,21.239126205444336,22.95600258751062,19.19430493187117,20.843665791167712,50720300
2020-03-20,18.441970825195312,22.59912986905986,18.33587103660668,22.184378156988554,39904400
2020-03-23,16.927644729614258,18.615586585148296,15.924525954974982,18.326225860083852,58496200
2020-03-24,21.63459014892578,21.78891609968615,19.464379396683817,19.7537400944319,51313500
2020-03-25,22.444801330566406,25.049053015755955,20.650759931648224,22.00111286171433,56013000
2020-03-26,26.437990188598633,26.86238748400729,23.129624084259184,23.2743044368704,48482500
2020-03-27,24.01699447631836,26.31259581697128,23.322527817816116,24.026640076539103,42155000
2020-03-30,26.322242736816406,26.582666596991857,24.084513045592733,24.663236209879713,32979600
2020-03-31,25.1262149810791,26.910610707039663,24.750045737555467,26.042526846756502,43213400
2020-04-01,21.788915634155273,23.341822550177135,21.133029437581804,22.329056450276195,38189600
2020-04-02,23.264663696289062,23.534733232319823,21.383813348908422,21.567076133865534,41577900
2020-04-03,22.290475845336914,23.698700573469306,21.480263702678954,22.984942607739274,40390100
2020-04-06,26.804513931274414,27.78834136753777,24.586075259585975,24.89472714858706,39068200
2020-04-07,26.794870376586914,29.910328148777065,26.765933569891246,29.620965600951934,47873300
2020-04-08,29.524511337280273,29.948906769610453,26.987775146351606,27.682243744183523,38576100
2020-04-09,30.84592628479004,31.839399295246295,29.997133613363207,30.701245945760622,44859400
2020-04-13,29.98748779296875,30.643373954132905,28.617843703393703,30.55656538340763,35165200
2020-04-14,32.678558349609375,32.97756286517522,31.41501186302302,31.781537444068654,30687900
2020-04-15,30.57586097717285,31.222099790282982,29.79458372843475,30.546924169538286,27931700
2020-04-16,31.038833618164062,31.318550525584996,29.929615268816434,31.038833618164062,34532500
2020-04-17,33.527347564697266,33.73954715466681,32.12877006185112,33.141534476796096,31562100
2020-04-20,31.771883010864258,33.401954719880564,31.665786912843643,32.10947354630694,28604900
2020-04-21,28.878273010253906,30.556569187001493,28.53103868413008,30.093591311976752,33679400
2020-04-22,30.778411865234375,31.357133276808085,30.07429946536533,30.5276317283542,18343000
2020-04-23,30.720539093017578,32.36990021355646,30.65302171984361,31.222097510757244,30495300
2020-04-24,32.061248779296875,32.283092105723064,30.556567985085945,31.299262780210643,23981300
2020-04-27,33.4308967590332,33.826357308092525,32.601393246513275,32.77501043189751,21158100
2020-04-28,32.98720932006836,34.94522081592523,32.84252710889545,34.82947725463979,31452400
2020-04-29,35.53358459472656,36.12195343840148,34.57869023411267,34.96450695504011,26079300
2020-04-30,34.482234954833984,35.19599472389311,33.8649311974967,34.945212772836946,25563200
2020-05-01,31.820117950439453,32.94862591780759,31.34749259695534,32.65926518356612,26388900
2020-05-04,32.04195022583008,32.16733750368837,30.566206576054753,31.05812112597986,18849000
2020-05-05,32.91969299316406,33.97103988044023,32.77501077734506,33.093310180378225,18649400
2020-05-06,32.273441314697266,33.720248346874115,32.21557138823935,33.57556985130876,18055100
2020-05-07,33.44053268432617,34.135001263076894,33.247628016380474,33.45982388700488,15240800
2020-05-08,35.09953689575195,35.20563666344495,34.18322506862752,34.62691534074553,12851900
2020-05-11,35.08989715576172,35.649327341220534,34.14465025801203,34.308619969112094,14214100
2020-05-12,33.025787353515625,35.72649339499116,32.93897877420937,35.57216744060458,17276100
2020-05-13,31.299257278442383,33.17045958074054,30.325073726152237,32.76535540702023,24326900
2020-05-14,32.360252380371094,32.39883478726667,29.495574897949165,30.344367612837374,32202500
2020-05-15,32.755714416503906,32.78465306276776,31.11599883935762,31.49217180541963,22057500
2020-05-18,35.77471923828125,36.38237928786114,34.99344203167853,35.13812422233787,18280500
2020-05-19,34.70408630371094,36.21841108412179,34.66550389008253,35.59146342005686,18037400
2020-05-20,36.48847579956055,36.787480236969415,35.957976934311354,36.064076707361195,17601100
2020-05-21,35.630043029785156,36.71997232533034,35.24422992228512,36.39202916027345,17467900
2020-05-22,35.87117385864258,35.94833867974347,35.08990028181256,35.57216937542958,12755600
2020-05-26,37.26974868774414,38.35003024522961,37.07684034690945,38.301804079876085,13527700
2020-05-27,38.832305908203125,38.87088831886197,36.382381702105285,38.350036813231085,17961000
2020-05-28,38.67798614501953,40.15373231420056,38.378981613036395,39.314581305251146,16599200
2020-05-29,39.09272766113281,39.40137955598061,37.34691607079138,38.46578010946984,21869300
2020-06-01,39.642520904541016,39.89330291192312,38.67798264720988,38.890182241237596,11573400
2020-06-02,40.60706329345703,40.63600194612793,39.47855518368131,40.02834175194463,12075500
2020-06-03,42.24677276611328,42.661524489824494,41.37869058673869,41.49443414143772,13047800
2020-06-04,41.88988494873047,42.58435347477847,40.99286432905861,41.803076382974474,14517800
2020-06-05,45.111446380615234,45.921658513869275,44.272299282415936,44.31087800920269,19893800
2020-06-08,46.760807037353516,46.84761561425601,45.26577370574037,45.52619943644783,11919400
2020-06-09,45.73839569091797,46.423220549582766,45.11144812322096,45.48761739972335,16122200
2020-06-10,44.99570083618164,46.41356924662338,44.638819113797666,46.008465037760196,19500600
2020-06-11,37.192588806152344,42.02492285325029,36.91287188653399,41.735562172006105,33437300
2020-06-12,38.46577835083008,40.288754671248135,36.38237631614935,39.97045534956465,29234100
2020-06-15,39.54605484008789,40.009032601563376,35.620385788120586,36.10265474958507,26172300
2020-06-16,41.822364807128906,42.87371128728725,39.796832967127045,42.815837687485995,24862500
2020-06-17,41.2532958984375,42.410742380131566,41.01216136806045,42.28535139409763,14325400
2020-06-18,41.34010696411133,41.5619503038767,40.45272992562867,40.65528573969371,11666500
2020-06-19,40.635990142822266,42.921944351056446,40.076556293023614,42.84477953891012,18463300
2020-06-22,41.41726303100586,41.590880176407666,39.89329480732643,40.36591639692635,10016400
2020-06-23,41.97343063354492,42.97762306384072,41.82859330976759,42.58173855333097,10428500
2020-06-24,38.787044525146484,41.36512494691348,37.98562128681718,41.09476583278312,21619800
2020-06-25,40.02298355102539,40.13885122746844,37.705607921962184,38.53600091709928,15448400
2020-06-26,37.213165283203125,39.646408441501165,36.933148372319984,39.55950676858456,21054100
2020-06-29,38.72910690307617,38.83532044914652,36.74968435520285,37.65732102308068,14988500
2020-06-30,40.37059783935547,40.98856380750383,38.55532004539388,38.622909842949625,15209500
2020-07-01,41.12373352050781,41.654797666559155,40.55404558988664,40.74716082936899,14461100
2020-07-02,41.761009216308594,43.17074413474708,41.490650104105775,42.60105623162925,14654400
2020-07-06,43.68250274658203,43.87561430530807,43.12246891284925,43.47972971653268,10834800
2020-07-07,42.35000991821289,43.90458221342224,42.214830359214986,43.025911396569136,11186600
2020-07-08,43.286617279052734,43.37351526869523,41.925156507451526,42.716929352295544,9959600
2020-07-09,42.581748962402344,43.701812998865144,41.075458107064094,43.60525721498804,15521500
2020-07-10,43.885276794433594,44.01080226774582,41.92516184976028,42.56244332194515,11063700
2020-07-13,42.76520538330078,46.00952945689376,42.45622248899351,44.918431539477474,15115300
2020-07-14,44.42598342895508,44.55150886926206,41.58720196761788,42.11826603810176,16153900
2020-07-15,45.613651275634766,46.13505768062955,44.561176993585875,45.89366453046574,17449000
2020-07-16,45.159828186035156,45.38190942846831,44.45496067308638,44.74463169872237,10726900
2020-07-17,45.5074348449707,45.91297354378513,44.7349775495859,45.613648413717414,8613000
2020-07-20,46.64680862426758,47.00406941657122,45.11154820775,45.459154895771604,7721300
2020-07-21,46.94614028930664,47.795845235955355,46.521289657665925,47.58341807845136,10400800
2020-07-22,47.72825241088867,47.902055768089284,46.753022052888916,46.81095773307813,8224500
2020-07-23,46.08677291870117,47.93101616376011,45.40121735841625,47.57375538610505,14700400
2020-07-24,45.130863189697266,45.63295768080943,44.464615764250354,45.17914108114647,12917900
2020-07-27,46.1060905456543,46.2219582235362,45.11155197015325,45.46881279225324,7674800
2020-07-28,45.304656982421875,46.32816509179837,45.130857332434545,45.80675509173676,9458700
2020-07-29,46.89785385131836,47.1971826384227,45.64261039631402,45.681234178527475,8089100
2020-07-30,46.3957633972168,46.61784465658203,44.561177639403795,45.53640435951783,12924300
2020-07-31,47.51582336425781,47.55444714950404,45.295007279736076,47.2647761268911,12533800
2020-08-03,48.481388092041016,48.857960729164446,48.03722568329883,48.31724255621441,6819100
2020-08-04,49.031776428222656,49.060746111490694,48.0758615978238,48.08551570333499,7112100
2020-08-05,49.92975616455078,50.10355951991905,49.57249534890134,49.688363024691185,7009200
2020-08-06,50.95325469970703,51.030498574400454,49.55317401848821,49.70766545124134,7614400
2020-08-07,51.04981231689453,51.156025871398775,50.045619809232655,50.51874822773974,10639200
2020-08-10,51.542259216308594,51.62916088549877,50.35460552628734,51.31052020401259,8010400
2020-08-11,50.287017822265625,52.43058627841403,49.89112955923192,52.140915263622816,11505800
2020-08-12,52.30506134033203,52.72991560404961,51.45536017963054,51.46501428409375,8178000
2020-08-13,52.10228729248047,52.72991084356461,51.60984697524459,51.97676552895684,8707900
2020-08-14,52.05401611328125,52.35334493031156,51.54226383957273,51.86090086627354,7373100
2020-08-17,52.52714538574219,52.768538510339596,52.37265393333452,52.575423273988314,4216900
2020-08-18,52.855445861816406,53.11614722303106,51.967117152496826,52.76854418028913,5337200
2020-08-19,52.20851135253906,53.35754144617135,51.957464091617645,53.116148290783855,7030800
2020-08-20,52.6912841796875,52.942335059732585,51.300861286475,51.35879327158825,5167800
2020-08-21,53.23200988769531,53.35753165343532,52.382305105335256,52.54645065285676,5034200
2020-08-24,54.883148193359375,54.921771982396386,54.01413135686289,54.554853353279285,5616700
2020-08-25,55.45283508300781,55.5011129766568,54.583818263857275,55.221096036778604,5438400
2020-08-26,57.11361312866211,57.277758680703656,55.49145108283589,55.78112208744057,5616200
2020-08-27,57.49018859863281,58.281957768625745,56.621171859193325,57.6060562694358,8807600
2020-08-28,58.619903564453125,58.677839238462276,57.432249872515314,58.059873449164556,5447600
2020-08-31,57.934349060058594,58.97716911115567,57.87641338498651,58.49438286898852,6578200
2020-09-01,59.604793548583984,59.662729228061764,57.953665358820714,58.4267938494381,4946300
2020-09-02,62.20218276977539,62.72359283804935,60.05861418359416,60.695891928139986,8019200
2020-09-03,55.80043029785156,61.51661718063952,54.31344790670884,61.255912188683354,17626100
2020-09-04,54.40999984741211,56.94945613116981,50.653924036790606,56.08044323580028,15625400
2020-09-08,49.900787353515625,52.23747104762046,49.765607792153105,51.53260356096817,14560300
2020-09-09,52.855445861816406,54.0817198251709,51.445707063333195,51.88987325967656,9799900
2020-09-10,50.13251876831055,54.1493036107969,49.630424346366254,53.811351050474336,13450600
2020-09-11,50.15183639526367,51.484327531638385,48.800037049454296,50.95326337137874,12786100
2020-09-14,52.16987609863281,53.00992674679323,51.474666468588254,51.70640178414763,6927400
2020-09-15,52.91337585449219,53.82101642344737,52.42093546675225,53.405819925599154,6438100
2020-09-16,52.324371337890625,54.30379786755133,52.179537675986204,53.58927261204275,7319800
2020-09-17,50.962913513183594,51.78365231827902,49.611114272491086,49.881473383956255,10835800
2020-09-18,49.215232849121094,51.36845914098188,47.9406774089467,51.3394894605005,9865600
2020-09-21,47.51582336425781,47.57375904212716,45.17913960736428,46.98475920890627,12802200
2020-09-22,48.99314880371094,49.23454192148306,47.05234607413775,48.22068788014682,8509100
2020-09-23,45.57501983642578,49.36006202754183,45.33362672678726,49.24419436625797,8842600
2020-09-24,45.91297149658203,47.30339824964418,44.34874508275388,44.93774489527418,9661000
2020-09-25,48.133785247802734,48.49104970698466,45.11154612576053,45.51708478749146,6858500
2020-09-28,50.557376861572266,50.86635976795554,49.640082246773964,50.10355660634887,6069400
2020-09-29,49.6883659362793,50.789118129201086,49.369728888344305,50.441515081463066,6052300
2020-09-30,50.847042083740234,52.36299044654885,49.91043568356389,50.04561891265337,8486600
2020-10-01,51.77400207519531,52.56577131703025,50.88567704615794,52.09264280302427,6991300
2020-10-02,50.383575439453125,51.281558196457645,49.0993621930437,49.35041311616697,10064900
2020-10-05,52.961639404296875,53.07751073280751,51.329823536448714,51.329823536448714,4891600
2020-10-06,50.750492095947266,54.110683965194674,50.480129290352565,53.08717578575547,10028800
2020-10-07,53.32856750488281,53.77272996064609,52.169879794893085,52.17953758235607,5798700
2020-10-08,54.73830795288086,54.80589773846414,53.907918632376685,54.35208113288598,5091900
2020-10-09,56.21562957763672,56.48598868669057,55.317646898717435,55.655595785034755,5502300
2020-10-12,58.99647521972656,59.73031234438788,57.33569311047008,57.59639811396556,6378500
2020-10-13,57.799171447753906,58.919235419960856,57.2777614046489,58.88061163527897,5169000
2020-10-14,56.7660026550293,58.697147467787296,56.331494335485466,58.08883582042593,5897400
2020-10-15,56.53427505493164,56.775668205194684,54.371394491260375,54.65140774620646,7109000
2020-10-16,56.39909362792969,58.098499729290054,56.321849737733196,57.229486626902506,6134400
2020-10-19,53.85963439941406,57.374317809793055,53.36719403112406,57.04602668651097,9448100
2020-10-20,54.41965866088867,56.09975250034157,54.11067580114179,54.49690253414228,9544600
2020-10-21,54.091373443603516,55.530074447186955,53.99481398081366,54.41966825035525,7263400
2020-10-22,55.01832580566406,55.317654634954174,53.16442819853948,54.23621068076437,7287500
2020-10-23,55.53972625732422,55.69421769779296,54.32310294068726,55.684559910870014,5553100
2020-10-26,52.53679656982422,54.245860238980775,50.70220745151156,53.8403178968482,11198300
2020-10-27,51.94779586791992,52.8361244166576,51.84158231154587,52.671975188615924,7055700
2020-10-28,46.64680862426758,49.46627854556857,46.39575771253341,49.14764153712661,15880400
2020-10-29,48.00826644897461,49.466279320613175,45.94194186376712,46.73371102850332,9193000
2020-10-30,46.4826545715332,47.87308117964912,44.78324877461711,47.25511175194961,13455500
2020-11-02,48.08551788330078,48.99315854392451,46.80130815679308,48.08551788330078,10792600
2020-11-03,50.58634567260742,51.58088422765406,49.37937997634033,49.582149329305125,10203400
2020-11-04,53.965850830078125,55.99355545521333,52.23747503032917,52.787851105476726,14289200
2020-11-05,57.1329231262207,58.0791874187302,56.5149573148105,56.68876065969047,9589200
2020-11-06,57.10395812988281,57.770205524712445,55.88733837778406,57.036368348286594,7842400
2020-11-09,59.286163330078125,64.06574509333238,59.006146372153786,63.978847089184235,15828600
2020-11-10,59.006134033203125,59.57582193592774,57.27775843369002,58.735774921186916,10254000
2020-11-11,60.261383056640625,60.773135332507444,59.53720363983272,60.20344737728387,6479100
2020-11-12,58.561973571777344,60.18413566571071,57.57708918022017,59.768939196229745,8259300
2020-11-13,60.94694137573242,61.37179567635599,59.29581311658308,59.58548415941096,6005800
2020-11-16,63.244998931884766,63.28362271600387,61.758016393600364,62.48219577068301,6675900
2020-11-17,62.231143951416016,62.945672897118115,61.062805807437584,61.92216104969443,5704100
2020-11-18,60.019989013671875,62.713933604261655,59.9813652280158,62.40495068574693,6593600
2020-11-19,60.724857330322266,60.9662504688167,58.91923768572662,59.624105208126345,6654200
2020-11-20,59.49857711791992,60.7152005449038,59.45995701682479,60.59932919151793,5352700
2020-11-23,60.59933090209961,61.21730042083433,59.257185662778895,60.48346322880988,7247900
2020-11-24,63.438114166259766,63.78572087676535,61.49731494375957,61.970447118251506,6838000
2020-11-25,63.16773986816406,63.44775672701895,62.57874015931968,63.43809894106334,4655800
2020-11-27,63.708473205566406,63.97883231167203,63.14843941907155,63.80502897678511,2806700
2020-11-30,62.84911346435547,63.40914730888451,61.352480438542365,63.273967741823554,6640300
2020-12-01,64.87682342529297,65.77480621130304,64.25885756897787,64.6740540693209,6031700
2020-12-02,65.272705078125,65.41754243879019,63.96918356560664,64.27816649721643,4510900
2020-12-03,65.22442626953125,66.07412742985498,64.65473465555108,65.28235826301838,5734200
2020-12-04,66.97210693359375,66.97210693359375,65.56237201508426,65.60099579779137,3693900
2020-12-07,66.5376205444336,66.8369457342065,65.82309141820717,66.50864717439578,5499000
2020-12-08,67.06866455078125,67.44523723411127,65.76514315719784,65.80376694096675,4139500
2020-12-09,65.32098388671875,67.59973567333104,64.80923161855084,67.55145409957662,7367600
2020-12-10,65.2051010131836,65.82306674107868,64.01745112262034,64.49057952156726,6084100
2020-12-11,64.96371459960938,65.14717572625467,63.3801763382288,64.2685012425675,6074500
2020-12-14,64.10435485839844,66.86589267594206,63.98848351148475,66.27689288758067,6322200
2020-12-15,66.68242645263672,66.72105023198782,64.78024767830814,65.61064051752501,5789800
2020-12-16,67.0107192993164,67.57075300305345,66.32516384821706,66.86588198052482,4884700
2020-12-17,68.1790771484375,68.28529071641239,67.52248753128993,67.995616009802,4843000
2020-12-18,67.31005859375,68.42046845039069,66.15137453178887,68.34322088179765,8421500
2020-12-21,66.63414764404297,67.12658422155636,63.44775605195841,65.05060963385354,8951500
2020-12-22,66.27145385742188,66.88078458665045,65.62344225623757,66.81308199218387,4767900
2020-12-23,66.38753509521484,67.54815339684602,66.35852074452875,66.7744103221023,4395400
2020-12-24,67.21931457519531,67.21931457519531,66.39720932598118,66.71638194313306,2141500
2020-12-28,68.92155456542969,69.1536767288806,68.34124546728715,68.71844675003132,3672000
2020-12-29,68.55400848388672,69.94675599249672,68.19615507833448,69.84036514786516,4877600
2020-12-30,68.78614044189453,69.44382596897503,68.58303265281477,69.03760301178592,3954000
2020-12-31,69.87906646728516,70.28528210692346,68.39927565215227,68.71844824573837,4344600
2021-01-04,66.98719024658203,70.7301889640593,64.77233719631,70.65281982400798,10399100
2021-01-05,68.34124755859375,69.01827363063926,66.62932718080175,66.62932718080175,5779400
2021-01-06,69.59858703613281,71.49426753372812,67.1612856475192,67.49012479448568,10308400
2021-01-07,72.63553619384766,73.1481426691937,70.91394939776835,71.0590285120624,6081900
2021-01-08,73.87353515625,74.03796209749164,71.54262479946524,73.58338428982435,8231200
2021-01-11,72.49046325683594,73.51568367392258,71.8521254301885,71.97785673780807,5204200
2021-01-12,72.4614486694336,73.09979387301637,71.1073891234651,72.56783953669739,5294700
2021-01-13,73.0320816040039,73.66075281493926,71.93915872650754,72.45177255507508,4337700
2021-01-14,72.20030212402344,73.81549796970093,72.07456345523846,73.52533975761389,4815300
2021-01-15,70.623779296875,71.7650568229524,69.55021174124525,71.27179824791493,7941200
2021-01-19,72.31636047363281,72.65488085194227,71.28147365924694,72.17128874467728,4525700
2021-01-20,75.30496215820312,75.85625685525477,73.52533939887668,73.73812110283167,4339500
2021-01-21,75.4983901977539,75.95296791571283,74.92775510774027,75.70149797787889,3733800
2021-01-22,74.69563293457031,75.41134711820219,74.10565003025657,74.35711258889283,4572900
2021-01-25,75.58545684814453,75.8175790211632,72.13260908598973,75.21792208024824,6982100
2021-01-26,75.2179183959961,76.42689874900448,75.12120144356152,76.17543614848067,4137300
2021-01-27,69.72430419921875,73.17715881583685,68.32189008570826,73.15781099992334,9762600
2021-01-28,71.39754486083984,73.89288213035071,70.59478011941081,70.80756184644315,6690500
2021-01-29,67.24832153320312,70.95263908144696,66.19409421424179,70.3529821738442,11141400
2021-02-01,70.51740264892578,71.16541428355025,67.9543630763769,69.20203156367117,6123600
2021-02-02,73.52533721923828,74.4828548586504,72.4517695812516,72.48078392565263,5584900
2021-02-03,73.70911407470703,74.77301532106613,72.93537106782341,74.11532970674823,5206000
2021-02-04,76.165771484375,76.21413365597763,74.26041703612086,74.36680791042154,3503600
2021-02-05,77.07490539550781,77.52948311556878,76.38820555123483,77.41341836394813,4033400
2021-02-08,78.77714538574219,78.79649320083165,77.49079608541066,78.06143118704978,4063700
2021-02-09,78.58373260498047,78.9899482825556,77.97440908861776,78.21620518894078,4079200
2021-02-10,78.48702239990234,79.85074868607094,76.98788349718234,79.82173433217851,6039900
2021-02-11,78.87387084960938,79.47352030356953,77.32637029725277,79.22205773598667,5392100
2021-02-12,80.06350708007812,80.19891227806815,78.33224647260018,78.36126081802233,3949200
2021-02-16,79.87008666992188,80.99201669674902,79.39616101794843,80.89529973601012,6154500
2021-02-17,79.8894271850586,80.04418022561022,78.04210888241806,78.70946107746137,4777300
2021-02-18,78.84485626220703,79.35747010950995,77.06524079657866,78.18717068164217,5171700
2021-02-19,78.40963745117188,79.8700879322132,78.15816744605156,79.75402315007354,5124000
2021-02-22,76.63968658447266,78.19685399366777,76.47526701431691,76.68804875406249,4351800
2021-02-23,76.86214447021484,77.76162624592598,72.56784342758986,75.25661484471766,6583100
2021-02-24,79.38648986816406,79.72500290056965,75.57578132871933,76.21412651471046,6382600
2021-02-25,73.6800765991211,79.51219487388323,72.74190694886721,78.62238737470504,13883600
2021-02-26,72.54849243164062,75.55643603005187,71.30082386756067,74.9180908851146,12274600
2021-03-01,77.78095245361328,78.5643766820215,75.4790566885955,75.4790566885955,6432600
2021-03-02,76.02069091796875,78.10981272416015,75.85627134406421,78.01309576180638,8959700
2021-03-03,72.9547119140625,76.17543739828639,72.9063497475365,75.54676612860136,11587200
2021-03-04,70.26593780517578,74.43449959501594,67.48044242012448,72.84831800254184,13825200
2021-03-05,74.06695556640625,74.75365534943629,67.9640192552583,72.3163474359775,11367200
2021-03-08,73.02239990234375,76.45590642552256,72.8096182186724,74.73431252083118,11133000
2021-03-09,76.05937194824219,77.69391575905095,75.05349940151606,75.38234589709505,7307700
2021-03-10,77.50047302246094,78.61273641054393,76.70738221495515,77.60686388265333,10854700
2021-03-11,79.85073852539062,81.16610984737355,78.8351993732185,79.12535025425436,6294700
2021-03-12,80.23759460449219,80.31497110592207,78.46764587418745,79.01894053357408,4387100
2021-03-15,81.69805908203125,81.81411647556585,78.96092573937072,80.38268784241455,4397700
2021-03-16,81.3788833618164,82.52016108820563,80.81791471787265,82.06558330359707,5613900
2021-03-17,82.06558990478516,82.68458729305524,79.7153316596553,80.45039382536262,6306200
2021-03-18,78.56437683105469,81.81410899646737,78.13881341624936,80.41169483990245,7681300
2021-03-19,78.13882446289062,79.35747880909769,76.70738837919953,78.38062055020777,5342600
2021-03-22,79.99580383300781,80.87594499184246,78.39994843644848,78.39994843644848,4675500
2021-03-23,78.03241729736328,80.49873982452806,77.54882522372544,79.5799104571985,6476200
2021-03-24,76.87181854248047,80.04418216014847,76.86214463245442,79.00929515829908,6981000
2021-03-25,78.19684600830078,78.68043813869106,74.74399849247546,75.97232663592372,9654100
2021-03-26,81.85279083251953,82.181637276093,78.53534894847537,78.9318979864567,7596900
2021-03-29,81.80445098876953,82.40410054042773,79.9861397572106,80.97267188902038,6790300
2021-03-30,81.24348449707031,81.60134535904425,80.10220668159309,80.96300015320386,6451500
2021-03-31,82.16230010986328,83.16817262788292,81.53363624275252,81.54330277247124,5711800
2021-04-01,84.66731262207031,84.81239173964573,83.2455505520859,83.40030357857448,5257200
2021-04-05,88.4393310546875,88.7971845081422,86.55331732114371,86.6016794857334,6772500
2021-04-06,88.16851806640625,88.9809492787561,87.80098333593648,88.02343895590661,4874200
2021-04-07,88.49736785888672,88.79719264553403,87.83968220695999,88.14918090321781,4245400
2021-04-08,89.7740478515625,89.85142436775438,88.78752309672367,89.44520872629313,4374900
2021-04-09,91.69873046875,91.87282391768619,89.65797124250965,89.75469556449733,4825000
2021-04-12,91.80512237548828,92.03725189609256,90.91531468359473,91.31186374702133,4585000
2021-04-13,92.65625,93.12049428719237,91.5149723403597,91.80512317509746,4530900
2021-04-14,91.78578186035156,93.4009776999449,91.31186366948911,92.69492998867527,6974200
2021-04-15,94.68733978271484,94.87109977292435,93.23656340416159,93.24623731281375,5868800
2021-04-16,95.67384338378906,96.0413780412522,94.57125416945686,95.66417685629796,5883200
2021-04-19,94.18440246582031,95.25797760621177,93.20755165658737,94.94847893198373,6569000
2021-04-20,92.1049575805664,93.8168704229543,91.07007074838162,93.31393786952201,5531200
2021-04-21,94.69702911376953,94.87111522367863,91.57302022306733,91.6794110984772,5421100
2021-04-22,92.16299438476562,95.20962645688553,91.35055572198598,94.60996952433462,9592600
2021-04-23,95.03551483154297,96.0994159004344,92.46280149970453,92.53050409375136,6281500
2021-04-26,95.66419219970703,96.1187625726409,95.27731704618284,95.61583003838032,5203300
2021-04-27,95.55780029296875,96.05105891371201,94.81306433932704,95.91565371832802,4371200
2021-04-28,95.49010467529297,96.65072282885886,95.19027253871474,95.82861768849716,6045100
2021-04-29,97.26972198486328,97.80167628632145,94.89044956012658,97.5792206568852,6930800
2021-04-30,95.48043060302734,96.3218761802603,94.78405676046886,95.68353841060186,6643500
2021-05-03,95.98336791992188,97.17300785636526,95.69321705717685,96.88284961458962,5373300
2021-05-04,94.23274993896484,94.9484641279574,91.55365314967763,94.59061072297577,9295200
2021-05-05,94.28111267089844,95.62549802743222,93.7878466962115,95.48041893146201,5328000
2021-05-06,96.52497100830078,96.67004271237747,92.91737126001061,94.42617601463762,8629800
2021-05-07,98.66246032714844,99.17506676221137,96.6507154605738,97.15364798770261,7394300
2021-05-10,95.79961395263672,99.11705660755074,95.66420873235705,98.98164400824,6543400
2021-05-11,93.24622344970703,93.92324937409829,90.34467112398025,92.39509671158186,11566900
2021-05-12,87.19165802001953,92.08560776204355,86.81445676838693,91.15711180579176,11115300
2021-05-13,90.3253402709961,91.71808801016678,88.28458082836202,88.30392864642303,12278900
2021-05-14,94.55191802978516,95.14190091079723,92.29837734519995,92.30805125215903,7710100
2021-05-17,93.75885009765625,94.39718791009608,92.33708797031792,93.71048793017003,6784400
2021-05-18,91.4085922241211,94.16506606257035,91.24416528152318,93.98129868033014,5095600
2021-05-19,90.69286346435547,90.74122562824819,86.95953906499716,88.00409244219622,9320300
2021-05-20,93.51705169677734,94.43587382396038,91.18613400758314,91.24416270390148,6486300
2021-05-21,93.2752456665039,95.51911269266269,92.98508745782476,94.66798588268641,6723900
2021-05-24,96.1671142578125,96.94086448057085,94.75502637345316,94.96780805366316,4733200
2021-05-25,95.5674819946289,97.24071414470924,95.1225780850137,96.96022980144579,5095800
2021-05-26,96.09941864013672,96.45727943546046,95.20961098471665,95.9446656327439,3839100
2021-05-27,96.18646240234375,97.22134916528948,96.14778152923158,96.87316965407288,4152700
2021-05-28,96.76676940917969,97.57920048817893,96.60234250878604,97.3954331531072,3759400
2021-06-01,96.50562286376953,98.59474394364611,96.17678383028637,98.47867920175453,6089700
2021-06-02,96.92152404785156,97.55986913709641,96.24449808564906,96.99890055182601,4976400
2021-06-03,95.86730194091797,96.7087474844555,94.12636740423697,95.23863072605928,5713700
2021-06-04,98.44969177246094,98.6624735012455,97.1439944301374,97.19234921820528,3660300
2021-06-07,98.24658966064453,98.60444315345329,97.51152747642018,98.48838575212336,3352300
2021-06-08,98.24658966064453,98.8752609742957,96.89253007255688,98.84623924493211,5199000
2021-06-09,97.79199981689453,98.90426317689163,97.63724679542041,98.87524883012279,4502000
2021-06-10,99.15572357177734,99.86177130331004,97.74363548774198,98.70115318408456,5926500
2021-06-11,99.64898681640625,99.70701550704162,98.59475958170478,99.58128421765505,3100400
2021-06-14,100.31634521484375,100.33568565184123,98.7785185179876,99.72636226951884,3112600
2021-06-15,99.73603820800781,100.43240463954047,99.09769308864884,100.43240463954047,4107900
2021-06-16,98.0337905883789,99.9778328863156,96.48629735229763,99.82307987319257,6908000
2021-06-17,97.99510955810547,98.67213559284633,96.11876972035171,97.70495132662775,6386400
2021-06-18,94.01998901367188,95.99304595711544,93.84589553692595,95.56748248528518,8814300
2021-06-21,98.0724868774414,98.1692038290531,94.66799410007829,95.25797709764922,6806300
2021-06-22,99.55384063720703,100.19244399795524,97.4735518769115,98.04442524927867,4563700
2021-06-23,99.25389862060547,100.2408224029915,99.14746472283639,99.63125248287207,4695100
2021-06-24,101.00521850585938,101.29549414502398,100.64721286849186,100.8407324219403,4456500
2021-06-25,102.0114974975586,102.35014748677993,101.27613796238076,101.55673577688303,4216000
2021-06-28,102.68878936767578,102.74684891982656,101.50835341017115,102.42754722005165,5005200
2021-06-29,102.73717498779297,103.4144749384031,102.39852501248791,102.94036497297601,3014800
2021-06-30,103.12419891357422,103.57896058124844,102.43722119207187,102.45656945405119,3709200
2021-07-01,104.77875518798828,104.90453734955292,103.6176601210232,103.65636402812358,3204300
2021-07-02,107.18800354003906,107.42021957321109,105.40766831569586,105.65923260912615,3785400
2021-07-06,106.5107192993164,107.3621831336541,104.39172646300239,107.19769706031882,6158700
2021-07-07,107.68148040771484,107.89434820304174,105.49475766755948,107.0719104882004,5539000
2021-07-08,104.99160766601562,105.64955922668516,102.53396528886812,103.47251459855995,7673200
2021-07-09,108.32975769042969,108.58132940039005,106.03660097944065,106.23012051864693,4569100
2021-07-12,109.59728240966797,109.76177586816648,107.99111078974929,108.33943858819254,4352100
2021-07-13,108.46521759033203,110.13912653855674,108.22332370302887,108.94900536493834,6289500
2021-07-14,108.794189453125,110.15846704277794,107.92337004376402,109.80046883927378,5660500
2021-07-15,107.80725860595703,108.36845415810225,106.25913930867287,107.82661424955657,7281300
2021-07-16,105.22383880615234,108.73613531981145,104.91421493207233,108.66840532804443,6291800
2021-07-19,100.66654968261719,101.81796681868124,98.37339323185506,101.44060560555577,13982800
2021-07-20,104.93355560302734,105.81405281431344,100.46336170577462,101.05358332647927,8119200
2021-07-21,107.42990112304688,107.52665719172558,105.6592362763689,105.8140518918667,4571300
2021-07-22,108.11687469482422,108.27169030443326,106.76226763880341,107.54600874392368,3831300
2021-07-23,111.38729858398438,111.6388629087949,109.08446407922193,109.6069557555458,5189100
2021-07-26,112.19038391113281,112.19038391113281,110.87448055097296,110.90351401884261,3245500
2021-07-27,110.5938720703125,111.36792796738554,108.35876785840404,111.35825014634295,6186400
2021-07-28,110.52616119384766,111.63886719962103,109.37474389721184,111.14540897136209,5684900
2021-07-29,111.93880462646484,112.77092009253151,111.27117521294247,111.27117521294247,4976100
2021-07-30,110.1875,111.45502897903785,109.7133900516659,109.81982395178393,4179900
2021-08-02,109.59728240966797,112.06460308497164,109.34571807458236,111.6291970279255,4638900
2021-08-03,112.21939849853516,112.27745066047595,108.42649730808895,110.14878034446792,5010800
2021-08-04,110.5938720703125,111.64852572150443,110.3713264784201,111.15506019653573,4198000
2021-08-05,112.56773376464844,112.70320113048054,111.2228043667436,111.48405389411532,3082300
2021-08-06,113.23535919189453,113.52563479369579,112.664493192238,112.87736098262356,3275200
2021-08-09,112.92572021484375,113.40950789842135,112.26776866989763,113.1482657973757,3102900
2021-08-10,113.3127670288086,113.91266649439243,112.70319712330704,113.21601095552481,4221500
2021-08-11,114.1448745727539,114.25130846053538,113.27405521000301,114.1835784757667,3684400
2021-08-12,115.10276794433594,115.29628745227723,113.30307712156117,114.04811430860994,4313200
2021-08-13,115.78975677490234,115.8091124185737,115.16083123185537,115.55754072495189,2980300
2021-08-16,116.66057586669922,116.68960195011076,113.40952164833465,114.70607663616599,5006900
2021-08-17,114.29967498779297,115.044712151323,111.82268442045134,114.46416840985408,7677600
2021-08-18,110.51647186279297,114.7641276046826,110.34230798212714,113.4675726303892,8226600
2021-08-19,111.0970230102539,112.02589464116272,108.21364465808684,108.32975638020626,12093900
2021-08-20,113.76753234863281,113.96104450141765,110.93253575644404,111.31956744402913,7774600
2021-08-23,116.63154602050781,117.45398367936671,115.05440068923687,115.05440068923687,5414700
2021-08-24,117.27015686035156,117.67654421261037,116.82507298122603,117.27983468307615,3534900
2021-08-25,117.98614501953125,118.40220273110371,117.1056478742443,117.41527170271584,3057100
2021-08-26,115.87684631347656,117.97648341967306,115.79943850021203,117.74426736189486,6338500
2021-08-27,118.94405364990234,119.28270359035541,116.48641105316214,116.51543713634169,6340700
2021-08-30,120.55023193359375,121.22753923489448,119.35044034142467,119.51492641010603,3879400
2021-08-31,120.05677795410156,120.75343354247215,119.49558235435684,120.46315791997917,4874800
2021-09-01,120.36638641357422,121.2372057874326,119.99870302127026,120.82114805225665,5289100
2021-09-02,121.35330963134766,122.00158340295889,120.27930030488021,121.3823357133579,4795300
2021-09-03,121.20819091796875,121.62424871697259,119.96002490297319,120.30834532393796,3796200
2021-09-07,119.96001434326172,120.97596419417786,119.3117331446597,120.87920812009278,4966900
2021-09-08,119.45686340332031,120.03740719318576,117.82165854108624,119.36978515674716,7544500
2021-09-09,117.81199645996094,120.75342690357799,117.68620691885575,119.23433364434969,6556100
2021-09-10,115.16082763671875,119.85357450848178,114.99634158072281,119.49556893188922,6188700
2021-09-13,115.9542465209961,117.7732932191258,114.05779939176658,117.58945150848112,6312000
2021-09-14,114.11585235595703,117.31852477308472,113.35146685509886,117.13468307305118,6883700
2021-09-15,116.94117736816406,117.85070071477888,113.49661089598678,114.42548250482058,6201100
2021-09-16,116.3219223022461,117.28949775658917,113.91266148789602,116.46706009680054,5749400
2021-09-17,113.06119537353516,116.06067793850832,112.64513761445076,115.71235016894857,8439300
2021-09-20,107.28475952148438,109.23926599669682,103.33705743258784,107.97173718134155,16118700
2021-09-21,107.07191467285156,110.13912741662473,106.56877124932102,109.11349230651201,10362500
2021-09-22,110.10042572021484,111.72595298378572,108.02981457735878,108.81354843196794,9034900
2021-09-23,114.1448745727539,115.39304776236108,111.42598997873444,111.60982429052679,6627900
2021-09-24,114.68672943115234,115.23824720259742,112.57741442453485,112.78060440538138,5312400
2021-09-27,113.70945739746094,114.76411841874669,113.09988755492917,113.80622084276408,5406300
2021-09-28,106.76227569580078,111.66789050179017,106.22043578530742,111.39696316452836,12695700
2021-09-29,107.28475952148438,109.23926599669682,106.88805743937624,107.87498111609673,10159700
2021-09-30,103.51121520996094,109.02639180644192,103.24996572896153,108.48455196735303,12615700
2021-10-01,107.10093688964844,108.34911019883793,102.02116539928014,104.69166852487982,11396700
2021-10-04,103.0080795288086,106.83967735085726,101.2277442786104,106.14302185920937,10960100
2021-10-05,106.09465026855469,107.82661122131806,103.44349558503555,104.06274328655805,8072900
2021-10-06,107.4782943725586,107.5847282741218,102.01149101287366,103.29836827212641,12328000
2021-10-07,110.20684814453125,112.43226730914746,109.85852038276262,110.0423620853669,7771500
2021-10-08,109.60697174072266,111.10671699604396,109.0651317227046,110.79709307403127,7450200
2021-10-11,107.22673034667969,111.38730848230902,107.13965208389534,109.06512550851627,5798200
2021-10-12,106.46231842041016,108.232983146477,105.79468904257838,107.9330371393998,7474400
2021-10-13,107.4782943725586,108.18462039346093,104.87551376853871,107.20737439840342,6322200
2021-10-14,112.95477294921875,113.07088467820194,110.08107224952447,110.43907787737733,5996300
2021-10-15,115.51884460449219,115.82846848596353,114.14488909183909,114.71575512435803,4842900
2021-10-18,116.58316802978516,116.83473972265324,113.50627769460363,114.04812498555142,4172800
2021-10-19,119.2149887084961,119.30207435108476,117.4152975031676,117.93778921265161,4177200
2021-10-20,120.68569946289062,120.91791552381495,119.53428221653104,119.63103829341489,4475300
2021-10-21,121.67261505126953,121.75969329998675,119.74714193770072,120.11481795786504,3938600
2021-10-22,121.14045715332031,122.41765659717775,119.5149299173185,121.21786496980032,6502900
2021-10-25,122.9981918334961,123.40457174411202,120.5889236876701,122.10801682384226,4164100
2021-10-26,123.47229766845703,125.50421191874052,123.1529960140394,124.48825479359877,5058400
2021-10-27,121.79840087890625,124.43021479332363,121.76937479512486,123.84966358963506,4377700
2021-10-28,125.301025390625,125.37843320115998,123.00786883212827,123.04657273739576,4920500
2021-10-29,126.00736236572266,126.32666407555344,123.07560956931354,123.27880693521733,5797800
2021-11-01,126.69430541992188,127.28452691215685,125.22358690805284,126.93619923208331,5712200
2021-11-02,128.1844024658203,128.52305980795074,126.75239481104406,126.85882871022525,4322600
2021-11-03,130.53561401367188,130.93232351132593,127.36196756050035,127.75866229412397,4903400
2021-11-04,132.31593322753906,132.53847143103212,130.84521451587167,131.1258196439543,4972700
2021-11-05,133.72862243652344,136.17658738179617,132.43205998685994,134.52202670533163,6861400
2021-11-08,134.20269775390625,135.24768090095552,133.50604232254008,134.82194538578418,4918100
2021-11-09,132.84812927246094,134.68651695757916,131.49351461034558,134.48333435488237,6974900
2021-11-10,129.65512084960938,132.80941175821295,128.23278364125613,131.25161456639893,8314100
2021-11-11,129.6744842529297,130.97103199563475,129.6744842529297,130.89362417702122,2755500
2021-11-12,132.63525390625,133.13839731002085,129.9840916693379,130.86458893492917,4817000
2021-11-15,132.72235107421875,133.91246499817728,131.75477541739946,133.83507193798064,4204000
2021-11-16,134.3091278076172,135.3734665652335,132.47074060521922,132.519122324025,4453600
2021-11-17,133.3319091796875,134.27045861218932,132.7997396925941,134.06726125746974,4660400
2021-11-18,134.71551513671875,134.9574089801265,131.8127890158257,134.2801091713905,5128500
2021-11-19,133.9801788330078,135.72181766198483,133.65120671087612,134.63812307727122,5414800
2021-11-22,132.85780334472656,137.97628653931872,132.63526509053662,135.59604406587314,7615400
2021-11-23,133.47703552246094,134.12530932727915,130.16792912752322,132.51914523899728,8749300
2021-11-24,134.36720275878906,134.51234793982903,130.76782077664558,131.57091020016992,6555500
2021-11-26,125.32037353515625,129.59705515409524,124.40117983160661,128.358559787707,10118200
2021-11-29,130.0905303955078,131.5806050178198,127.65223586338082,129.51966436151938,7920300
2021-11-30,122.65953063964844,129.4712623653549,122.16607249897002,127.83605757138137,13180400
2021-12-01,118.3731918334961,129.75188999942836,118.09260141403084,127.29423978080042,13099200
2021-12-02,123.63678741455078,125.0204279584278,118.14095867019034,118.46993815543784,10999300
2021-12-03,120.30833435058594,126.08476127746115,116.84441966446946,125.15589706358914,15928700
2021-12-06,124.74950408935547,126.33634210777015,120.5405594566082,122.57246656214717,9729200
2021-12-07,132.50946044921875,132.9932481943886,129.27776185485135,129.34548446187938,12174400
2021-12-08,133.50607299804688,133.97051990169174,131.29033143919665,132.84812869726395,8039100
2021-12-09,130.88394165039062,133.1867612943657,130.70009994366342,132.3836866239738,7510300
2021-12-10,134.5897674560547,134.6478196279076,130.9516738702689,133.24483800667983,9002500
2021-12-13,131.02908325195312,134.30916387709212,130.70011109817085,133.98019172330984,6281100
2021-12-14,128.271484375,130.22597615209708,125.60096668648254,127.97152358399154,10135400
2021-12-15,134.2510986328125,134.4542959809706,126.06540352810879,128.26180401444435,10319900
2021-12-16,130.66139221191406,136.1572288633062,129.22938457090217,135.94436106698987,10628200
2021-12-17,126.54918670654297,130.5452780426023,124.94302267897167,127.83606382771512,13202600
2021-12-20,122.34024810791016,122.77565412841591,119.2633577345592,121.98224251677271,11011900
2021-12-21,128.9306182861328,129.04682833708205,123.48789010833093,125.32795893197287,7575000
2021-12-22,132.862548828125,132.90128058581186,128.5335471160571,128.68850370175122,8470500
2021-12-23,135.2643280029297,136.59110878135792,133.56952899735657,133.65668654247787,7106300
2021-12-27,140.99757385253906,141.0266263644272,136.35867386556993,136.43615215642922,5790000
2021-12-28,140.6876678466797,142.34372004449943,139.9128997575225,141.39463689345476,5386400
2021-12-29,141.1815643310547,142.10159490030728,139.7676263473539,140.70701540366412,4199000
2021-12-30,140.0097198486328,142.4986445969526,139.55454425269068,141.52050915539016,4315000
2021-12-31,138.88633728027344,140.58113599747543,138.644223177816,139.43834974959088,3783500
2022-01-03,141.34617614746094,141.40428115371466,137.90815376191935,140.11623266437235,5746300
2022-01-04,141.1815643310547,143.31216532760573,139.39960820866443,142.58582307122666,7599500
2022-01-05,132.97872924804688,141.5108266979814,132.93030347862364,140.85228352172953,8885300
2022-01-06,132.62042236328125,135.05124261807518,130.49950047356398,132.61072834165662,8199400
2022-01-07,131.09991455078125,133.68569090023337,129.81186599723947,132.56229290924176,8150700
2022-01-10,130.5866241455078,130.75125991824882,123.00361808170257,128.13643126021034,13552100
2022-01-11,134.10214233398438,134.17962060971556,127.6231674534813,130.26704896137628,8969600
2022-01-12,135.19650268554688,137.03656370773692,133.39517341249478,135.66135756255287,7799700
2022-01-13,129.65692138671875,136.75570713897093,128.6690919204415,136.1649482631296,9608300
2022-01-14,129.71502685546875,130.00556667334362,125.66687222200846,126.74185920391723,11210100
2022-01-18,122.88741302490234,125.69593024013723,121.86085176385056,125.50224194554683,13441300
2022-01-19,119.01358795166016,125.308553575616,118.72304812121443,124.0205049900333,9600500
2022-01-20,115.10102844238281,124.49505887667782,114.62648692973211,120.5340688134726,10253500
2022-01-21,108.25404357910156,116.01138057850748,108.22499107242068,114.14225963177444,16252100
2022-01-24,109.7260971069336,110.0166295514105,95.45104652850766,103.83788127855554,20937700
2022-01-25,105.36805725097656,109.50336274847793,100.11901804839107,104.53518417188032,14093600
2022-01-26,104.96128845214844,112.52493698622663,101.50389984503893,110.15221467861187,15475500
2022-01-27,103.18901062011719,110.71391201059562,101.90096210638029,108.29277152104557,10835100
2022-01-28,110.96573638916016,110.96573638916016,100.73883175281482,104.27369910024173,12638100
2022-01-31,116.94109344482422,117.15415500431257,109.30966077271731,110.37496118142421,8764000
2022-02-01,119.4010009765625,119.73995926871922,114.55871854936183,117.52219303041292,7107200
2022-02-02,122.76152038574219,123.32321941391193,119.28475849092041,121.22167105508728,10222700
2022-02-03,113.96794891357422,119.17824166121744,113.32876414597574,117.55123462129103,8857900
2022-02-04,115.6821060180664,118.73274494467675,111.89544559828651,113.81298499988014,8459900
2022-02-07,114.51026916503906,117.3865855160851,113.40622959031727,116.2341201715789,7321600
2022-02-08,117.4156265258789,118.07417703129641,112.94136365232951,114.0647689917274,8664000
2022-02-09,122.38383483886719,122.67436731829231,120.49534047329291,120.63092377477179,9299400
2022-02-10,116.04043579101562,122.59688181643716,114.16162816866726,117.48343363678318,11558900
2022-02-11,109.00943756103516,117.59964750721441,107.83760633761078,115.89516236917208,12697800
2022-02-14,108.07003021240234,109.80356779972801,105.2130872086792,108.57363160392197,12200100
2022-02-15,113.0575942993164,113.23191674105624,110.95604575465073,111.39184816463248,9705600
2022-02-16,113.5611801147461,114.59742799000612,109.93914847819612,111.43057196582234,7697000
2022-02-17,106.22998046875,111.34342886619486,105.73606565641582,110.86888731874825,8353100
2022-02-18,104.05094909667969,107.3727545606183,102.3658297846628,106.48176913324998,9125300
2022-02-22,100.90345764160156,105.02907588905012,98.0949330781084,102.443299510987,11755300
2022-02-23,95.2186279296875,103.42145438718785,94.95714796652435,102.90817370446105,15104000
2022-02-24,99.67352294921875,99.98342867690296,87.68403633531254,87.88741127641137,18091400
2022-02-25,106.16218566894531,106.32682147192622,99.37330471948368,100.6226142731782,11338200
2022-02-28,105.34868621826172,106.62704837324185,101.1262157148076,102.29804707447805,10903600
2022-03-01,100.7194595336914,105.84259446777455,98.60822441330114,104.47706747942664,10814000
2022-03-02,106.23963928222656,107.36305199012943,101.72663735565573,102.32708284319702,12709200
2022-03-03,104.4964370727539,108.49615896338732,103.22775428539762,108.02161744148664,11707600
2022-03-04,101.94939422607422,102.8694321693683,98.8987627089926,101.69760090110714,11242700
2022-03-07,93.02991485595703,101.74602202838231,92.93307069845498,101.57169958938438,13056900
2022-03-08,90.80245971679688,98.12398657401556,90.07611753211297,93.04927791253638,16802400
2022-03-09,98.03683471679688,99.508885045008,95.15083168537261,96.71004692291875,8842800
2022-03-10,96.87467193603516,97.44606493282822,93.35917861058331,94.77312376764827,8077600
2022-03-11,93.13643646240234,99.03433890967503,92.72968660775868,98.64695492912803,9597500
2022-03-14,91.10269927978516,96.07087828053383,90.23108698437228,93.71752877728731,7248000
2022-03-15,96.95216369628906,97.49449687618407,91.97429875586579,92.83622429765697,7708600
2022-03-16,103.62481689453125,103.62481689453125,96.1386469650326,99.66383444954789,10438100
2022-03-17,107.35337829589844,107.4502224471759,101.79444125873864,102.0559212060613,7506100
2022-03-18,110.78170776367188,111.1690917341359,105.61015503249133,106.22027979857627,6148100
2022-03-21,110.85920715332031,112.37968343132431,108.06036870138134,110.97541719448235,7506800
2022-03-22,114.63618469238281,115.4399978746704,111.95355637432534,111.97292963967348,6513700
2022-03-23,110.30717468261719,113.87109418267865,110.23938303677642,112.69926293958243,5069600
2022-03-24,115.2463150024414,115.2463150024414,110.99479187202166,111.78892584791761,4491300
2022-03-25,116.82487487792969,117.1541538453547,113.66771282010616,115.73052197443397,5748900
2022-03-28,119.36222839355469,119.42033340200842,114.90733128622774,116.39875474266148,7393200
2022-03-29,123.7880859375,124.25294821993036,120.43722797290155,122.6549938217911,7236100
2022-03-30,121.58000946044922,123.53628801057717,119.7399409419962,122.84868489780374,5336000
2022-03-31,116.02106475830078,121.58000171072469,115.85642157603014,120.92145114784716,6692700
2022-04-01,116.77645874023438,117.27036611775056,113.98729995550784,117.19289523163535,6850500
2022-04-04,119.63341522216797,119.98206010943433,116.36003532365129,117.01858595640601,4653600
2022-04-05,115.46904754638672,120.67933976448404,114.42311297229374,118.65526226154105,6092400
2022-04-06,111.97291564941406,113.7258191188793,109.50334922632672,112.17629057774415,9206700
2022-04-07,113.5611801147461,114.99449120396864,109.60987690509232,111.14003952874275,7267200
2022-04-08,112.73799896240234,114.9170255897159,111.42089783212735,112.93168726266954,6495300
2022-04-11,106.84009552001953,110.67518146649002,106.443032291056,109.99726503229131,6388400
2022-04-12,105.68765258789062,111.0529023526936,104.44802948055096,109.1353626675077,9118900
2022-04-13,109.24186706542969,109.79388682788263,105.30992969812606,105.39709460205796,7047500
2022-04-14,105.2227783203125,110.27812138118654,105.05814252284745,109.42587510963064,6975100
2022-04-18,105.28089141845703,106.55925353522238,103.56672688935141,104.4577049791833,6748300
2022-04-19,110.3168716430664,110.9076232471399,105.05815311589683,105.17436315465545,7687700
2022-04-20,110.10381317138672,112.24410098104808,109.18377513565896,111.730820258701,8736500
2022-04-21,105.18405151367188,114.05510840673554,104.45770920456656,112.95106868799432,8543600
2022-04-22,96.54540252685547,104.53516630797994,96.07085366117859,104.22526061444327,10642300
2022-04-25,98.10462188720703,98.26925767776447,91.57722138864322,94.84092163792512,12037500
2022-04-26,89.61125183105469,96.40981855550739,89.582199326984,96.37107942050163,11509700
2022-04-27,90.41508483886719,94.0080569873434,88.91397455063904,90.32791992579178,10594900
2022-04-28,97.213623046875,98.39514070010569,90.58938670669056,93.72718247894983,10951100
2022-04-29,86.52188110351562,95.8771723792337,85.91175630286513,94.37606217941833,12550600
2022-05-02,87.94550323486328,88.87522027988886,82.03792202176689,86.44440059092237,13005500
2022-05-03,89.18512725830078,90.79276808512049,87.24821487248488,88.28447009208139,11027900
2022-05-04,97.26206970214844,97.69787209598185,87.4516097205633,89.6403157106301,15271500
2022-05-05,86.89958953857422,94.29859529135965,83.9942205553736,94.21143037972121,17335800
2022-05-06,85.44690704345703,87.5484555504454,81.8345616055642,85.23384546417977,13026500
2022-05-09,77.20533752441406,82.26068059956667,76.14971631381948,81.48591260300668,12736100
2022-05-10,77.61209869384766,81.72803857357093,75.20064422139711,80.86611293103365,13279600
2022-05-11,73.99007415771484,80.5562076976398,73.49615930003642,77.06007932676756,14137800
2022-05-12,73.68983459472656,75.64612041260565,69.66106032321537,72.04346187877567,15103600
2022-05-13,78.89044952392578,79.81048744464599,75.53959160354496,76.15940304611627,12191800
2022-05-16,78.04790496826172,80.31409699659118,76.54680184227767,77.98011330952356,9002900
2022-05-17,82.72553253173828,82.94828072413213,79.4812055159022,81.77644952802346,9367400
2022-05-18,72.85697937011719,80.05261083095594,72.0241062619054,79.88796762492443,11188000
2022-05-19,71.38491821289062,74.0384866003292,70.14529524032766,70.88132415106283,12067600
2022-05-20,71.52050018310547,73.83511027541134,66.51358261196589,73.53489117041113,14309600
2022-05-23,75.51053619384766,75.96571182077368,71.92724357870205,73.30245709097967,8728100
2022-05-24,73.80603790283203,74.51301410120877,69.83536940240177,73.02159083251377,10000200
2022-05-25,75.8107681274414,76.91480786609453,72.67297136436072,72.87634632792987,9618600
2022-05-26,80.22691345214844,81.27284799172489,76.39182752910305,76.49835830936001,10289900
2022-05-27,86.20230102539062,86.2507194092241,81.69897755968788,81.82487422413755,9095800
2022-05-31,84.6915054321289,86.89959213179183,82.89986265010356,85.04983694402823,9368100
2022-06-01,82.6771240234375,86.7349512412552,81.00169123088217,86.07640060568966,12219200
2022-06-02,87.29663848876953,87.37411675559126,81.07915165664357,82.56088841312148,9263400
2022-06-03,83.04512023925781,85.22414671783892,82.38656971907058,84.20726473900726,8448800
2022-06-06,83.71337127685547,86.71558455649641,83.02576813842455,85.61154488197514,7023000
2022-06-07,86.1441879272461,86.46378029066406,81.205062103116,81.52465446653397,6904400
2022-06-08,83.36471557617188,86.21197192009957,82.83206168443746,85.03046150443062,6714400
2022-06-09,77.41840362548828,83.63589167075835,77.35061197597545,82.17352050128378,9555400
2022-06-10,70.65857696533203,74.08691345499582,70.57141943727231,73.58331938582263,10201800
2022-06-13,62.60102081298828,66.24241892885426,61.60351190783749,65.1964842484349,13407400
2022-06-14,62.01026153564453,64.06339174457939,60.315462851336804,63.46294612219402,12747500
2022-06-15,64.547607421875,66.93969542600794,61.080532441077175,63.71473449601331,13417500
2022-06-16,58.33980941772461,60.344513672803686,56.84838582191316,60.15082167299987,12441700
2022-06-17,58.56254577636719,60.18955243735736,56.74184714252255,58.36885380351272,12106700
2022-06-21,62.8721809387207,63.637262298913186,61.371074419374466,61.40981355784771,8899100
2022-06-22,62.55995559692383,64.7609998293904,60.43649023230389,60.67889552853714,10063100
2022-06-23,64.37315368652344,64.79978940038829,61.82304878352655,63.72350922959141,11448000
2022-06-24,70.48177337646484,70.520559115471,66.0796918671806,66.14756506103555,9278000
2022-06-27,69.75456237792969,71.21868529206508,69.09521956315805,71.06354972262554,8297900
2022-06-28,65.53669738769531,72.17860893427581,65.38156183291815,70.5690340924269,14727700
2022-06-29,65.33308410644531,66.2736180025392,64.28589866732811,65.77910904114083,9291700
2022-06-30,63.59745788574219,65.41065239042415,61.231586930376686,63.199916997196034,12643500
2022-07-01,65.61426544189453,65.88575819681266,61.90061813456341,63.26778389139043,10493100
2022-07-05,65.99241638183594,66.0409004007947,61.3382353702676,62.86054405433841,11532800
2022-07-06,66.70024108886719,68.03831563865508,64.79978448575096,66.07968413265056,10819900
2022-07-07,69.63819885253906,70.09392203002912,67.66017058717425,67.66017058717425,8082100
2022-07-08,69.4539566040039,70.52054573016876,67.85408771000044,68.70735161331042,10610000
2022-07-11,67.11717987060547,68.48434190001407,66.69054418030537,67.96074557036101,6940000
2022-07-12,65.34278106689453,68.07711293121434,64.32467570776137,66.77782389530026,8034000
2022-07-13,64.22770690917969,65.82758338595437,62.08484492178971,62.33694850784228,11907800
2022-07-14,63.75259780883789,64.09196377012077,60.27165733945991,61.63882316733196,12825300
2022-07-15,67.4274673461914,67.45655480211369,65.05189067834968,66.12817093321549,9905500
2022-07-18,65.7694091796875,69.4539653800078,65.03249498057431,69.03702795917542,8195000
2022-07-19,71.00536346435547,71.3350311202588,67.48563378709221,67.8153088406182,10098500
2022-07-20,72.3531494140625,73.19671527289992,70.3654226431745,71.10233695694687,12396000
2022-07-21,74.53479766845703,74.59297258364637,70.64661388811616,72.01377617843364,8852800
2022-07-22,72.52767181396484,75.32987660973129,71.17020059651401,74.62204984857277,8868100
2022-07-25,72.70221710205078,73.23550444282938,71.43200801538862,72.82826522311677,9424100
2022-07-26,70.14241027832031,71.89743008657075,69.62851210709552,71.79077113809491,11276600
2022-07-27,75.60137176513672,76.58069132123886,71.83923649511487,72.0137686199883,9784300
2022-07-28,78.37449645996094,78.8302196836863,73.9433271318611,76.05710199676615,12277200
2022-07-29,81.9039077758789,82.42750413606697,78.81081363606576,79.27623508877394,9893900
2022-08-01,81.11852264404297,82.6602169817584,79.68347984500647,80.11980647706311,9870600
2022-08-02,79.50892639160156,82.40809127040032,78.72353570546001,80.10039582608051,7797400
2022-08-03,83.212890625,83.93040823767252,80.60460724427632,80.75005190299143,7349200
2022-08-04,82.98018646240234,83.57165600325463,81.9814777812454,83.14502029572239,6793800
2022-08-05,82.47599029541016,82.96080097412312,80.22646904208695,80.28465135391674,7612200
2022-08-08,82.29175567626953,85.03577810906786,81.55484147709285,83.59104456134303,6500600
2022-08-09,81.2542724609375,82.08814741756392,80.57553307425671,81.77786148242491,5581100
2022-08-10,86.32537841796875,86.47082308451164,84.4443108319595,85.60786076667964,8169300
2022-08-11,86.35444641113281,89.40875412973041,85.8696358969942,88.18702956276711,7822500
2022-08-12,90.6304931640625,90.73715208600869,86.9459297093926,87.55679578919765,6495100
2022-08-15,91.78436279296875,92.1237287942673,89.13729318759206,89.18577721533072,7073500
2022-08-16,92.3176498413086,93.61694632515837,90.5044552144703,91.06683738505637,8066800
2022-08-17,90.39778900146484,92.19158676715153,88.98213551966035,89.88388354423903,8655700
2022-08-18,91.07652282714844,91.56133344426354,89.59300352239589,90.39779092223647,5583200
2022-08-19,87.3434829711914,89.3796860932554,86.81018833077377,89.22454314418009,8116000
2022-08-22,81.92328643798828,84.30855350781812,81.32212607747552,84.26007689034371,8334300
2022-08-23,81.30274200439453,83.11593644231444,80.95367775540863,81.60332962845769,5783000
2022-08-24,82.02027130126953,82.91232861827375,80.70159299301723,81.14761795270721,6041800
2022-08-25,85.47213745117188,85.54001066085979,82.30147097580435,82.9511230086744,6901900
2022-08-26,76.81340026855469,85.75330980313505,76.77461452899189,85.44303128425611,11030500
2022-08-29,75.26200103759766,77.06549708130756,74.41842792114537,75.01959573492292,8057100
2022-08-30,72.7313003540039,76.0474036329233,71.50957536790901,75.95044297635602,10544800
2022-08-31,70.99565887451172,74.39903104274606,70.99565887451172,73.68150609488953,9523800
2022-09-01,71.7228775024414,71.89740960498936,68.26133029992539,69.78363520640728,11599800
2022-09-02,69.34732055664062,74.5348010607585,68.35830996528902,73.80758499729797,12264000
2022-09-06,68.5619125366211,70.39449596930562,67.35958434849879,69.86120876053951,11998900
2022-09-07,72.25617980957031,72.71190302808446,68.3098212075604,68.3970909759003,10334600
2022-09-08,73.69122314453125,73.94332676872881,70.25876265245269,70.90840718632343,11296900
2022-09-09,77.07518768310547,77.58908573926257,74.80627760928971,75.00989717507143,8487900
2022-09-12,79.53802490234375,80.01313721333445,78.15146630700049,78.32599841682071,7788200
2022-09-13,69.25035095214844,74.97111805884633,68.48434924316807,74.22451291838988,11152800
2022-09-14,69.96785736083984,70.77263719682779,68.1158776351331,69.8611984552954,7029500
2022-09-15,67.56321716308594,70.63691512171135,66.80691368028211,69.02734749890749,12230600
2022-09-16,65.9051742553711,66.30271522189756,64.15016171515383,65.16825984720323,12083900
2022-09-19,67.43717193603516,67.4759502824749,64.20833086954335,64.21802915496541,8042900
2022-09-20,65.16824340820312,66.17665039720869,63.64593833965944,65.63366486375304,10868000
2022-09-21,61.735774993896484,67.78621611475941,61.71638582643168,66.17664150316452,15241600
2022-09-22,60.13591003417969,61.823048928455705,59.75775834059409,61.289757983685966,13544300
2022-09-23,57.10099411010742,58.371199263372745,54.84177854910381,58.371199263372745,17195900
2022-09-26,55.384765625,58.10940271141242,54.77390689115169,56.33499402090896,17961500
2022-09-27,54.96783447265625,58.13849681596382,53.79459349543699,57.13978798232567,20382900
2022-09-28,58.12879943847656,58.95297608895862,54.56059265030693,55.35568184452618,19484000
2022-09-29,54.463623046875,56.52891731507753,53.03828234524666,56.40286551873914,19694400
2022-09-30,51.95231246948242,55.850186948572286,51.894133858297565,54.05638897337515,19868600
2022-10-03,56.00532150268555,56.88767668798184,52.80557213286446,53.68792731816075,16506800
2022-10-04,61.1637077331543,61.250970091239495,58.63299578196493,58.642690366592824,16016000
2022-10-05,60.756465911865234,61.939404991957566,57.80881649523498,58.98206099053818,20527700
2022-10-06,58.86570739746094,61.56125708828767,58.603909206329654,60.06803941982554,15517900
2022-10-07,53.94003677368164,57.00404009386012,53.04798320767904,56.82950795483379,16948000
2022-10-10,52.766780853271484,54.54118932128669,51.622631306860065,54.43453040369306,15983000
2022-10-11,51.66141891479492,53.978813105928225,50.75967085816317,51.894129641814395,18223100
2022-10-12,51.16691207885742,52.54377243194226,51.03116570025034,51.845647670704224,12665200
2022-10-13,55.12296676635742,55.82109525229963,47.48235395408308,47.986557449617834,25478900
2022-10-14,51.37052536010742,57.071898455557665,51.07963977028884,56.29620231643779,18814600
2022-10-17,55.26840591430664,55.80169681055965,54.085466919889626,54.12425265385996,13425000
2022-10-18,57.19795608520508,59.185678800915646,55.617472497137555,59.069321594036495,25395900
2022-10-19,56.07320022583008,57.566414181352926,54.64785576498247,56.21864119809696,16483800
2022-10-20,54.60906982421875,57.88639076411218,54.20183066480366,55.77261609210871,15314200
2022-10-21,58.5069465637207,58.76874474593171,53.72671348972931,54.45392942960048,19980700
2022-10-24,60.66919708251953,61.24127372804703,57.95425851175616,59.272943911535556,19565700
2022-10-25,63.58777618408203,63.73322088046113,60.601340355912754,60.630427815663666,18654000
2022-10-26,62.133338928222656,64.88706005766797,61.78427464454312,61.93941391519936,19561100
2022-10-27,61.0958366394043,63.55867933413396,60.78555811852774,62.6181454871453,14103700
2022-10-28,65.41065216064453,65.6627557705586,60.93100278001445,61.00857056081066,16617300
2022-10-31,63.9949951171875,65.10036262285642,63.50048626540229,64.09195575147699,13927900
2022-11-01,63.1611213684082,66.04089737889065,62.540564421769425,65.9245401772875,13013100
2022-11-02,58.390594482421875,65.1682451370692,58.32272128893929,62.81206513814055,20956900
2022-11-03,56.50952911376953,58.022139698326114,55.491427471715504,56.77132731295116,15490300
2022-11-04,58.92388153076172,60.1068205936972,56.03441076120828,59.24385460752261,20630700
2022-11-07,60.620723724365234,60.911609372705136,58.555429333172015,59.56383636630794,10806700
2022-11-08,61.6097297668457,63.08355068400829,59.54443564788381,61.154006635269056,17112900
2022-11-09,57.7894287109375,61.154015846921425,57.508241341577495,60.54315338474421,14645000
2022-11-10,67.23352813720703,67.42745680908901,63.08355072802417,64.18891826607297,18469400
2022-11-11,69.22125244140625,69.63818982659932,66.68084239701803,67.72803500135718,16787600
2022-11-14,67.4274673461914,70.05514023044194,67.27232438444115,68.21285824658726,11720600
2022-11-15,69.13398742675781,71.07322962781558,67.0783880304927,70.45267271528684,18633600
2022-11-16,67.58259582519531,68.72674915647194,67.18505497322832,68.26133511526069,13779600
2022-11-17,66.86508178710938,67.23353520598987,64.77070369394275,64.93553753415588,13413600
2022-11-18,67.79591369628906,68.65887598734292,66.215433776211,68.62978853446155,12012100
2022-11-21,66.99113464355469,67.61169910524383,65.9730366779585,67.03961866946943,8489200
2022-11-22,69.69637298583984,69.77394446149084,67.24323239995579,67.93166260170649,11029400
2022-11-23,70.90840911865234,71.21868766549557,69.33762721171905,69.47337361361146,12872500
2022-11-25,70.85992431640625,71.17990111152004,70.46237604412126,70.61751899846367,3990700
2022-11-28,67.48562622070312,70.04542530028131,67.02990312588956,69.13398650827602,9502300
2022-11-29,67.10748291015625,68.14497730669062,66.1087742496521,67.5050311562489,10442100
2022-11-30,73.29366302490234,73.3712344964035,66.18634524452474,67.2044430668924,15591700
2022-12-01,73.2548828125,74.68021972734651,71.81014193384063,74.04997188098729,13780700
2022-12-02,72.90582275390625,73.43910999258568,70.355714180926,70.38480163424741,13710900
2022-12-05,68.98856353759766,71.86834025617853,68.21286346475378,71.36413298954277,12565200
2022-12-06,66.0020980834961,69.16306446681533,64.82885761614853,68.8527860572492,14167700
2022-12-07,65.57546997070312,66.85536948075239,65.01309537512785,65.46881106173055,16501500
2022-12-08,67.12687683105469,67.67956060186043,65.7306199794939,66.56449477721799,16590200
2022-12-09,65.60456848144531,67.77651771730172,65.5269970164735,66.41904667078319,10681100
2022-12-12,68.35830688476562,68.39709262745059,65.62397490527997,65.96334090674335,8340400
2022-12-13,69.89998626708984,74.30206724598898,68.45525280189001,74.2438923433006,22673500
2022-12-14,68.59101104736328,71.85863760377912,66.95235602444517,69.71577534486796,17011800
2022-12-15,63.5004997253418,66.38997458442049,62.598751579827606,65.92455308450641,17687900
2022-12-16,61.183101654052734,62.82176399428342,60.116519719204426,62.16242122403883,16196200
2022-12-19,59.651100158691406,61.44489800414147,58.79783241709026,61.3188499039092,12163300
2022-12-20,59.8590087890625,60.64598574894969,58.605670445036,59.23719855191857,14691000
2022-12-21,62.53086471557617,63.08466480051961,60.84031455197684,61.131787695692005,15715800
2022-12-22,59.84929656982422,61.1026350321811,56.94427589897043,60.93746829384409,22328200
2022-12-23,60.752872467041016,60.8500326528334,58.48909387916923,59.28578887125617,12906400
2022-12-27,60.063045501708984,60.88888660943375,59.217772358871876,60.72371987040149,9214400
2022-12-28,57.83812713623047,60.97632851376521,57.7312527969555,60.014466872853966,14031200
2022-12-29,60.830596923828125,61.306668833330285,58.89715196614606,59.1400468564624,12007000
2022-12-30,60.34479904174805,60.38366310848871,58.45021841037667,59.48980810486039,11174400
2023-01-03,59.61612319946289,62.21995675191895,58.178185876003596,61.238659307552915,18048500
2023-01-04,60.92774963378906,61.93819320459515,59.16919310854945,60.66542272369815,17139400
2023-01-05,58.809715270996094,59.98532946911833,58.53767415388462,59.936747521392206,15680900
2023-01-06,62.80290985107422,63.36642784385159,58.809716777791095,60.28651833447259,18489900
2023-01-09,62.72517776489258,65.53304226785521,62.60859295477585,63.92994182823641,11824200
2023-01-10,64.0076675415039,64.04653161875305,61.90905925800392,62.38513123231749,11130700
2023-01-11,66.43661499023438,66.47547906643926,64.39629917114755,64.81407872464436,12485900
2023-01-12,67.0972900390625,67.87455674473225,64.83351502798634,66.9515590177435,18862000
2023-01-13,67.79681396484375,68.11743696770213,65.21241643930674,65.34843697156853,11262000
2023-01-17,67.4470443725586,68.68095443849592,67.06812897594806,67.81624931160898,9122800
2023-01-18,64.24083709716797,68.62265516110848,64.14367322031072,68.04942683297874,16848500
2023-01-19,62.83204650878906,63.97851065220067,62.113079731160504,63.113805462367566,14128500
2023-01-20,66.19371795654297,66.32973851262793,62.60859413892596,63.47329942227937,9568900
2023-01-23,68.58380126953125,69.6233985706827,66.1451417798714,66.63093158598815,11032800
2023-01-24,68.37005615234375,68.86555638978624,67.05841781923522,67.72881008615168,9483300
2023-01-25,68.46721649169922,68.62266537519494,64.95981349691266,66.16457014112017,16059100
2023-01-26,70.58526611328125,70.72128667716949,68.24375549729899,69.8177172670177,13947200
2023-01-27,71.06131744384766,72.39238390387264,69.92457131333141,70.04115609847402,13196400
2023-01-30,68.41861724853516,70.78927327615325,68.24373266596395,69.55536332896686,11013700
2023-01-31,71.36251831054688,71.40138238386699,68.45749739608574,68.65181776268632,10904800
2023-02-01,73.66515350341797,75.19053294136381,69.20560739194626,70.73098682989212,17770400
2023-02-02,76.783935546875,77.64864080851073,74.73390197264263,75.77349186093302,16604600
2023-02-03,74.35498809814453,76.91995773524744,73.64573911737038,73.966354762585,13377300
2023-02-06,73.01421356201172,73.74289831330412,72.01348768958049,72.90733920548367,9206900
2023-02-07,75.78321075439453,76.49246714221394,71.73172549692502,72.4215461412073,15933100
2023-02-08,73.35425567626953,75.42371743940825,72.91704784587353,74.66588658002122,14326300
2023-02-09,71.37223815917969,75.3557131277915,70.64355344251054,75.28770285073828,13055200
2023-02-10,71.76087188720703,72.0037667941059,70.20634596556714,70.65327170475334,10542400
2023-02-13,74.2772445678711,74.36469057123254,71.86773172895751,72.14949065358002,10826700
2023-02-14,74.1703872680664,75.48202573172073,71.93575851020789,73.41255632355072,18702000
2023-02-15,74.8698959350586,74.93790618723892,72.46038350418864,72.93645526945092,14441800
2023-02-16,71.75115203857422,74.2481113161975,71.65399556100432,72.02319314079557,16007700
2023-02-17,71.11962127685547,71.25564182311079,69.42907490727946,70.55611076203935,11919400
2023-02-21,66.82523345947266,69.46793075242825,66.67949505929762,68.90441289178504,15302900
2023-02-22,66.5531997680664,67.83568448899229,65.79536889832345,67.01956121775025,22711300
2023-02-23,67.51506042480469,68.3214732251938,65.33872432215698,68.00085019671663,15793700
2023-02-24,65.31930541992188,65.78565951722757,63.949374507386345,64.83351557789902,19089700
2023-02-27,65.94110870361328,67.73852944247838,65.50389344546949,67.0584192895538,12635100
2023-02-28,65.2221450805664,66.7183787651524,65.17357054125229,65.72737069487603,13500300
2023-03-01,64.53231048583984,65.43587974359374,63.78419751063281,64.78492323869673,19913800
2023-03-02,65.89253997802734,66.34918365783062,63.24984180666268,63.41500858923162,16244500
2023-03-03,68.99187469482422,69.18618766450983,66.4657690260881,66.84468450577027,16509000
2023-03-06,69.1958999633789,70.71156176002866,68.9724333949314,69.48736939443091,12063200
2023-03-07,65.98968505859375,69.2736288708197,65.64963367901643,69.0987442452422,18030500
2023-03-08,66.27144622802734,66.67950789703073,65.12498195851947,66.02855131849232,17279500
2023-03-09,62.598876953125,67.51506759495676,62.03535897884582,66.64064443013811,19511800
2023-03-10,59.83958435058594,63.28869099556578,59.052603584535376,62.25881904944239,28624600
2023-03-13,59.54811096191406,61.889617507650385,57.38148903007355,57.91585703640772,22789800
2023-03-14,62.40456008911133,63.26926532790675,60.28651258820859,61.91876658968296,18774200
2023-03-15,61.34553527832031,61.374681480275534,58.59596694084432,59.59669274164853,31288500
2023-03-16,64.41572570800781,64.58089244884636,59.820151276429975,60.09219235841431,23814300
2023-03-17,62.1908073425293,64.29913312841666,61.44269066506812,63.784197167238624,19615100
2023-03-20,63.90078353881836,64.12425009613594,62.17137683760854,62.501714031809605,14210100
2023-03-21,66.41943359375,66.68281341177429,64.79040820897079,65.63906576163436,10938300
2023-03-22,63.09309768676758,68.20453391956562,63.005301937334586,66.33164227670662,16604200
2023-03-23,63.43450927734375,66.4389442826305,62.13714232222806,64.40997460823868,18413100
2023-03-24,64.68310546875,64.75138774608072,61.620144841840464,62.839476538610505,14070100
2023-03-27,65.0147705078125,66.2341022598637,64.58556334958314,65.85367134860056,11815200
2023-03-28,64.5953140258789,65.02452114383203,63.63935474740415,64.68310233152766,10817000
2023-03-29,67.41441345214844,67.53147197771678,66.09753666889839,66.70232044547573,11417500
2023-03-30,68.50694274902344,68.86786020736042,67.55098332059957,68.7410523763516,13065200
2023-03-31,71.38455963134766,71.52112419457579,68.91663331302567,68.97515885663472,10711800
2023-04-03,72.13566589355469,72.38928899030557,70.84805181789653,71.08216888053303,12177900
2023-04-04,70.97486114501953,72.6721687748688,70.19448588598928,72.52584748352437,13972700
2023-04-05,70.3408203125,70.91634140579256,69.4531431035365,70.47738489200032,11163000
2023-04-06,71.07241821289062,71.24800230375988,69.28731452942188,69.88234909057813,10565400
2023-04-10,71.31627655029297,71.34553932176946,69.40436524432067,69.72627061498301,9575800
2023-04-11,71.29676055908203,72.08689257212299,70.9260863964401,71.59915988549457,8626100
2023-04-12,70.48713684082031,72.59413838292603,70.14572541527204,72.44781707420222,17729600
2023-04-13,73.15013885498047,73.3842558792642,70.75049517264293,71.01387496440978,10435000
2023-04-14,72.67216491699219,74.00855505841959,71.33577477556479,72.818486200569,11725200
2023-04-17,73.40377807617188,73.44279758881258,71.8722975555269,72.54537112470963,10242600
2023-04-18,73.50130462646484,74.31094256488932,72.74044292711045,74.25241703177258,9345700
2023-04-19,73.50130462646484,73.9597744817705,72.40878831650335,72.44780037710836,11041200
2023-04-20,72.1746826171875,73.1696614894479,71.34553851844407,71.84302795457427,11843300
2023-04-21,72.30150604248047,72.56487845474088,71.24800150901643,72.27223582581935,9073600
2023-04-24,72.50634002685547,72.75995565518019,71.44307894336684,72.17467794350868,7780300
2023-04-25,69.09221649169922,71.71621337308252,69.02393421096903,71.45284098804049,11346600
2023-04-26,68.18502807617188,69.92135517334619,67.87287946816537,69.39460300192086,12637700
2023-04-27,72.1746826171875,72.32100391513289,69.3360821827724,69.443383971785,12998600
2023-04-28,74.00855255126953,74.00855255126953,71.63817165269622,71.68694045076329,9661000
2023-05-01,73.7256851196289,74.8669779815558,73.59886984016288,73.69642234504789,7783300
2023-05-02,71.27726745605469,73.33550036237177,69.61897899758466,73.32574362305047,13992500
2023-05-03,69.71649932861328,72.77945947414716,69.6091975607843,71.48208896654853,20785000
2023-05-04,68.2435531616211,69.29705749748074,67.49244813684938,69.13123017856111,15061700
2023-05-05,71.91130828857422,72.48682928478478,69.93111477763799,70.09694210445696,10082500
2023-05-08,71.98934936523438,72.23321571478841,71.22848010316909,72.0576316454211,7587800
2023-05-09,71.05290985107422,71.59917564100765,70.87733318977384,71.09192936765602,5791000
2023-05-10,72.00885009765625,72.85750761082565,69.93111163160546,72.52584552989825,16785600
2023-05-11,71.53087615966797,71.70646022098977,70.42859554717724,71.48209991510801,9695100
2023-05-12,71.21874237060547,72.27223951564409,69.9018653576485,72.1746944484272,10101000
2023-05-15,71.90155792236328,72.1454242865453,70.49688528316734,71.5308837280025,8893000
2023-05-16,70.47737884521484,71.79425571581822,70.4578728107647,71.29676625191534,7032600
2023-05-17,73.00382232666016,73.34524114874212,70.66271146913185,71.53087502461075,11161200
2023-05-18,75.02304077148438,75.28641313133923,72.67216579563342,72.78922431235209,11482500
2023-05-19,74.72064971923828,75.80341693133217,73.99880739191254,75.52053106633181,9511500
2023-05-22,74.77918243408203,75.60832655003006,73.99880712365416,74.68162993862066,8110000
2023-05-23,72.24296569824219,74.36948058428942,71.98935005068266,73.8232223375945,8885700
2023-05-24,70.65296173095703,71.52112537243796,69.98964493769188,71.34554129650864,16363700
2023-05-25,72.38927459716797,73.18915579660926,71.2577387882504,72.42829409984915,11940300
2023-05-26,75.17912292480469,75.54004782525818,72.64291420981515,72.70143975607917,13126000
2023-05-30,75.1888656616211,76.50574230280962,74.43775322745384,76.21309974156351,9094100
2023-05-31,73.96953582763672,74.68162133229656,73.07210953361161,74.11585711175617,12182400
2023-06-01,76.01802062988281,76.57403562270319,73.34524745757174,74.0183135380108,11584500
2023-06-02,79.25656127929688,79.69551771872891,77.10078370556522,77.4226890636608,10481200
2023-06-05,78.73956298828125,80.1539847463628,78.35913210321905,79.4418992198453,10645600
2023-06-06,79.27606201171875,79.55894784305171,78.12501265487171,78.48593749668473,7150300
2023-06-07,78.49569702148438,80.12472235151307,78.17379167347825,79.45164888608389,14289000
2023-06-08,79.72478485107422,80.02717672245726,77.96894427676334,78.40790069923612,8148100
2023-06-09,80.19300842285156,81.31479510425439,79.5784679093818,80.21252189819299,8884800
2023-06-12,82.270751953125,82.33904167870938,80.29055829307798,80.71976546983286,6507300
2023-06-13,83.89002227783203,84.28996665397563,82.76823560776782,83.1779292792733,10559700
2023-06-14,84.30946350097656,85.30443480082712,82.13417267644107,84.1046166875429,20155900
2023-06-15,87.20661163330078,88.00649299465915,83.59738504788514,83.65591803486012,13981000
2023-06-16,86.2896728515625,88.4747133766963,85.99703768176136,88.43570130782477,10017400
2023-06-20,85.0020523071289,85.61659281508699,83.6656620622179,85.08009132337412,6915800
2023-06-21,83.65973663330078,84.79463267081918,83.23904067511413,84.30545167126769,10555800
2023-06-22,84.4130859375,84.47178527849755,82.76943721077032,82.9846780801759,9987200
2023-06-23,82.49549865722656,83.53256017867011,82.03566723868127,82.29982920709757,8737800
2023-06-26,81.4290771484375,83.2390454579143,81.30188530408765,82.12371331199627,9601100
2023-06-27,84.10979461669922,84.45221987384106,81.65410354809214,81.92804375380561,11297600
2023-06-28,84.28590393066406,84.80443469565502,83.04337977275073,83.42494042866147,14974900
2023-06-29,85.1566390991211,85.22512414836851,83.66952450930509,83.87498712135788,8989900
2023-06-30,88.03302764892578,88.63960739172771,86.80028927641787,86.9959587164874,8264600
2023-07-03,88.3460922241211,88.48306230796608,87.62209896458647,87.79820442443142,3604500
2023-07-05,87.92540740966797,88.36566738294148,87.17206438870218,87.17206438870218,12400100
2023-07-06,85.71430206298828,86.0371633394556,84.22718752767169,85.62624559471979,14827000
2023-07-07,85.02945709228516,87.4460053058478,84.90226523704293,85.09794214344991,8788800
2023-07-10,85.63603210449219,85.78278791010207,84.4620005882337,84.77507615685666,6371500
2023-07-11,87.32861328125,87.59276779464108,85.50885896669851,86.09587480203191,10022700
2023-07-12,89.35381317138672,90.23434056200374,88.71787630792383,89.58861798744775,20474600
2023-07-13,91.33988952636719,91.9073413561367,90.1854219084237,90.41044848378426,7872500
2023-07-14,91.15399932861328,92.4552227739028,90.703953637283,91.93669203094207,7729100
2023-07-17,92.09321594238281,92.76828813712773,90.99745523706932,91.02680490391737,7687300
2023-07-18,94.07929992675781,94.52934558177051,91.594259381358,91.87798527644843,10001400
2023-07-19,94.60761260986328,95.4783542865558,94.18691660595371,94.61739832092456,11096800
2023-07-20,92.78784942626953,94.58803940573691,92.27910446547143,93.98145227251132,10804600
2023-07-21,92.71936798095703,93.93254229447008,92.69001831381415,93.7857864944456,7187700
2023-07-24,93.88362121582031,94.42172332786099,93.0226653008653,93.40422590238138,5986500
2023-07-25,94.67609405517578,95.44900098476903,93.67816802991082,93.70751769766711,6582100
2023-07-26,94.73478698730469,95.58595708487996,93.34551484526644,94.02057949777284,15197000
2023-07-27,92.75849151611328,97.05349976024688,92.12256223771297,96.79913103461041,11782900
2023-07-28,95.37073516845703,95.92840123400005,94.26518128349085,94.74457659421485,8873600
2023-07-31,95.96753692626953,96.15342811795563,94.82285503541544,95.66424705714853,5720700
2023-08-01,95.0185317993164,95.53706252872365,94.45107997817577,94.93047532705843,5450100
2023-08-02,91.09529113769531,93.1889853290456,90.58653869131838,92.99331590462991,9704600
2023-08-03,90.24412536621094,91.38881478934509,89.31468428121326,89.74516602886409,7617400
2023-08-04,88.93311309814453,92.61175654828187,88.6102518256348,91.31053321190765,10493700
2023-08-07,91.21269989013672,91.32031285163845,89.61796492454609,90.03866091699935,6696200
2023-08-08,90.04844665527344,90.29303717504625,87.89604560268657,89.6277506626918,8697300
2023-08-09,88.23848724365234,90.2343469829704,87.70038505989832,90.19521160012364,10228400
2023-08-10,88.21892547607422,91.63341522615349,87.46558980067329,89.52993481984824,15466100
2023-08-11,87.99388885498047,88.61025428517176,86.6143947237723,86.95681996276747,9366200
2023-08-14,89.37337493896484,89.41251031806766,87.20140991677529,87.35795143318659,6042800
2023-08-15,86.32089233398438,88.49284995028684,85.91976028562317,88.29718051381977,8806300
2023-08-16,84.38373565673828,86.97639685383646,84.29568664587872,85.93932789641067,9315300
2023-08-17,82.31938171386719,85.27403926420712,81.99652044819183,85.13706171100029,11069200
2023-08-18,82.32917022705078,82.99445673761663,80.41158145290456,80.55832979292548,8221100
2023-08-21,83.98259735107422,84.41307905478557,81.6834479562992,82.92597197771684,6650500
2023-08-22,83.219482421875,85.00010124339458,82.9259782542925,84.90226652086709,7012000
2023-08-23,85.96868133544922,86.3698059193065,83.76736658685847,83.80650196699513,6090900
2023-08-24,82.39765930175781,87.2111991618163,82.31938854038029,86.89812358061681,6831200
2023-08-25,84.07064819335938,84.81420541428707,81.24318256897577,83.33687668258212,10681400
2023-08-28,85.56754302978516,85.998024715497,84.54026736748642,85.32295252005069,5712900
2023-08-29,89.29511260986328,89.49078952384852,85.44037070824197,85.55776939232209,7596400
2023-08-30,90.46915435791016,90.79201567723493,89.05052468101854,89.54949149594671,7348800
2023-08-31,89.9212646484375,91.3888078058562,89.80385850869223,90.70394985380784,5453400
2023-09-01,90.3713150024414,91.84863648313473,89.46143789913562,91.59426769697546,5485400
2023-09-05,89.16791534423828,90.26368351146832,89.12877996708971,90.0777923360901,4136800
2023-09-06,87.35795593261719,88.69831474476123,85.90997668847488,88.6396079409281,6308600
2023-09-07,86.41873168945312,86.86877738892531,85.23491436738936,85.45014777332837,5910700
2023-09-08,86.80028533935547,87.71994808745193,86.2132695814619,86.47742406000539,5419300
2023-09-11,88.48307800292969,88.66896174151402,87.3090389076113,88.32653647116281,5197400
2023-09-12,86.9861831665039,88.49285432323701,86.64375043929911,87.55362754602339,5367300
2023-09-13,87.3188247680664,87.97432563875617,86.42851159932661,87.0742342224976,6003100
2023-09-14,89.45164489746094,89.8625551779015,87.88626706889434,88.71787334054126,5651200
2023-09-15,86.16435241699219,88.62004345120341,85.90019792641434,88.48307335026517,9077400
2023-09-18,86.33068084716797,87.05467426967607,85.66539423402979,85.9491201756649,5653800
2023-09-19,85.7854995727539,86.05024356595763,84.09900777270248,85.6776420171164,7027700
2023-09-20,83.3047866821289,86.68757738939624,83.23615073923833,86.4130261370772,10040700
2023-09-21,79.16699981689453,81.73595897526475,79.02972793247655,81.57907254692611,10337700
2023-09-22,78.51986694335938,80.56914554739208,78.32375889559448,79.66707096994487,10096700
2023-09-25,79.50038146972656,79.52979580549209,77.59817462881693,77.8138897321065,8551700
2023-09-26,75.96070861816406,78.1472589345474,75.5194711577267,77.74525056117805,13269800
2023-09-27,75.99994659423828,76.9118285653129,74.03891074080965,76.59806312799465,14746900
2023-09-28,77.33344268798828,78.22571000878915,75.34298524161031,75.7450011361384,11895200
2023-09-29,76.67648315429688,79.04934173576868,75.8626591273742,78.97089852233432,15546100
2023-10-02,76.5882568359375,77.27461640113306,75.06845103774396,76.20585543807738,13468200
2023-10-03,73.47020721435547,76.1960458042225,72.72501150896657,75.33319273744871,13343700
2023-10-04,75.12728118896484,75.4704609440997,72.91130872890353,73.69572600986115,12714500
2023-10-05,74.92135620117188,75.36258614532657,73.16622873401863,74.84291299486476,8347300
2023-10-06,77.48052215576172,78.35318998020148,72.79364773083952,73.53884343896662,12329600
2023-10-09,78.95127868652344,79.31407291377198,76.12739051897961,76.42154880926287,9563600
2023-10-10,80.19656372070312,81.65753336598918,79.07877386044959,79.33371062108444,9483900
2023-10-11,81.1868667602539,81.30452409397276,79.40232488487459,80.7946581927599,8294000
2023-10-12,79.65726470947266,81.6477146648446,78.24532415141117,81.43200703069816,11726300
2023-10-13,78.36297607421875,81.08881419758659,77.46090154777814,80.43186910642373,13110800
2023-10-16,80.8240966796875,81.41240596636092,79.45137002361054,79.5984492154685,11148700
2023-10-17,80.76525115966797,81.93206221546602,78.7846010811334,78.99050891450953,14245700
2023-10-18,77.529541015625,80.27499380787211,76.89220295877224,79.72589876096846,14273500
2023-10-19,75.41162872314453,78.83363380200812,75.0194201010933,77.81389437697781,14782300
2023-10-20,72.57792663574219,75.40182277968945,72.48968362162253,75.13707877581571,16557500
2023-10-23,72.14649963378906,74.21539273617786,70.77377325351468,71.69546235526805,17597900
2023-10-24,73.7839584350586,74.37226757094761,72.27396024846428,73.23487090566304,13914400
2023-10-25,70.56785583496094,72.86226352463457,70.29331209234248,72.86226352463457,14034300
2023-10-26,68.01851654052734,70.38156034222153,67.4792288053085,69.95993742580221,13897800
2023-10-27,66.99877166748047,68.93039260167691,66.2829905037595,68.73428458659644,16908800
2023-10-30,69.40105438232422,69.90112059597305,67.72436970442162,68.38131488895067,13486500
2023-10-31,70.6364974975586,70.81299098651645,68.66565478432192,69.63636523321188,14616400
2023-11-01,72.89169311523438,73.32312336152013,70.85222167996875,71.12676548005696,14963500
2023-11-02,77.0392837524414,77.117726972338,74.87234029790885,74.91156190785715,10974000
2023-11-03,79.0983657836914,79.96122619886535,78.20609851344005,78.27473445730554,13149800
2023-11-06,79.61803436279297,79.87297105977329,78.5296591157591,79.50037702630696,11053500
2023-11-07,80.2750015258789,80.62798856112724,78.95129640331878,79.58863452144814,8066300
2023-11-08,80.4024658203125,80.8829174848705,79.10818252341095,80.57895933719715,9689000
2023-11-09,78.4610366821289,81.02999619513413,78.22571448789229,81.02018892181995,13341500
2023-11-10,82.07913970947266,82.27524774734054,78.75518514536859,79.56901667081765,11454200
2023-11-13,81.78500366210938,82.4909702838159,80.863314419363,81.31435176688026,10214800
2023-11-14,86.5699234008789,87.32491886716018,85.10895387322635,85.2756401152841,10930700
2023-11-15,87.10919952392578,88.08971734376695,86.60914082195204,87.34452918683292,8035400
2023-11-16,87.31511688232422,87.55043906995363,86.14829825570108,86.78563634958996,8829600
2023-11-17,87.7857437133789,88.01126606365574,86.7856190052633,87.31509943217955,10775100
2023-11-20,89.61932373046875,90.15860400381858,87.47198746689841,87.47198746689841,10069200
2023-11-21,88.9721908569336,89.26634921495705,88.24660971610227,88.95258379075233,12771000
2023-11-22,89.9723129272461,90.76652992937633,89.30556054250806,89.92328404630304,8061700
2023-11-24,90.06055450439453,90.16841205614914,89.73698184913069,89.91347534466034,2941200
2023-11-27,89.55069732666016,90.16842088109324,89.32517492889455,89.62914055029667,6130200
2023-11-28,89.79582214355469,90.59984644233162,88.95257623498897,89.27614890517847,6739200
2023-11-29,89.63894653320312,91.76666862617198,89.35459543845145,91.09011634766716,7805900
2023-11-30,90.59004211425781,90.78614268881863,88.76627834396416,90.04095452088163,10001900
2023-12-01,92.09021759033203,92.47261888242124,89.80560962833309,90.16840385859348,10621300
2023-12-04,90.6978988647461,90.83517076186457,89.25653646424463,90.01153937915365,11775000
2023-12-05,90.60964965820312,91.16854448134534,89.55068868358943,89.74678924299633,10406000
2023-12-06,89.42322540283203,91.88432731402078,89.18790321219379,91.8549129752857,9167000
2023-12-07,91.40386199951172,91.81567764177325,90.26645786668678,90.63905938366702,7221800
2023-12-08,92.50203704833984,92.85502402193367,90.75671672376836,90.9037958762252,9790700
2023-12-11,93.61003112792969,93.69827413498554,92.08042582624056,92.40399099953548,6082500
2023-12-12,94.85530090332031,94.90432979132225,92.72757882537668,93.35510969185998,6052000
2023-12-13,98.69892883300781,98.91463647280852,94.8258788974357,95.05140129095302,10743200
2023-12-14,99.57157897949219,100.67956132694687,97.84586567131605,99.9049514186221,10282000
2023-12-15,99.14997100830078,99.88535942044894,98.5126328882875,99.15977080098384,9053500
2023-12-18,100.72859954833984,101.35613035846835,99.99321117889951,100.13048307606779,7070200
2023-12-19,102.49352264404297,102.56215858961195,100.99333163320865,101.07177485121808,5429400
2023-12-20,98.09100341796875,103.16027874203759,97.97333858672705,101.87580279420095,11952500
2023-12-21,100.81924438476562,101.03561699595275,98.46866466061162,100.02259908870766,8639100
2023-12-22,101.43885040283203,102.54038028196346,100.19963022675397,101.57654069977866,6531300
2023-12-26,102.63874053955078,103.27802127522357,101.59622603444575,101.6749008529667,4480100
2023-12-27,103.26818084716797,103.34686316676283,102.19616238103426,102.52071381813481,7931500
2023-12-28,103.26818084716797,103.74026726117812,102.9239550783892,103.27801801300707,5232600
2023-12-29,102.27483367919922,103.37636360496175,100.95693863733148,102.92395153819109,8692600
2024-01-02,100.43568420410156,101.14380256505673,99.09811479414357,100.1996372468909,8732800
2024-01-03,97.98674011230469,99.53084486302384,97.61301038089312,99.03909166211254,11632600
2024-01-04,97.00324249267578,99.26531042308754,96.81638136183169,97.63268604654428,7422300
2024-01-05,97.29828643798828,98.89156947428702,96.38362520478019,97.02290585225822,10967400
2024-01-08,101.39952850341797,101.52738916312146,97.51468045230735,97.58352561385544,8596400
2024-01-09,100.86842346191406,101.62572766307396,99.32431856895002,99.64887751230427,11699800
2024-01-10,102.63874053955078,103.19933895314338,100.90776697158306,101.1044727767835,9823600
2024-01-11,102.36334991455078,103.48454663219091,99.7078780804885,103.14032088617131,8716900
2024-01-12,102.53054809570312,103.7402643388298,101.58638279783881,103.23867394499106,6557100
2024-01-16,101.36017608642578,102.4322020584438,100.14063014429617,101.5568818858396,13261800
2024-01-17,99.64888000488281,99.94393496141417,98.07527107835384,99.2948170584689,8442300
2024-01-18,102.18631744384766,102.50103919473327,99.59969078468434,100.59303435923765,7684400
2024-01-19,105.88429260253906,106.130169179264,102.42234620025953,102.87475820100651,10010800
2024-01-22,106.56291961669922,107.75296149017221,106.14001155393126,106.91698252987977,12762900
2024-01-23,107.43824768066406,107.62511631631885,106.17936056449491,106.88748644322983,6720800
2024-01-24,107.74312591552734,110.02486039549203,107.54642013924531,109.34623859854574,7679600
2024-01-25,109.48394012451172,109.64130476168481,107.70379581195469,109.1200400287181,6089600
2024-01-26,109.09053039550781,110.13305230398731,108.41191606756797,109.1003675607123,10774900
2024-01-29,111.50995635986328,111.63781699807258,108.78564684965123,109.12987259952516,5696300
2024-01-30,111.27391052246094,111.73615971867892,110.71331218958254,111.01819676429731,4861300
2024-01-31,105.78594970703125,109.98552638486905,105.7171045567499,109.66096746058902,10411500
2024-02-01,109.76914978027344,109.83799492805332,106.24819507139722,106.78912659220944,15098100
2024-02-02,113.21142578125,114.3818008343334,109.83799842550249,110.06420820601555,9528000
2024-02-05,111.94270324707031,113.06389999385839,110.37893160154542,112.74917823166452,11377300
2024-02-06,112.84752655029297,113.12290715225419,111.57880234534996,112.58198311370427,6819200
2024-02-07,115.630859375,115.98492231672431,113.83104067182795,114.44081740558852,5542800
2024-02-08,115.76853942871094,115.99474920615553,114.99156845896084,115.59150797353296,4075700
2024-02-09,117.64704132080078,118.01093389596205,115.7980444385643,116.05375821019332,5414900
2024-02-12,117.4503402709961,119.25999606877873,116.96842420405414,117.67655005955349,5474100
2024-02-13,112.62132263183594,113.84086849571808,110.24123138477174,112.90654039501682,9210600
2024-02-14,115.62100982666016,115.98490989544953,112.76884727336004,114.42113081971182,6561800
2024-02-15,117.84375,118.01094430623162,115.65052717607276,116.04393128169244,6601900
2024-02-16,116.02426147460938,118.41418253821632,115.53250823109815,117.63721151304149,6946900
2024-02-20,114.03756713867188,115.2571205099595,112.50329951463986,114.78503412372582,6589200
2024-02-21,114.33262634277344,114.47031664733164,111.85419335716693,113.12291009151626,6509200
2024-02-22,121.36470031738281,122.0531518473342,118.28632025338567,118.91577129963125,6293300
2024-02-23,121.49254608154297,123.21368230548612,121.03029686654317,122.57440163588124,6649300
2024-02-26,120.21400451660156,122.17118037860851,120.10581819976889,121.8367842619732,4292600
2024-02-27,120.78441619873047,120.99095163822672,119.27965263700192,120.66640023533729,4652400
2024-02-28,120.23365020751953,120.7352405425103,119.37799698942443,119.67305189319734,3882300
2024-02-29,121.39419555664062,122.68258654273369,119.56487304776739,121.51221902621768,6950900
2024-03-01,124.94465637207031,125.21019980363857,121.78760166745974,122.11216058658867,6119100
2024-03-04,124.40373992919922,125.82982891187707,124.23654561854164,124.29555360970092,4766400
2024-03-05,120.6762466430664,123.25303641907117,119.00428856547109,122.87930664386589,6849300
2024-03-06,122.48589324951172,124.118510042213,121.50238680701064,123.05632878701643,6240700
2024-03-07,126.03634643554688,126.80348027127826,124.13818617734722,124.83647486124526,5795800
2024-03-08,123.6562728881836,128.44595214149558,123.2235276363479,126.44943518998647,9774600
2024-03-11,123.30220794677734,123.7251160259383,121.29585386216895,122.69243123853909,7690100
2024-03-12,127.25590515136719,127.66897607959326,122.93831222626547,124.82664290120672,6147900
2024-03-13,126.58712768554688,127.570634181409,125.51510170320643,127.4132695403627,3708000
2024-03-14,125.69212341308594,127.32474767115833,123.42021848162906,127.19688703434635,5564600
2024-03-15,122.96780395507812,124.443063554642,122.00397188535574,123.34154118924498,6092300
2024-03-18,125.19053649902344,127.10837857219538,124.88565190168973,126.05601947082553,6188800
2024-03-19,127.3363265991211,127.47444550353217,123.89319919467353,124.64298538235774,5291800
2024-03-20,130.67092895507812,130.85837928421623,126.75425277980581,127.28700793144387,6279100
2024-03-21,131.89425659179688,133.3839686069052,131.7166665530714,132.86108885738497,4330600
2024-03-22,131.1543426513672,132.19024198569977,130.96689233658495,131.69695802209682,4111700
2024-03-25,130.10858154296875,130.89782383248294,129.8816600835933,129.99018315647626,5737500
2024-03-26,129.0529327392578,131.30230614038788,128.92467410680993,131.08526001801303,6567800
2024-03-27,132.27902221679688,132.33821388056322,129.5758208254284,131.21352710750924,4600500
2024-03-28,132.22970581054688,133.34453245069946,131.98306381432428,132.32836863056903,3843700
2024-04-01,131.55882263183594,133.13732208530087,130.55251925708967,132.7328256729049,5667000
2024-04-02,128.9246826171875,128.9937495942432,127.0995410816135,128.4116781611925,3696600
2024-04-03,129.2897186279297,130.4144053649872,127.97758159239083,127.99731716429166,4613100
2024-04-04,124.48513793945312,132.49607199819667,124.17930429902593,132.2296944500888,7072700
2024-04-05,128.18475341796875,129.7139365949621,125.03760709739068,125.39277212524829,6946100
2024-04-08,128.32289123535156,129.50676967927447,127.80987172324687,128.74710819744288,6096000
2024-04-09,128.766845703125,129.90139275936795,125.13626802625103,129.71394245094854,5409100
2024-04-10,124.90936279296875,126.40895022050536,123.39991510578213,124.41607884150041,7529400
2024-04-11,127.66187286376953,128.67803653776187,123.30125233104688,125.89592304846977,5004700
2024-04-12,122.17656707763672,125.91566038168388,120.94335718290807,124.86990079956706,8850300
2024-04-15,117.65809631347656,125.3927854606991,117.00695785085095,125.30399795774989,8718500
2024-04-16,116.92802429199219,118.99982290522284,116.01051584316356,117.92445997934529,5997700
2024-04-17,114.78718566894531,118.74332546938317,113.81048545329685,118.64467017444474,6666500
2024-04-18,113.97818756103516,117.12534155072184,113.29745330573222,115.6454897100916,5587900
2024-04-19,111.03822326660156,114.54053489357251,110.04178755214912,113.83020478136547,11659000
2024-04-22,113.89926147460938,115.73427837769636,111.05794862156296,112.6759193815233,6315100
2024-04-23,117.90473175048828,118.25989679638234,114.9351602661191,115.31005335815583,5019700
2024-04-24,117.74688720703125,119.09848805275809,116.15851215303893,118.53614460380477,10395500
2024-04-25,116.25715637207031,116.8293675538805,112.07411063221738,113.2481288281873,6755700
2024-04-26,119.5128402709961,120.66712296033931,117.77647858002932,118.24016671854739,6060500
2024-04-29,120.7164535522461,121.23933335532388,118.77291350917127,120.76578495993556,3177100
2024-04-30,115.05355072021484,120.36128329003665,114.97462348208948,119.64108541424515,5167600
2024-05-01,113.80060577392578,119.22672922460805,113.48490434696272,114.51093586632162,6631100
2024-05-02,116.84910583496094,117.47064090945395,113.16920421359183,116.306490472924,4396500
2024-05-03,121.2097396850586,121.97926148648752,119.31553101586181,121.12094465501578,4857700
2024-05-06,124.91922760009766,124.92908785951249,122.63039042095198,122.88689265021837,3515200
2024-05-07,125.39278411865234,126.33002818116574,124.80084485791107,125.59996248356597,7257900
2024-05-08,125.32373046875,125.66902775960044,123.78468681415009,123.89320989511972,2878500
2024-05-09,127.36592864990234,127.37578891004468,124.84030957398026,125.30399771581848,3182100
2024-05-10,127.80986022949219,129.1022616260244,126.83315269782833,128.47085884245791,3421400
2024-05-13,127.82962036132812,129.0628303360087,126.9022440517551,129.00362361200456,2517700
2024-05-14,129.44760131835938,129.8619580956335,127.47446520533944,127.85922614522498,3804900
2024-05-15,134.26202392578125,134.48894538496702,130.84850737037402,131.35165158759347,3676600
2024-05-16,133.2557373046875,135.45577956977914,133.15707449032223,134.20283408573354,10316300
2024-05-17,133.76873779296875,133.86740060438694,132.20009844670722,133.32478524924983,3344400
2024-05-20,134.28175354003906,135.38670473846543,133.57142346852754,133.8673968406292,2645700
2024-05-21,135.15980529785156,135.31765977827234,133.46290726790775,133.5911659149786,2329900
2024-05-22,133.96604919433594,135.14994272338413,132.2790265069559,134.59745205137358,4506300
2024-05-23,130.88796997070312,136.2647623634607,129.93099784136564,136.225306268589,4623300
2024-05-24,133.41357421875,134.00552098612525,131.4897698055279,132.24943131109876,2688100
2024-05-28,133.67996215820312,134.1831064118911,131.61803867953154,134.00553140017752,2587100
2024-05-29,130.8682403564453,131.70682918552689,130.276308583417,130.51307527109506,6054300
2024-05-30,128.2340850830078,130.09869771960956,127.2475172318147,129.605413794013,4307800
2024-05-31,131.509521484375,131.6969718187947,124.90937895131724,128.7668635637257,5937800
2024-06-03,131.76602172851562,132.84137725238415,127.93813301152814,132.7624650585252,4743100
2024-06-04,132.14089965820312,132.78216273635903,129.625148640968,130.8287626169969,3825400
2024-06-05,136.8271026611328,136.88629432574174,132.436878574605,133.90685509183123,3774200
2024-06-06,136.77777099609375,137.41903409991366,135.29791916835737,137.11320046412783,2680500
2024-06-07,136.11679077148438,138.4056207473314,135.06115576542493,135.94907601473193,3539000
2024-06-10,137.36972045898438,137.6656787873058,135.0611401212563,135.5347035542337,2695200
2024-06-11,138.27735900878906,138.40560259782205,134.5678541097218,136.1759645868741,2803400
2024-06-12,141.6415557861328,143.81200208115922,140.8818943140327,141.91779358438174,4086600
2024-06-13,142.5196075439453,143.2003267596915,140.2899544228546,143.07208316741963,6772000
2024-06-14,142.6281280517578,142.68731971694677,140.33928330557472,141.17787203930231,6709800
2024-06-17,145.96273803710938,147.07756473594543,141.67117610923202,142.0855328782374,2904900
2024-06-18,147.02821350097656,147.14659683220805,145.65688471682947,145.9824539315476,2066300
2024-06-20,145.80487060546875,148.32062188698657,144.364489829616,147.77800650409728,3665200
2024-06-21,144.76898193359375,145.98245625956272,143.8909370873509,145.04521974676015,2250300
2024-06-24,143.53578186035156,146.94929866551868,143.50618602504565,144.84791908963433,8573400
2024-06-25,145.22373962402344,145.5302833019902,143.3152351394975,144.51176039639296,2334300
2024-06-26,145.78738403320312,146.30159461676388,143.72067363588178,144.27443191566343,6060000
2024-06-27,146.28182983398438,146.82570502366104,144.93699676683215,145.58963190566098,2235000
2024-06-28,144.44256591796875,149.31763099868755,143.48337198193414,146.80593708982713,3460700
2024-07-01,145.352294921875,145.7082845329531,143.0284717538958,145.53028218302353,2699400
2024-07-02,148.10133361816406,148.15077955819916,143.8591224369424,143.91845152947153,2550600
2024-07-03,149.98013305664062,150.3163412495016,147.77498332386685,147.8046478650734,5058400
2024-07-05,152.4918670654297,152.82807531459054,149.57472258886733,150.12849599127517,2321600
2024-07-08,152.9665069580078,153.76747984072227,152.04686080797083,153.1247279219168,2247500
2024-07-09,153.34228515625,154.47946632394002,153.0851723056617,153.72793934335013,2039400
2024-07-10,157.77235412597656,158.13822689023374,154.08391667340712,154.33113126304707,2631300
2024-07-11,153.6982421875,158.6623152030629,153.16426533114904,157.89100691678897,4128400
2024-07-12,156.39784240722656,159.53252160916364,154.22235702507749,154.49923615978113,3862600
2024-07-15,157.67347717285156,160.4620652504469,156.09131270272835,158.10857730598977,7173000
2024-07-16,160.45216369628906,160.67961199950415,158.11845719391692,158.7612242277937,2921800
2024-07-17,153.65872192382812,156.63518058098006,153.3225136546714,155.2606678676316,3420700
2024-07-18,150.03948974609375,155.67597994414444,148.21011065037325,154.85524070137492,4144000
2024-07-19,146.89491271972656,150.99866888726476,145.99504798883447,149.63405460782633,3471000
2024-07-22,151.30520629882812,151.84908139325853,148.44740635403622,150.07903163732743,2958300
2024-07-23,150.51414489746094,153.0357217664454,150.18781981221758,151.2162259173145,2358100
2024-07-24,140.3289031982422,146.74658474186066,139.5081488920006,146.4993701347559,4813500
2024-07-25,138.0248565673828,145.0754217512556,137.28321277122615,140.31900019732763,5296400
2024-07-26,142.43515014648438,144.64031513170474,140.25966479345325,140.8628689907228,3872600
2024-07-29,142.682373046875,144.5216502892498,141.14965458554755,143.7404587860178,2990200
2024-07-30,140.4871063232422,144.6996372612642,137.76774599050674,143.8788830592759,4576900
2024-07-31,147.0531463623047,149.39673605439782,144.79853522039357,145.8368396079934,5787400
2024-08-01,140.9419708251953,150.50422867603277,138.1336169037275,148.65506850268557,8116300
2024-08-02,133.01132202148438,136.14600096339507,129.6195453583273,135.16704092146387,10774900
2024-08-05,121.37247467041016,125.93111237652691,115.98319955172781,116.94239338127902,11317000
2024-08-06,124.54670715332031,129.90631764220794,121.59002277578128,122.52944274237211,5711200
2024-08-07,122.06468200683594,131.28083435026218,121.59002666037217,129.09546575931466,10799500
2024-08-08,130.35133361816406,130.8556460169678,124.20062504831216,125.65424823820996,4320700
2024-08-09,131.86427307128906,133.12011236961175,128.7196955275315,129.68877253023217,8065000
2024-08-12,132.1114959716797,133.9903210056181,130.42054137010902,132.87290612011284,3327100
2024-08-13,138.5687255859375,138.78627563031006,134.3759607447712,134.57372939726054,3235200
2024-08-14,139.933349609375,140.81343299979437,137.1249953173381,139.2510499740196,2989300
2024-08-15,147.01358032226562,147.28057632203473,143.81957183245905,144.29421965188473,3578500
2024-08-16,147.81455993652344,148.4474287540538,145.48085334273355,145.61929292504385,2597600
2024-08-19,152.07652282714844,152.07652282714844,147.52778335616614,148.2001998084404,2768100
2024-08-20,151.2755584716797,153.05550666432023,150.18782325140873,151.70077544295762,2297900
2024-08-21,152.78851318359375,153.98503854328985,150.69213810478144,152.05676758978018,3040600
2024-08-22,149.08029174804688,154.8057905179576,148.12109786208646,154.3113613020515,3765200
2024-08-23,153.64881896972656,154.50912092663606,149.8614895869191,151.66120398130627,4743200
2024-08-26,152.57095336914062,155.11232665765039,151.13711173065286,154.52890383262417,2804300
2024-08-27,153.14451599121094,153.54006845720056,150.5141637641028,151.4733426582662,3837300
2024-08-28,150.46470642089844,153.1642857833348,147.74534566446525,152.78851474130815,3511300
2024-08-29,150.46470642089844,154.7266839558667,149.46594972262392,152.02710459343032,4573200
2024-08-30,154.4398956298828,154.93432482335348,149.2483890984408,152.17541656285104,3453600
2024-09-03,144.96664428710938,152.09630474458152,142.78126063211084,151.79964421334992,10244100
2024-09-04,143.85911560058594,146.7169157689314,142.80104496027164,143.38446779412632,3761000
2024-09-05,142.7911376953125,146.12360054829338,140.8826483492812,143.88877105191924,3801300
2024-09-06,135.60215759277344,144.28433316151214,134.7418405220394,142.98893106816004,6112800
2024-09-09,140.00257873535156,140.94199122881466,137.174443013813,138.68739520899032,3600400
2024-09-10,141.7726287841797,142.0297416337134,137.6688723206185,141.44630369046692,3421000
2024-09-11,146.02471923828125,146.7861444369851,134.83084991051985,141.63418549437296,5710000
2024-09-12,149.66372680664062,149.9406059551107,144.68977019756363,146.45982011733884,3872100
2024-09-13,151.81942749023438,152.7291753988638,149.8515938611278,150.04937761025812,3245400
2024-09-16,152.46217346191406,152.7291694418008,150.14824853964518,151.6612006110349,5514200
2024-09-17,152.6599578857422,155.49797654013145,150.7712348037565,154.31134953023644,2924900
2024-09-18,151.1470184326172,157.16916270465825,150.7514660037584,153.15439985663087,5223200
2024-09-19,158.8502197265625,160.47194697000688,156.56595913676767,158.94911160640447,3716300
2024-09-20,157.77235412597656,158.8304247234694,155.37931870891552,157.60425001567512,3322900
2024-09-23,159.02822875976562,159.6017534027903,157.7525928647224,158.79089729146426,2099500
2024-09-24,160.31822204589844,160.43703789826586,157.25898199510175,159.7143081852195,2788500
2024-09-25,159.17967224121094,160.81324289450419,158.32823166201976,160.1796137500068,5808500
2024-09-26,161.14988708496094,163.12998025759748,159.12028856162607,162.9121688000545,3407200
2024-09-27,160.2291259765625,162.61514172741488,159.39749052124077,161.9122020476406,2367600
2024-09-30,162.318115234375,162.67453256675188,157.43719340364933,159.34797583353773,2960000
2024-10-01,157.73422241210938,161.83301449403476,155.4868125305611,161.76370398473804,4132200
2024-10-02,157.8629150390625,158.73416081333795,154.88288044392277,156.93226889052482,2898700
2024-10-03,156.93228149414062,158.6153728036025,155.04130396497618,156.61547443699484,2641100
2024-10-04,161.02114868164062,161.41716120573844,157.1203633809486,160.58552584098737,3457000
2024-10-07,156.70457458496094,160.17963271126425,155.69472282337662,159.66481935642005,3427800
2024-10-08,161.02114868164062,161.5161718902176,158.07081458845653,158.77373908476653,2280700
2024-10-09,164.26852416992188,164.82294782893908,160.5162543374872,161.05087283527902,2653200
2024-10-10,163.40719604492188,164.6843495251168,162.04092688855005,163.15968439235667,3037400
2024-10-11,166.10011291503906,166.80303750140118,163.0804679344891,163.1794786316526,2558400
2024-10-14,170.1890106201172,170.9909610847752,167.2584810385565,167.52579786010918,2107300
2024-10-15,166.2288055419922,170.70382006593027,165.149658455159,170.4563084346248,2916300
2024-10-16,168.25840759277344,168.80293621484878,165.48627424059012,166.1991089627776,2130800
2024-10-17,168.3474884033203,171.60474961969223,168.18909245568398,171.46614372369189,2881400
2024-10-18,170.05038452148438,170.8127245704063,168.3970086489786,169.67417711728126,1942400
2024-10-21,169.2682647705078,170.2781165107268,166.58523189516396,169.4563760375685,2997100
2024-10-22,168.842529296875,169.88208117917617,166.29811755955302,166.92185171031596,2744700
2024-10-23,164.13980102539062,167.40695746567027,161.0607558354259,167.01094491220448,4029100
2024-10-24,165.1694793701172,165.88231414482286,162.9814696936349,165.87240401020227,2580500
2024-10-25,164.88235473632812,169.555375914435,164.06062934932413,167.03076916048127,3395400
2024-10-28,166.3971405029297,167.9020004687115,166.1199135545885,167.9020004687115,2245000
2024-10-29,167.10995483398438,168.1099115436772,164.29822618518318,165.54569453875453,2111100
2024-10-30,165.5852813720703,168.44651522618122,165.00115754774677,166.7139338067425,2960500
2024-10-31,155.7640380859375,161.80331346382863,155.64523732456846,161.73401805533427,4449600
2024-11-01,157.59561157226562,161.36770183285884,157.25899935171265,157.82333316873883,2965300
2024-11-04,156.58575439453125,158.79355380783474,154.96207877687448,157.66490142857225,2184900
2024-11-05,162.1696319580078,162.1795269852666,157.16989373436684,157.33819983923723,2332900
2024-11-06,174.2283935546875,175.02043384296215,169.4860770662114,172.73342865191668,4871700
2024-11-07,178.2974853515625,179.1687311780557,175.9312746245293,175.99067500235165,3284300
2024-11-08,180.41616821289062,181.67353148909893,178.56478610495154,178.58459126474906,2296600
2024-11-11,180.88148498535156,182.1289531917515,179.29741971555796,181.8319362327558,2620300
2024-11-12,179.05982971191406,181.29732960231684,176.83222484907992,180.78251624432758,2664100
2024-11-13,179.35684204101562,181.1587189608462,177.31734850351987,179.4459426075481,2840800
2024-11-14,175.7827606201172,179.8122420544523,175.1986368057124,179.3469189868659,2691600
2024-11-15,168.85243225097656,172.84231840563254,167.19905642197986,172.42650069177503,4853700
2024-11-18,170.9711456298828,172.07009793354072,168.46632900110686,169.24845914912092,2639600
2024-11-19,172.74330139160156,173.33733530789218,167.22875048795615,167.81287427126557,3473700
2024-11-20,172.76312255859375,173.00073916850917,167.59507837149724,172.6542168340798,3790800
2024-11-21,175.3966522216797,176.743116147759,170.0404967056141,175.25804630753527,4258700
2024-11-22,176.96092224121094,177.56485122889157,174.92141369925378,175.36694672335955,2961800
2024-11-25,178.63409423828125,181.6735444401784,176.65400111086785,180.5052967463221,3279800
2024-11-26,181.49534606933594,182.0992599797432,179.16873056648856,179.83205996142738,2197000
2024-11-27,179.61424255371094,181.6240358334398,178.28758380779453,181.19832306999805,2578700
2024-11-29,182.85169982910156,183.59423474197717,180.07956646631698,180.27757275503487,1492700
2024-12-02,183.83184814453125,184.44568731827343,182.79231128474862,183.23782923992866,2172200
2024-12-03,184.0100555419922,184.2575671837356,182.59428109562583,183.5645376082364,1916700
2024-12-04,187.287109375,187.5940213971193,184.911003630215,185.53472270174672,2323000
2024-12-05,186.4158477783203,188.0791337444593,186.0891457292588,187.29698855403524,2068900
2024-12-06,187.33660888671875,188.4454561854716,186.54456862750467,186.94059631056743,2718100
2024-12-09,184.30706787109375,187.27720749687967,183.76253925165074,187.11879642451237,2350200
2024-12-10,182.64378356933594,185.18821045770966,181.91115878973534,184.89119347091224,2396300
2024-12-11,186.7623748779297,187.6336206495052,184.91099272024275,185.23770988458355,2438600
2024-12-12,183.8417510986328,186.37626791586752,183.80214077572558,185.8515444391859,2141900
2024-12-13,183.5744171142578,186.15843903985714,182.21805826639545,185.53470492118856,2494500
2024-12-16,185.7822265625,186.6831725365242,184.3367670788388,185.05949682066938,6451400
2024-12-17,183.30711364746094,184.21796977230198,182.13886596367468,183.30711364746094,3083100
2024-12-18,167.05055236816406,185.2773132211743,166.51593387111123,183.04970845411614,4801400
2024-12-19,166.69412231445312,172.62450621478388,166.50601106466794,171.15924164279434,4162000
2024-12-20,172.20870971679688,176.43621297035935,163.75370320967195,164.47644811176542,4783800
2024-12-23,175.6713409423828,176.12761103435426,169.39275754225312,172.2295264462397,7031100
2024-12-24,181.1564178466797,181.26552492398386,176.12760923874237,176.62354774742633,2183200
2024-12-26,181.16635131835938,182.29709063853045,178.3494239080867,179.5991987752742,2446700
2024-12-27,175.45314025878906,177.8733228132636,171.53522872635065,177.5955984350298,4005300
2024-12-30,169.35308837890625,172.38822964812985,165.9410289977412,169.04559378846636,3726900
2024-12-31,167.3296356201172,171.26738825609075,165.95092728822897,170.692097818598,3802500
2025-01-02,165.95095825195312,171.6344099024242,162.48931679516176,170.13668090223788,5967200
2025-01-03,171.9617156982422,172.63619994817304,167.3891619885293,168.3512839175791,7668000
2025-01-06,175.03652954101562,178.82549168405313,173.4892038943908,175.800279043203,3588000
2025-01-07,169.14479064941406,177.09964875873987,167.40900582706402,176.7624141970455,4255700
2025-01-08,169.58120727539062,170.60283934673782,166.00053079766136,169.00591681490087,4246400
2025-01-10,161.7652130126953,166.38736337119605,160.06911185264929,166.36752159384324,7967500
2025-01-13,162.45953369140625,162.6678345290974,157.35137299031368,157.68860755148742,3609100
2025-01-14,162.88604736328125,165.38558172102424,159.83106428933814,164.84995964837242,3542200
2025-01-15,171.74351501464844,172.8147441063369,168.86707745842762,169.85895456537875,2980000
2025-01-16,170.90040588378906,173.20155259653754,170.21600834920685,172.9535833526942,2327800
2025-01-17,175.6713409423828,177.27817688375092,173.9950663443668,175.19524420694825,2967800
2025-01-21,180.3629150390625,180.46210879574437,176.7028863861989,178.46842628427171,4732500
2025-01-22,183.2889404296875,184.69741905960092,182.5847162495724,183.0112160861433,2074800
2025-01-23,186.3042755126953,186.37369903883274,182.6045782070984,182.83270569989756,1996100
2025-01-24,184.47921752929688,187.18703763145413,183.48734048170962,186.3042676644952,2318400
2025-01-27,176.75247192382812,176.97068606665346,172.3584642388773,172.52708150654388,3714300
2025-01-28,181.0373992919922,181.9003274627435,174.81832609198528,177.7146051960232,2542500
2025-01-29,178.7659912109375,180.74974525242553,176.37557909342453,180.3232453982299,2515300
2025-01-30,181.54324340820312,182.9219518123729,177.6947558620997,180.5712082003673,2688300
2025-01-31,178.5180206298828,185.8579196097798,177.80386796946382,183.69561985049947,3496200
2025-02-03,174.71913146972656,177.01038010510396,168.32152770119328,170.23585822484898,4077300
2025-02-04,178.07168579101562,178.67673139764088,174.29263664752128,174.7786618511523,2073400
2025-02-05,180.3430938720703,180.48195605473637,175.3936219062535,177.24842716075935,2030500
2025-02-06,182.17803955078125,182.24747820275226,178.8949292325255,181.82096323954502,2003300
2025-02-07,177.04013061523438,183.5964381697671,176.34580460957005,182.44585722106598,3280600
2025-02-10,180.46209716796875,181.13656623845182,178.65687382960283,179.8173680607632,4471300
2025-02-11,180.83901977539062,181.40438178861584,178.31964374954416,178.40890904613101,1807900
2025-02-12,179.1925048828125,180.1744534398322,174.8183236211219,175.3539305490561,2622700
2025-02-13,184.6279754638672,184.89578647898762,178.93459630393747,180.08517720201516,2325600
2025-02-14,184.45936584472656,185.61986011190152,183.89398869323932,184.65773821662245,1542800
2025-02-18,185.88766479492188,185.95708831203763,183.1996715727053,185.49090492982722,1500000
2025-02-19,187.216796875,187.5342048019763,184.20149724294018,184.66766554156675,1804400
2025-02-20,184.80653381347656,186.04638008969994,181.82097429403163,185.95709965533177,2364200
2025-02-21,175.3241729736328,184.53871877400292,174.81832115245814,184.5089636748069,3413500
2025-02-24,172.7750701904297,177.86340443052663,172.1402694675493,176.94095088025992,2548900
2025-02-25,170.10691833496094,173.29085040452642,166.07989983268777,172.69571810568556,3707600
2025-02-26,170.23585510253906,174.68937316584493,168.0537135850596,171.5550533345273,3217300
2025-02-27,162.22149658203125,173.26107799481898,161.77515493092108,172.2493742882607,3875300
2025-02-28,169.48202514648438,169.97796366696673,159.8112239970788,162.42977877983185,6333800
2025-03-03,160.68408203125,172.209688504169,157.2819510159301,171.18805635389356,4012000
2025-03-04,154.9411163330078,161.80490351203733,150.9736082432907,157.1728396334737,5799400
2025-03-05,159.19625854492188,161.18992586694137,151.71751262214198,154.5840365475572,4771000
2025-03-06,151.30091857910156,157.30177775981676,149.0791236729393,153.42353486114882,5562300
2025-03-07,153.44337463378906,154.69314938700845,145.4686899137242,149.58497356432596,6690100
2025-03-10,141.3424835205078,148.39473014576686,137.22619970349692,146.8275625473934,6907200
2025-03-11,137.6725311279297,142.87988539687817,134.706813438595,140.26133071274347,5825000
2025-03-12,139.71580505371094,142.95924731891265,135.95659760783727,142.27484971723456,5739400
2025-03-13,134.24063110351562,139.87450039893116,132.85200934135796,139.44798541386996,6311200
2025-03-14,142.2351531982422,143.06834136579738,137.03772749764116,137.4543140139979,4291700
2025-03-17,145.34963989257812,147.56153636227694,141.93759593777736,142.2748304644687,10771000
2025-03-18,140.93580627441406,143.8717689990841,139.32897029801993,143.73290681760366,4032600
2025-03-19,145.23062133789062,148.25584906517247,141.26311353420064,142.10621499642124,4179300
2025-03-20,144.21890258789062,147.95828293004564,141.83840395998126,142.3839393098725,4695700
2025-03-21,144.1395721435547,144.73468925950684,139.49757993795023,140.43986005600587,3962500
2025-03-24,151.67784118652344,152.5606111819171,148.78156193045837,149.25765869087974,3407300
2025-03-25,152.7664794921875,153.58244677697797,151.42309964599477,152.696815786078,2468800
2025-03-26,147.43276977539062,153.3933585264241,146.20879621919335,152.58733678895757,3513500
2025-03-27,146.07945251464844,149.05476673386988,144.43754223511309,146.2088040999017,3465300
2025-03-28,137.2529754638672,145.3132234013574,136.68578115425163,144.72612300848908,7069400
2025-03-31,139.70091247558594,140.7855587015307,130.59583019022224,132.76512264211172,5325900
2025-04-01,141.01443481445312,142.45731457206904,135.521525028441,138.35752692777726,3831700
2025-04-02,143.6414794921875,145.80082645653135,136.30764402619604,136.4668623273929,4748400
2025-04-03,123.21224212646484,130.9341551006827,122.50572799852732,128.74495660825505,7706000
2025-04-04,101.00180053710938,114.81366964100442,100.62366845046533,113.33098523669734,17536900
2025-04-07,100.25548553466797,111.38061068477352,86.6525842573912,91.01108302942029,19566300
2025-04-08,95.63825225830078,112.38564535375676,91.12053557892584,110.55467290071384,19905100
2025-04-09,121.99822998046875,124.04812386148868,93.36944767474131,93.61822057747145,22776600
2025-04-10,109.54963684082031,115.59979593556014,99.44946259897866,114.75396954576338,16152200
2025-04-11,115.17190551757812,116.94316744097893,106.6638764599035,108.53464602997742,9627100
2025-04-14,118.55521392822266,122.05794065046337,115.32116619244432,121.93852692404158,6601600
2025-04-15,117.70938873291016,121.35142011714687,117.15213985469715,119.04280786061885,5973800
2025-04-16,109.8481674194336,115.99783416396261,106.2857374649639,113.70912031586387,8068400
2025-04-17,110.09693145751953,113.0424016140206,108.54459102702543,110.82335164909084,6780000
2025-04-21,102.255615234375,107.08180798979707,98.82254464938256,106.79323051393767,7740100
2025-04-22,109.88796997070312,111.36070893650783,105.3304484431666,105.95736103442421,6813100
2025-04-23,115.27140808105469,121.42107451440855,114.25641798263257,118.39600271082061,7358700
2025-04-24,122.4062271118164,122.893819899031,115.23161716072846,115.99783439777997,4818000
2025-04-25,125.00341033935547,125.29198781626879,120.36627980901557,122.40622063908202,5054200
2025-04-28,125.20242309570312,126.94383337188272,121.17229913405183,125.4910005667893,5281800
2025-04-29,127.38166809082031,128.20759592688887,123.59037158850144,123.79934750187238,3640400
2025-04-30,127.4612808227539,128.83451210492942,118.60497155744542,122.79430632917865,6637100
2025-05-01,130.15798950195312,134.11844997623814,129.82960743880406,131.58096325837235,4671300
2025-05-02,135.8797607421875,137.07386762299583,132.85467378132074,134.5562870947949,9120400
2025-05-05,133.57113647460938,135.84990466069095,132.24766287152679,132.88452086556202,7693300
2025-05-06,130.24754333496094,133.3721304575989,128.85442112125995,129.5310761439452,3660700
2025-05-07,131.84963989257812,133.63084721474223,128.18771001250957,131.09337572618827,5290900
2025-05-08,134.536376953125,138.21821271784538,132.10835109784892,134.6458376329577,5376700
2025-05-09,133.85972595214844,136.09868204660637,132.7850252047415,135.40212096510913,3287000
2025-05-12,147.0048828125,147.0745465151361,142.87525860571102,146.0097911786816,4961600
2025-05-13,149.91055297851562,151.67186947376408,146.97503560903075,147.4228238206651,4033000
2025-05-14,150.4578399658203,151.57235283162694,148.89555412127172,150.7265189369576,3133600
2025-05-15,152.577392578125,153.0550322812618,148.52736259125132,148.86570526553677,3577900
2025-05-16,155.48306274414062,155.6621719441533,151.6221024712324,153.1346459570974,3894300
2025-05-19,155.91094970703125,156.41845615734744,150.56731249883114,150.63697620138174,3712200
2025-05-20,154.16954040527344,155.2044442132385,151.76142045997236,154.46807093387466,3303300
2025-05-21,146.4973907470703,154.02028102831602,145.58190827101382,150.7663271519732,6423800
2025-05-22,146.42771911621094,149.1841270291052,145.32316686114444,146.2187583885427,3330800
2025-05-23,143.44244384765625,145.40277545671236,140.68605112912738,141.0343240685486,5231900
2025-05-27,152.2689208984375,152.39827248140307,147.24370528116563,148.5671789313627,7967800
2025-05-28,149.44285583496094,153.52273764966392,149.05477070108577,152.617200609324,9107900
2025-05-29,151.4728546142578,153.73171694758338,148.27860368546288,153.64214715788347,9198800
2025-05-30,150.69667053222656,152.01018351547003,145.97993100100092,150.338436957907,4948600
2025-06-02,153.2042999267578,153.26400298963668,147.333250740101,149.39309751277347,3406700
2025-06-03,155.84129333496094,156.55776048903684,152.49778501057085,152.8958155699941,3018300
2025-06-04,155.53282165527344,157.19462282164446,155.28404875281265,156.44830411426204,7565500
2025-06-05,153.29385375976562,157.94092939875898,151.76140429532305,156.96574394749942,3782100
2025-06-06,157.79168701171875,159.19475466985395,156.1199251781779,157.503101936122,2813200
2025-06-09,158.20962524414062,159.51319286257666,157.3637912769343,158.29917984756904,2091900
2025-06-10,160.87646484375,161.214792359796,157.75187767767426,158.6375086366733,2635100
2025-06-11,159.5430450439453,162.49846844021343,157.851392286567,161.75214970749713,3205600
2025-06-12,161.2346954345703,161.3342106710291,158.00064764027192,158.418584302391,2346200
2025-06-13,155.79153442382812,159.67240067345637,154.58748212205293,157.0453595249831,4041600
2025-06-16,160.23960876464844,161.60287947974345,158.35888613496147,158.47829227529277,2247500
2025-06-17,156.0602264404297,159.42364110103594,155.46316537247688,158.20962806438732,2824600
2025-06-18,155.8612060546875,158.86637182924628,155.17459040413752,156.69707937540346,2670000
2025-06-20,154.30886840820312,158.74696863415105,153.5426435914047,157.88124376336296,3006900
2025-06-23,159.184814453125,159.5331026085319,152.70677319692837,155.18454171867904,8424500
2025-06-24,164.2510528564453,165.26969926263683,161.77435858816253,162.4434648315162,7873600
2025-06-25,164.5306854248047,165.75904378669594,163.38222239583402,165.29966467049832,5010800
2025-06-26,168.4554443359375,168.78500686555438,165.64918747164148,166.1285594629805,2286500
2025-06-27,170.70245361328125,172.0606438142422,167.46677639810727,169.26438331680217,3089300
2025-06-30,173.2989959716797,174.3376200591849,170.93215578752947,172.84959805852765,2878100
2025-07-01,172.9993896484375,173.9980584351096,171.27169691426812,171.900863126184,2748400
2025-07-02,175.1964569091797,175.27635224026446,172.13055167599302,172.6099084240253,2045000
2025-07-03,179.17117309570312,180.00007002846127,176.80431767713657,176.84427296269024,4986000
2025-07-07,175.17649841308594,178.07263184675276,172.7397440953089,177.47343970796476,7478400
2025-07-08,174.8369598388672,176.34494429025108,174.15785710868678,175.7157780493964,2787500
2025-07-09,177.88287353515625,178.5120397263081,175.2963251202722,176.8542459379093,2502000
2025-07-10,179.40086364746094,180.30965591788765,177.014045811363,178.01271461706887,2247700
2025-07-11,177.30364990234375,178.40219166444604,175.61591245107954,176.624562441027,2303400
2025-07-14,178.2523956298828,178.61191699941878,175.76570488738597,176.9141678864301,2292400
2025-07-15,175.94546508789062,180.84893264281826,175.91550624242075,180.62922428372124,2427800
2025-07-16,177.62322998046875,178.09260552657,172.48009185422265,177.3236262985034,2619500
2025-07-17,180.7989959716797,181.21845028478816,177.63321764958516,177.87290365157904,2268000
2025-07-18,180.35958862304688,181.88755064465155,179.39087868275155,181.8076553132536,1946600
2025-07-21,181.30831909179688,183.75505454208044,180.96877536563818,181.3582555782264,2388300
2025-07-22,181.29832458496094,182.04732617396292,179.13121514939905,181.53801057929306,1938600
2025-07-23,185.8922119140625,185.9321519615822,182.05732733614795,183.6651847317781,2472000
2025-07-24,186.1219024658203,187.55000679750788,185.71245983227342,186.25173428828558,2018400
2025-07-25,188.1791534423828,188.65852543495987,186.3016664727903,186.531356028519,1606600
2025-07-28,188.03933715820312,189.05798357665947,186.8908741610098,188.58860803278625,1925700
2025-07-29,186.51138305664062,189.53734835760827,185.72244139495783,189.30765879612747,2123900
2025-07-30,185.81231689453125,188.61857382069212,183.17583183795028,187.15052944661534,2895500
2025-07-31,183.55532836914062,190.4661146320599,182.46678303507807,190.11657445689505,3018700
2025-08-01,174.41749572753906,178.47210376061656,172.40019577062859,178.47210376061656,4788400
2025-08-04,182.28701782226562,182.3868907992875,177.66317632643066,177.78302694655227,2112600
2025-08-05,179.59060668945312,183.5952629702255,178.76170978195876,182.9061790809545,1928100
2025-08-06,183.51536560058594,184.16450943678308,179.68048122466865,180.46943807753541,1941900
2025-08-07,183.18580627441406,187.23041786506832,180.41950473648816,186.61124810023637,2431100
2025-08-08,187.15052795410156,187.62989995218553,184.28435336017907,184.5140429185464,1965600
2025-08-11,186.04200744628906,188.73842544633723,184.99341737791127,187.4101940894516,5326300
2025-08-12,191.89419555664062,192.12390034244666,186.80099403917265,188.0892700307362,7123800
2025-08-13,193.86158752441406,195.02004701919665,191.92416756484104,193.87158396529404,2437500
2025-08-14,193.7816925048828,194.46079523131647,191.48476639334234,191.96412316357512,2379700
2025-08-15,192.3635711669922,194.73042648410666,191.5246930680413,194.63055351298,2427700
2025-08-18,192.173828125,192.7430766503012,191.1751593340658,191.78434790607471,1579800
2025-08-19,188.9581298828125,192.84295089560823,187.82962926530766,191.97409867960582,3094100
2025-08-20,187.2803497314453,188.63853984289184,182.80631799193503,188.49872682723452,2976400
2025-08-21,184.993408203125,187.15052116231348,183.52536389403184,185.66251444954875,2419600
2025-08-22,193.33229064941406,194.440813634491,186.4514631801639,186.84094340527326,3025000
2025-08-25,190.91551208496094,193.36224758980143,190.7856802650445,192.20380336657763,1914400
2025-08-26,193.1625213623047,193.49208390156718,189.97676538791097,190.49607744115582,2166600
2025-08-27,194.40086364746094,195.09992872877615,192.5333427120839,192.5333427120839,2090000
2025-08-28,196.40818786621094,196.92749990052033,193.22243200797794,194.9501399755219,2710000
2025-08-29,192.7530517578125,195.2297612527227,191.00538142893623,194.9401387789624,2888100
2025-09-02,188.34893798828125,188.49873220987874,183.61524248560954,185.89220608474878,4055100
2025-09-03,191.29501342773438,191.74441134412683,188.49873771460386,190.4061987971887,2654700
2025-09-04,195.9587860107422,196.08861782632124,191.1052552101549,191.9641109563815,2387200
2025-09-05,193.96145629882812,198.76505080709137,190.69580504353246,198.0560044899194,6581800
2025-09-08,195.68914794921875,196.50806367816807,194.18116354986827,195.4095219048157,2170300
2025-09-09,196.8975372314453,197.356916329488,194.11124284543348,195.6691636796235,3257300
2025-09-10,198.6452178955078,200.68249557570738,197.13721823036045,199.81365858189125,3512900
2025-09-11,203.36891174316406,204.06797684832134,199.8136532896702,200.33296532713408,3043100
2025-09-12,203.0792999267578,204.7270972974198,202.62988679068994,203.2390753482847,2928700
2025-09-15,206.2051239013672,206.44480989264457,204.88688904553197,205.1265597983332,2710500
2025-09-16,205.30633544921875,207.04402466159942,204.69714686658617,206.76438337586288,2334300
2025-09-17,204.58729553222656,206.89421807342887,200.08330462980663,205.35627479211962,3528200
2025-09-18,207.4135284423828,209.79036509629688,205.48608970712658,207.02404821441576,2118800
2025-09-19,210.13987731933594,210.98875185534865,207.1238934164691,208.90152257892964,2527500
2025-09-22,213.05599975585938,213.56533060035974,208.70180314519024,208.7217807881157,2941900
2025-09-23,209.5,213.57000732421875,208.47999572753906,213.0,4738400
2025-09-24,207.5500030517578,210.8300018310547,206.27000427246094,210.8000030517578,3007500
2025-09-25,204.55999755859375,205.92999267578125,201.2899932861328,204.57000732421875,3809300
2025-09-26,207.99000549316406,208.5,204.39999389648438,205.8800048828125,2133300
2025-09-29,209.63999938964844,211.10000610351562,207.97999572753906,210.33999633789062,2324500
2025-09-30,211.89999389648438,212.39999389648438,207.67999267578125,208.88999938964844,2285300
2025-10-01,214.13999938964844,214.97999572753906,208.97999572753906,209.0399932861328,2315400
2025-10-02,214.72000122070312,216.0800018310547,212.44000244140625,215.9499969482422,1928300
2025-10-03,214.52000427246094,217.92999267578125,213.63999938964844,215.35000610351562,4442200
2025-10-06,216.86000061035156,217.7100067138672,214.77999877929688,216.83999633789062,2879000
2025-10-07,214.38999938964844,218.13999938964844,212.99000549316406,217.7100067138672,2993700
2025-10-08,218.11000061035156,218.22999572753906,214.61000061035156,215.44000244140625,2730000
2025-10-09,216.25,218.8800048828125,214.32000732421875,218.52000427246094,2284200
2025-10-10,198.60000610351562,218.72000122070312,198.35000610351562,217.0,6283900
2025-10-13,207.57000732421875,209.0,204.6199951171875,205.39999389648438,2536200
2025-10-14,206.8000030517578,210.14999389648438,198.3000030517578,202.0500030517578,3213600
2025-10-15,209.4600067138672,214.22999572753906,203.67999267578125,211.02999877929688,2773100
2025-10-16,205.13999938964844,212.72999572753906,201.8000030517578,210.97999572753906,3655600
2025-10-17,208.4199981689453,209.64999389648438,202.7100067138672,203.89999389648438,3382300
2025-10-20,214.7899932861328,215.69000244140625,211.0500030517578,211.08999633789062,1847500
2025-10-21,214.6199951171875,216.3699951171875,213.5,214.8800048828125,2023400
2025-10-22,211.3000030517578,215.33999633789062,206.97000122070312,215.33999633789062,3336000
2025-10-23,214.83999633789062,215.92999267578125,211.36000061035156,211.55999755859375,2436700
2025-10-24,220.0,221.27999877929688,218.61000061035156,219.35000610351562,2482600
2025-10-27,227.86000061035156,228.17999267578125,224.85000610351562,225.4600067138672,4089500
