Date,Close,High,Low,Open,Volume
2010-01-04,85.2791976928711,85.32434499347764,83.9096740780453,84.5568121781178,118944600
2010-01-05,85.50494384765625,85.54257042722244,84.9180059488875,85.22652782650235,111579900
2010-01-06,85.56514739990234,85.77584247522753,85.35445232457717,85.42217328121302,116074400
2010-01-07,85.92635345458984,86.03170100499848,85.16634120577531,85.40713642685375,131091100
2010-01-08,86.21227264404297,86.24989921943498,85.52751375178164,85.70058222016236,126402800
2010-01-11,86.33268737792969,86.63367706683287,85.96396524930574,86.59605622622514,106375700
2010-01-12,85.52754974365234,85.94141354208047,85.1964541121004,85.76081853442113,163333500
2010-01-13,86.24991607666016,86.49071127960713,85.30930891811566,85.74574627651234,161822000
2010-01-14,86.4831771850586,86.6411984848317,86.09940789074675,86.15208165733779,115718800
2010-01-15,85.512451171875,86.41543146925352,85.18135571703213,86.33266334655151,212283100
2010-01-19,86.58099365234375,86.63366741613515,85.47483887171444,85.4974182627762,139172700
2010-01-20,85.70059967041016,86.12198984375853,85.01584063871904,85.99406864699355,216490200
2010-01-21,84.05266571044922,85.98655408221981,83.94731815253263,85.72318518742836,344859600
2010-01-22,82.17894744873047,84.08273499998181,82.08864711462425,83.67639210801765,345942400
2010-01-25,82.600341796875,83.08193786266743,82.32945226256795,82.93143729804183,186937500
2010-01-26,82.25421905517578,83.12710531863769,82.05105041992773,82.27679271009102,211168800
2010-01-27,82.64547729492188,82.8335986550172,81.5167491343499,82.14883414858622,271863600
2010-01-28,81.6973876953125,82.96156414042612,81.20075002455968,82.91641682699715,316104000
2010-01-29,80.8094253540039,82.62291834350918,80.68150418423222,82.05102769963496,310677600
2010-02-01,82.06609344482422,82.07361990975097,80.89221752071676,81.38133440276508,187865000
2010-02-02,83.0593490600586,83.21737032925162,81.93062078781514,82.21656895769583,216327900
2010-02-03,82.64547729492188,83.13459397937139,82.40468218364019,82.68309812233596,172730700
2010-02-04,80.09458923339844,82.04352467159097,80.07953630264946,82.00590382674045,356715700
2010-02-05,80.26014709472656,80.42568916665692,78.69497507910759,80.18489391356259,493585800
2010-02-08,79.68071746826172,80.76429881067993,79.62051722901387,80.32032922249049,224166900
2010-02-09,80.68153381347656,81.38134588411936,79.96666881085656,80.613807101602,337820500
2010-02-10,80.52349090576172,80.9674546829803,79.84625267346993,80.55359102064246,240511500
2010-02-11,81.36627960205078,81.45657995606378,79.95160850191017,80.41815171946156,223591600
2010-02-12,81.29857635498047,81.34372367131805,80.14727386027809,80.50846387300226,304622100
2010-02-16,82.5777816772461,82.66055556609975,81.13301046618137,81.91559630742738,159317500
2010-02-17,82.96905517578125,83.08192915216411,82.57775948978855,82.9765758974669,168845100
2010-02-18,83.45820617675781,83.63127470272421,82.80354143777004,82.83364155989707,193708600
2010-02-19,83.6312484741211,83.95481750924432,83.04431062924863,83.23995849120928,222684900
2010-02-22,83.64633178710938,83.96237447361706,83.39801007299123,83.93980081615388,132346900
2010-02-23,82.63045501708984,83.67640970786235,82.41223346952438,83.42056731892998,207497000
2010-02-24,83.39045715332031,83.52590479614365,82.66807163859916,82.87876669609994,176350700
2010-02-25,83.2775650024414,83.33776521746084,81.97576836344491,82.20151055825507,259634700
2010-02-26,83.33027648925781,83.61622476958006,82.85621249858143,83.35285014485987,173589300
2010-03-01,84.19563293457031,84.27840682912979,83.65384225782131,83.67641591251737,147709700
2010-03-02,84.4288558959961,84.83519868316921,84.27836111897246,84.5567827715747,160992400
2010-03-03,84.50411987304688,85.00828375590254,84.29341912075594,84.64708820726942,150785000
2010-03-04,84.76000213623047,84.88040262287537,84.30098532766635,84.61702799359244,135770400
2010-03-05,85.97148132324219,86.0392022727575,85.10612171970786,85.30929605027302,176118800
2010-03-08,85.98652648925781,86.17464788817114,85.83603166653096,85.97900576682811,114631200
2010-03-09,86.12950897216797,86.52832545811779,85.685545183208,85.73069248621816,154556700
2010-03-10,86.51329803466797,86.74656680819052,86.09190780094687,86.16715523682402,186088800
2010-03-11,86.87448120117188,86.89706059707211,86.04674798950109,86.31011686489485,160791100
2010-03-12,86.88197326660156,87.26574247080421,86.64117814143707,87.25068954616407,162074800
2010-03-15,86.90457916259766,86.96477940148108,86.23486729279918,86.73151065207126,146816800
2010-03-16,87.59687042236328,87.67963857455945,86.9045791572679,87.14537437177606,168673000
2010-03-17,88.11607360839844,88.40202184632994,87.60438310690074,87.86023122815472,177468100
2010-03-18,88.07093048095703,88.24399898379845,87.71726126948474,88.1236042523884,196509100
2010-03-19,87.6251220703125,88.6224932281486,87.28510563819593,87.6251220703125,226641100
2010-03-22,88.09356689453125,88.25224466344329,87.07352928733518,87.12641995542236,184477800
2010-03-23,88.71317291259766,88.78873020455747,87.93491608792121,88.22204186788109,182941600
2010-03-24,88.28248596191406,88.7282837930668,87.33045368830675,88.38071563156146,196072600
2010-03-25,88.1389389038086,89.28742488327515,88.03315752798875,88.87940853454748,223396300
2010-03-26,88.08602142333984,88.72070948520991,87.73845332784182,88.30514156793333,205808500
2010-03-29,88.6451644897461,88.80383652720089,88.16914837738167,88.53182567309217,134513500
2010-03-30,88.7055892944336,89.03049074223296,88.33535463775765,88.7509225033102,145772500
2010-03-31,88.40338134765625,88.7962827283101,88.10870387100289,88.36559981899734,161078700
2010-04-01,89.00785064697266,89.34786134411276,88.47893807240243,89.00785064697266,161215200
2010-04-05,89.73322296142578,89.7936653444173,89.0985289404673,89.34787322601002,105847600
2010-04-06,89.94478607177734,90.1034581364858,89.3780976558246,89.47632157264812,110384200
2010-04-07,89.43096160888672,90.18654593761023,89.01538792222841,89.76342055821337,184576300
2010-04-08,89.74076080322266,89.89188114900482,88.8567283978411,89.12118179714518,158704000
2010-04-09,90.3301773071289,90.36795309342199,89.76348863083489,89.92971246690401,133006500
2010-04-12,90.47368621826172,90.70792133271358,90.33768077797274,90.44346214656947,110279000
2010-04-13,90.54170989990234,90.70038198448076,89.91457325753048,90.38303781532393,125043600
2010-04-14,91.56928253173828,91.56928253173828,90.73058332015252,90.87414044755728,161609000
2010-04-15,91.64485168457031,91.85641443835736,91.38794993736269,91.4181740114255,144615300
2010-04-16,90.18656921386719,91.64484757525675,89.72566219321824,91.31994599946573,366786700
2010-04-19,90.5265884399414,90.6172606665741,89.51410785014815,89.92212422301577,217947800
2010-04-20,91.33505249023438,91.4106155521262,90.5719162940669,91.09326568027643,157708000
2010-04-21,91.16883850097656,91.59952148246029,90.66259244951266,91.38795295702984,192910100
2010-04-22,91.44084167480469,91.5541805126773,90.00523561059417,90.52658504136376,115360300
2010-04-23,92.03773498535156,92.07551651164977,91.14614515243854,91.3803802391146,177335500
2010-04-26,91.690185546875,92.27198888846208,91.59951908871277,92.06797782829159,143457300
2010-04-27,89.5216293334961,91.68259510226227,89.34784241012102,91.16124586143839,355853300
2010-04-28,90.20169067382812,90.42836836773373,89.36299127689188,89.95235212811582,300674100
2010-04-29,91.3199691772461,91.50886535612263,90.72305656023775,90.74572317935832,193775000
2010-04-30,89.77098083496094,91.43326997589331,89.74831422527598,91.3350403143898,270000900
2010-05-03,90.9345932006836,91.18393746859309,90.06566987486859,90.20167531512357,182747900
2010-05-04,88.79627990722656,89.93721401358523,88.34293040098227,89.92210486139284,360353400
2010-05-05,88.26739501953125,89.0078704830897,87.62514924588595,88.07094140435808,328973200
2010-05-06,85.33572387695312,88.40339541150092,79.33638049750083,87.84426443924038,647356600
2010-05-07,84.06632232666016,85.96283502842564,82.66849233346218,85.10902672795697,637558800
2010-05-10,87.7686767578125,88.13891145789314,86.82419636448886,87.50421763596121,396159600
2010-05-11,87.51935577392578,88.67539915976862,86.8242194034997,86.94510992830527,317849800
2010-05-12,88.7433853149414,88.87183904384611,87.7157900716127,87.8669104101325,235607100
2010-05-13,87.6402587890625,88.91719864635044,87.56470147970917,88.50162479792739,234452500
2010-05-14,86.05352020263672,87.14156375209222,85.28282653154065,86.98289169523869,345601400
2010-05-17,86.0988540649414,86.52953701234001,84.45167957469451,86.28775019563646,325739800
2010-05-18,84.92771911621094,87.05846768150067,84.64815070956185,86.80156589288866,360556800
2010-05-19,84.44413757324219,85.2072738782998,83.3863179669938,84.45168926878709,394742700
2010-05-20,81.25557708740234,83.0311999304709,81.2026863904481,82.64585013000209,530418300
2010-05-21,82.44183349609375,82.64583879503674,79.60839133789601,80.0239651602928,500909400
2010-05-24,81.38400268554688,82.65338482750491,81.3084453913718,81.99602426241255,269823000
2010-05-25,81.4671401977539,81.50492173772237,78.86792704650297,79.41950640091281,396505200
2010-05-26,80.97601318359375,82.71386034813177,80.73422630340754,81.96583308828284,349719300
2010-05-27,83.68852996826172,83.7187540360958,82.19247031605815,82.50226268786882,300870500
2010-05-28,82.63825988769531,83.65829757582546,82.24535280960089,83.59784944617233,297933500
2010-06-01,81.24800872802734,83.07652202277626,81.12711819319951,81.86758785123371,277909400
2010-06-02,83.36361694335938,83.37116863578738,81.23286945456937,81.66355227364446,240243700
2010-06-03,83.65076446533203,83.915217903721,82.79695600291831,83.60543123722323,226618300
2010-06-04,80.7115249633789,82.60804341175253,80.43951411960215,82.06402172419902,398475600
2010-06-07,79.70661163330078,81.30845293584365,79.6461692511436,80.99866050693312,264609100
2010-06-08,80.5604248046875,80.71909686450654,79.07192235564132,79.76705874093977,357774300
2010-06-09,80.12972259521484,81.81467246691838,79.7897061790436,81.02886405143626,268023300
2010-06-10,82.4720458984375,82.57026980407818,80.12217773998154,81.49734124221106,317890600
2010-06-11,82.87252044677734,82.92541113901338,81.69381029714415,81.74670098938017,214128200
2010-06-14,82.74404907226562,83.9605404147056,82.66093432728017,83.5071851640026,207196100
2010-06-15,84.62547302246094,84.70103032758614,83.18230370656238,83.32586662155725,238268700
2010-06-16,84.59524536132812,84.94281356189224,84.02099949034483,84.18722901336521,216374000
2010-06-17,84.73126220703125,84.8748251352495,83.90767770539766,84.83704359688046,263185800
2010-06-18,84.82310485839844,85.12677194158849,84.54979984986473,84.89902162919594,174006600
2010-06-21,84.58016967773438,85.93909554513033,84.10947642055065,85.8783656023312,213140700
2010-06-22,83.18328094482422,84.9521702161065,83.0618152610016,84.58017395729634,239355400
2010-06-23,82.92513275146484,83.53247253505214,82.35574844630864,83.23639315973705,254639900
2010-06-24,81.55103302001953,82.62147853451472,81.33846375838081,82.51519390369536,268523600
2010-06-25,81.89268493652344,82.31023013623887,81.0575829529341,81.79398790641966,238726500
2010-06-28,81.63455200195312,82.23430436457126,81.33847252816525,82.01414166497129,169218600
2010-06-29,79.11408233642578,81.61937660224373,78.61302695850958,80.48819515801058,373649500
2010-06-30,78.36250305175781,79.62273791555504,78.10437902919531,78.89392634515191,284101700
2010-07-01,78.01325988769531,78.56745748623091,76.77579402648908,78.30933932627251,382924800
2010-07-02,77.588134765625,78.51433458903672,77.147815101971,78.27899082121482,233385200
2010-07-06,78.0967788696289,79.23554785161316,77.34518717122273,78.68134439853293,256935300
2010-07-07,80.5565185546875,80.65520978168577,78.21065143101526,78.29416162004402,253769400
2010-07-08,81.35365295410156,81.44475075912442,80.40467887125926,81.23218149130024,210842100
2010-07-09,81.96098327636719,81.96857668992095,81.17902965057495,81.33086316918563,144999900
2010-07-12,82.01412963867188,82.1735565787122,81.34605401487275,81.68768234466233,131283600
2010-07-13,83.2516098022461,83.57805136039401,82.69740633155294,82.86442671428455,213025900
2010-07-14,83.2440185546875,83.57046591341486,82.64426616111497,82.98589455863198,184426800
2010-07-15,83.26679992675781,83.55528602436023,82.12043736825456,83.21365759846054,232337900
2010-07-16,80.97407531738281,82.90997925794098,80.81464255081636,82.81887564734286,282693400
2010-07-19,81.4523696899414,81.71048794113703,80.64004785223757,81.27016823073978,186709000
2010-07-20,82.35577392578125,82.41650386847512,80.33635418518969,80.37431546744202,258162400
2010-07-21,81.28532409667969,82.80368263461492,80.95128336486893,82.7809081832784,264527000
2010-07-22,83.09979248046875,83.4642012113726,82.24192167791131,82.24950930307993,274781300
2010-07-23,83.82096862792969,83.94243427410271,82.69738099242511,82.93272466393826,222020800
2010-07-26,84.69405364990234,84.77756384888514,83.72989834175465,83.96524210684471,184445700
2010-07-27,84.68646240234375,85.24825352339694,84.35242162070611,85.1571499123833,204855600
2010-07-28,84.13986206054688,84.7699824108235,83.85896357146363,84.51185837911031,163056200
2010-07-29,83.72989654541016,84.89144009824093,83.06182075996007,84.66368396188703,220149100
2010-07-30,83.71466827392578,84.16258690914125,82.73533243179496,82.87957250747768,220070600
2010-08-02,85.60504913330078,85.74170162245173,84.67884957261967,85.02047789945819,188263200
2010-08-03,85.19509887695312,85.61264400153352,84.91420046101204,85.39248710956247,146657300
2010-08-04,85.76448822021484,85.87077286104514,85.14955482797119,85.43044746784618,158171700
2010-08-05,85.67339324951172,85.71894795165653,85.08882766604509,85.21788677261733,140473800
2010-08-06,85.32418060302734,85.46083314000415,84.20818584972996,84.83071278660663,239728300
2010-08-09,85.77964782714844,85.92389371455678,85.27099920281395,85.72650552001016,120800400
2010-08-10,85.31654357910156,85.7720556642539,84.54977687272046,85.05083205748055,242916300
2010-08-11,82.97831726074219,84.03357624634229,82.84166472631514,84.00320837290522,273406900
2010-08-12,82.46961975097656,82.76569912297902,81.68766624070976,81.72562751079279,239542600
2010-08-13,82.22672271728516,82.7201905082464,82.12803147592467,82.2115416771064,158698500
2010-08-16,82.18875885009766,82.45447046675957,81.36884375404473,81.6649232400507,147895300
2010-08-17,83.19844818115234,83.80579387574676,82.65943162843675,82.89478112593294,172270300
2010-08-18,83.35028839111328,83.79820135680058,82.68221275358587,83.16049358353503,182922100
2010-08-19,81.90023040771484,83.12250909052392,81.55860216631594,82.91753330409982,265847600
2010-08-20,81.63455200195312,81.94581830582575,81.04239305437737,81.65732645500164,209714200
2010-08-23,81.32328033447266,82.42408788938836,81.28531905654681,82.0217238285168,163490300
2010-08-24,80.11617279052734,80.76906730673957,79.69103433051087,80.4350266355397,280677800
2010-08-25,80.42745208740234,80.73111915558599,79.1748051588716,79.67586045503707,272234800
2010-08-26,79.88843536376953,80.913326197187,79.62271799148371,80.80704156510389,224439500
2010-08-27,81.12590026855469,81.20941045472249,79.1899907413244,80.38949542257235,272649000
2010-08-30,79.94917297363281,81.16386452898743,79.94158535066883,80.91333396128965,167238600
2010-08-31,79.94917297363281,80.45782752407096,79.32664615794894,79.65309349983674,273933100
2010-09-01,82.3405990600586,82.45447713128347,80.97407958159795,81.02722190922564,256828100
2010-09-02,83.10736846923828,83.12254950847219,82.36337012103724,82.53798392866206,156112200
2010-09-03,84.18538665771484,84.26130342437912,83.47175630849898,83.91967507835086,212197300
2010-09-07,83.23641967773438,83.89690776728577,83.16809631954554,83.79062312649522,141973700
2010-09-08,83.82096862792969,84.15500349896323,83.36545652656918,83.40341779904153,149924400
2010-09-09,84.20816802978516,84.78514592959736,83.98041771107296,84.76237147693399,147017900
2010-09-10,84.63328552246094,84.73197671670528,84.17018582502494,84.35998059308636,127819000
2010-09-13,85.57469177246094,85.74929976820255,85.12677297279646,85.46840713364125,178503500
2010-09-14,85.52156829833984,86.00744269488959,85.08883623291024,85.40769021963106,209823600
2010-09-15,85.84800720214844,85.9466984381493,85.01291102776223,85.27102924133943,168608400
2010-09-16,85.82523345947266,85.87837578577255,85.29380440439456,85.58229628323326,199962900
2010-09-17,85.85726928710938,86.36101284853096,85.62066563903426,86.27705558829403,195836900
2010-09-20,87.17007446289062,87.36088541456225,85.8801905662023,86.15495880245648,214555200
2010-09-21,86.99454498291016,87.65092940003083,86.63581940708754,87.23878280556337,268389100
2010-09-22,86.56707000732422,87.34558158100957,86.32283233820604,86.85710624277323,191322400
2010-09-23,85.86493682861328,86.75793077408957,85.62069901900212,85.85730275931924,202354300
2010-09-24,87.63563537597656,87.69669626531947,86.74264170591236,86.81896490604755,209671800
2010-09-27,87.21583557128906,87.76537184433298,87.13188414026637,87.66615228178905,128761800
2010-09-28,87.52114868164062,87.80355093081927,86.38391726407166,87.33033776754107,209207500
2010-09-29,87.36851501464844,87.70434413580277,87.025051825353,87.29982004755422,179665800
2010-09-30,87.10900115966797,88.375988493477,86.69684886396217,87.81118978740044,287106700
2010-10-01,87.475341796875,87.86459762923094,86.9563359614291,87.76537224315011,174638700
2010-10-04,86.81893157958984,87.65849810497335,86.3838831004221,87.29214455571875,166153200
2010-10-05,88.56680297851562,88.780510290861,87.52115697386863,87.62038238537721,229634100
2010-10-06,88.55912780761719,88.78810314919097,88.20040248992451,88.55149374340877,148626600
2010-10-07,88.4522933959961,88.9407687958113,87.91802524716262,88.91787242130216,164860000
2010-10-08,88.94841003417969,89.1926477537818,88.23859325172876,88.57442229983913,177760100
2010-10-11,89.03238677978516,89.27662455283553,88.72708810770023,89.08581361066842,103098300
2010-10-12,89.30713653564453,89.56663656825086,88.26912475904601,88.74233207099556,182210000
2010-10-13,90.00167846679688,90.48252563246733,89.58952624897343,89.8032393354304,194347200
2010-10-14,89.65058135986328,90.07036761666656,89.08578279687092,89.9177154218809,217764300
2010-10-15,89.83377075195312,90.32988026408763,89.11632571678105,90.27645344420156,243705000
2010-10-18,90.27645111083984,90.57411564580953,89.53610389506368,89.86429887247725,141204800
2010-10-19,89.09342956542969,89.94825868576864,88.55152147553198,89.444520928867,280604700
2010-10-20,89.96353149414062,90.39858014351766,89.20028784098182,89.25371466377945,200051800
2010-10-21,90.16194152832031,90.89465449991026,89.45975899176557,90.36802050903674,221585500
2010-10-22,90.32989501953125,90.46727912497818,90.06276087646434,90.29936457131109,108212400
2010-10-25,90.59703063964844,91.40607297295394,90.52834149734889,90.9328597524578,151145700
2010-10-26,90.61229705810547,90.70388257943564,89.96354104863732,90.13908384657853,158982900
2010-10-27,90.35277557373047,90.45200096883757,89.49794646564824,89.9787878389445,190024000
2010-10-28,90.3680419921875,90.90994424094733,89.93299337991067,90.87177973230921,168576000
2010-10-29,90.43675994873047,90.61230859210474,90.11619893709567,90.27647944291307,144305500
2010-11-01,90.46725463867188,91.39841267654843,89.94824880558097,90.87940684345753,174074800
2010-11-02,91.18470764160156,91.39841490341891,90.90230543243656,91.1465431349544,158345900
2010-11-03,91.5510482788086,91.60447508667355,90.40618311905817,91.34497511221106,226702800
2010-11-04,93.31414031982422,93.35993306073408,91.56631222371526,92.5661592208144,215039400
2010-11-05,93.66525268554688,93.81789907168692,93.2531004552651,93.37521639955986,180654100
2010-11-08,93.48970794677734,93.64236016228371,93.06992745607968,93.3752202409192,156107100
2010-11-09,92.81808471679688,93.84082867688483,92.44409686216201,93.74160907306819,186621600
2010-11-10,93.19207763671875,93.23787622973671,92.09301039679646,92.79519337679184,221387400
2010-11-11,92.84095764160156,92.97834173229667,92.10824443225665,92.39064668065409,158017600
2010-11-12,91.74187469482422,92.61960596408098,91.32209422558755,92.21508780407137,239068800
2010-11-15,91.61214447021484,92.39065633990792,91.57398577736328,92.03193085319519,163940800
2010-11-16,90.18486022949219,91.19996972056627,89.74980581792111,91.04732334053463,299566200
2010-11-17,90.23065185546875,90.60463955805024,89.95588371636389,90.22301778963637,172308900
2010-11-18,91.55870819091797,91.88690319562009,91.09312909533853,91.10076316235586,197723700
2010-11-19,91.81059265136719,91.84875134554038,91.01681844165891,91.51292805061256,156852900
2010-11-22,91.73423767089844,91.77239635185667,90.65042748075832,91.35261592280163,181361000
2010-11-23,90.40618896484375,90.84123752075632,90.0550976585885,90.65042664845984,222309000
2010-11-24,91.74187469482422,91.76477689329427,90.96336881634542,90.97863112557248,140046100
2010-11-26,90.6733627319336,91.44423475148814,90.6733627319336,90.94813095657668,76007800
2010-11-29,90.94812774658203,91.19236551285691,89.86431719959255,90.44438407815326,223642300
2010-11-30,90.43675994873047,90.95576598698653,89.91775391047439,90.04750978735464,233930700
2010-12-01,92.36014556884766,92.53568840415647,91.7342858064859,91.74191405282886,221037200
2010-12-02,93.54313659667969,93.61183155077327,92.45169798257234,92.50512480327325,191213600
2010-12-03,93.79503631591797,93.90188998913386,93.19970704426136,93.22260342808069,151288900
2010-12-06,93.69576263427734,93.90946985736596,93.49731771723,93.59653726421112,103050500
2010-12-07,93.74922943115234,94.64985727198646,93.69580260258962,94.59643044342374,206581000
2010-12-08,94.09269714355469,94.16902036089296,93.42867874731472,93.86372749153989,138019200
2010-12-09,94.45904541015625,94.6574845868183,93.99346627021735,94.61932589426983,123705100
2010-12-10,95.00857543945312,95.10016095388298,94.436142681918,94.74906956136523,117571700
2010-12-13,95.06961822509766,95.55809364923654,95.03908778320319,95.44361177099023,133812700
2010-12-14,95.1535873413086,95.58100775800435,94.86355684180089,95.21464823270614,147249600
2010-12-15,94.7185287475586,95.35202232742897,94.55824829176365,94.97803459724076,160823100
2010-12-16,95.26809692382812,95.33679189818973,94.45142623896827,94.77962132670196,185035200
2010-12-17,95.37012481689453,95.49288299256304,95.00183858246682,95.20132720335313,141075300
2010-12-20,95.60030364990234,95.83048329031303,95.12460764516369,95.6309946588712,119085500
2010-12-21,96.20641326904297,96.26779527126159,95.80744196204182,95.89950911165982,94965500
2010-12-22,96.50566101074219,96.53635201751167,96.2217794421187,96.27548724053756,78878100
2010-12-23,96.36758422851562,96.50569087486053,96.12973616958773,96.39827524478258,70053700
2010-12-27,96.40595245361328,96.49801965155805,95.93792468501738,96.00697508347596,58126000
2010-12-28,96.54403686523438,96.63610404197138,96.29084042178431,96.59774466956817,55309100
2010-12-29,96.61309814453125,96.82792938609673,96.59775556458185,96.65913759180407,58033100
2010-12-30,96.45963287353516,96.77420546668883,96.3138520465771,96.52101489053975,76616900
2010-12-31,96.48265075683594,96.57472378338333,96.16040394448714,96.3138531350214,91218900
2011-01-03,97.48008728027344,97.90207547773835,96.44428476442467,97.21921663398864,138725200
2011-01-04,97.42637634277344,97.72560634989932,96.82024211318964,97.69491534228241,137409700
2011-01-05,97.93277740478516,97.9941594288381,97.02741303799614,97.11948607407557,133975300
2011-01-06,97.74097442626953,98.0785697444188,97.44941855841232,97.97115411659179,122519000
2011-01-07,97.54912567138672,98.03249582665904,96.78954232632717,97.87137244156827,156034600
2011-01-10,97.42637634277344,97.56448295019393,96.8279104748105,97.11947212031552,122401700
2011-01-11,97.77165222167969,98.00950024346272,97.40336593770449,97.77932643797614,110287000
2011-01-12,98.65398406982422,98.76139966602486,97.79465344650814,98.37010250288436,107929200
2011-01-13,98.49287414550781,98.73840224637863,98.24735775206123,98.6923686543214,129048400
2011-01-14,99.20642852783203,99.22944532353192,98.28572157756419,98.35477196466387,117677900
2011-01-18,99.37518310546875,99.46725024837268,98.9992227595794,99.11430668820931,114401300
2011-01-19,98.40080261230469,99.3905599200626,98.13993779722725,99.29082437748812,151958400
2011-01-20,98.27033233642578,98.51584862441173,97.54143427091334,98.17825933814885,175745700
2011-01-21,98.49287414550781,99.10668269026061,98.38545852823289,98.88418309284263,151462900
2011-01-24,99.05294799804688,99.16803194015435,98.40844279998397,98.43145958840546,113715500
2011-01-25,99.10665893554688,99.19105773656376,98.29336778434114,98.79208052199101,167552200
2011-01-26,99.49028015136719,99.78184175222913,99.15268497298399,99.35217941880343,141281500
2011-01-27,99.73580169677734,99.90459927500538,99.3368245384729,99.51329047664957,123302700
2011-01-28,97.99413299560547,100.01202405262218,97.83300961621238,99.85089481951867,295637300
2011-01-31,98.730712890625,98.80744334178681,98.01716886599728,98.26269694377658,149249200
2011-02-01,100.31129455566406,100.48776058138196,99.26782342143659,99.32920545373533,167194300
2011-02-02,100.11943054199219,100.38796362953788,99.99666653815541,100.05036847269663,118323600
2011-02-03,100.34196472167969,100.4954139257803,99.41358942704555,99.94298742507907,145886700
2011-02-04,100.62582397460938,100.66418919396537,99.91994842665989,100.38030764408927,134634800
2011-02-07,101.25495910644531,101.5848741659253,100.84063355800683,100.848313624686,112439100
2011-02-08,101.7153091430664,101.7690110679319,101.07080409275684,101.34701719791303,99072800
2011-02-09,101.48516845703125,101.76138166793359,100.97877561913994,101.43913487311788,146436700
2011-02-10,101.52352142333984,101.63860536923012,100.74091546902373,100.97109506822503,162708500
2011-02-11,102.12963104248047,102.26006339311282,101.10150895578879,101.12452574075812,137710300
2011-02-14,102.37519073486328,102.45958955135019,101.95320835985231,102.06829233350557,101690700
2011-02-15,102.05296325683594,102.21409255793425,101.52356517020041,102.06064332815181,119575400
2011-02-16,102.69744110107422,102.8201934273919,102.19104824246239,102.39821108597134,130183500
2011-02-17,103.00431060791016,103.1424113265941,102.30610353255634,102.39818238576498,109810500
2011-02-18,103.2191390991211,103.34190309529663,102.85852717749236,103.09637510294556,130002400
2011-02-22,101.14755249023438,103.24216208072234,100.8713393359729,102.13730946367646,233116400
2011-02-23,100.52608489990234,101.33170764821688,99.90460817353481,101.0861796189542,227584000
2011-02-24,100.45700073242188,100.84830947957657,99.51327745575264,100.41864723027734,260431400
2011-02-25,101.53119659423828,101.59257860530393,100.81764095959382,100.87902297065948,141686900
2011-02-28,102.16036987304688,102.29081399964767,101.56958980514798,101.90718510533293,141585500
2011-03-01,100.45700073242188,102.57463854313694,100.4263155892226,102.4825714061209,258565500
2011-03-02,100.6718978881836,101.13992559959863,100.01205573286772,100.31895416013924,200277400
2011-03-03,102.40587615966797,102.52096012046516,101.5772365196614,101.58490488124045,176480100
2011-03-04,101.63861846923828,102.5286401235721,100.97110808219904,102.32914564842217,277202300
2011-03-07,100.84062957763672,102.16799324467969,100.31123183151298,101.937813694346,216790400
2011-03-08,101.7229995727539,102.04524631411859,100.56444497588895,101.00177565794809,174615000
2011-03-09,101.57723236083984,101.89181078403557,100.97110401308724,101.52353041714059,153806000
2011-03-10,99.69744873046875,100.64884060745159,99.5977015017833,100.51073986689131,301291800
2011-03-11,100.38797760009766,100.74858959441563,99.35218690555527,99.37520369605035,225621800
2011-03-14,99.78185272216797,100.11176786895454,99.02226348729714,99.73581913958581,234974100
2011-03-15,98.63865661621094,99.22944837466342,97.05810748995764,97.12715787918049,359585400
2011-03-16,96.81254577636719,98.64629647677391,96.1220128970502,98.32403804357628,468670300
2011-03-17,98.09387969970703,98.50819949225824,97.51843651900435,98.20896950658971,254303700
2011-03-18,98.45065307617188,99.3137166328751,98.25800543326719,99.28288642537413,230435400
2011-03-21,99.97644805908203,100.18449909545501,99.56032246977267,99.67591813715048,153992600
2011-03-22,99.62965393066406,100.0920129959728,99.53718682091412,99.96101400440052,129538600
2011-03-23,99.91481018066406,100.17680824177,98.88222128692911,99.35227040688116,148603100
2011-03-24,100.87032318115234,101.0167373031042,99.92249986309768,100.48502781108182,159129800
2011-03-25,101.17854309082031,101.61777359663202,100.862598138574,101.13230953844842,155642800
2011-03-28,100.93196868896484,101.65632584332698,100.90115023396868,101.39432782187549,109762400
2011-03-29,101.6100845336914,101.6409029863376,100.51584721140755,100.8471955500452,129798800
2011-03-30,102.31134796142578,102.61187791529385,101.9954028986129,102.14181703788145,135835000
2011-03-31,102.17266845703125,102.4577951522155,102.06478617618191,102.1803818931334,132537100
2011-04-01,102.60413360595703,103.08190777321111,102.35755072845635,102.80449468709821,153850100
2011-04-04,102.68888854980469,103.00483348526092,102.3960721475841,102.81988752732303,100768900
2011-04-05,102.67350769042969,103.12815337519623,102.4423281319495,102.48856169198937,120791500
2011-04-06,102.99714660644531,103.2591445991126,102.58102108088677,103.16667748600176,120411600
2011-04-07,102.73513793945312,103.24371876700035,102.22654535362723,102.81218993961305,170731500
2011-04-08,102.38067626953125,103.25144748403328,101.95684905192935,103.18979881981114,147945400
2011-04-11,102.07244110107422,102.83531830752919,101.82584645289646,102.4885548720242,121385400
2011-04-12,101.3095474243164,101.70254439850599,100.9396672275333,101.50219507489003,161187400
2011-04-13,101.30184936523438,101.8566638010624,100.91655405034166,101.77961179305177,162059000
2011-04-14,101.37890625,101.53302203171474,100.38484946340162,100.71619780617426,161220400
2011-04-15,101.7488021850586,102.00309855537064,101.26333798562855,101.5638679217642,170006700
2011-04-18,100.60833740234375,101.74110686894844,99.79921467501427,100.63145418670034,210759300
2011-04-19,101.18623352050781,101.2170637241827,100.51582356904807,100.76240640705954,124258800
2011-04-20,102.56560516357422,102.78907124563024,102.32671222018394,102.3960743047958,156133800
2011-04-21,103.08959197998047,103.13582552678614,102.56559610514635,103.09729365168894,135935400
2011-04-25,102.98174285888672,103.15127375713996,102.64268106238022,103.01256131389586,65757100
2011-04-26,103.867919921875,104.07598271249331,103.18980807119691,103.2976903036876,146600000
2011-04-27,104.54605102539062,104.7001668316709,103.6444612124546,104.06828849843708,143031000
2011-04-28,104.88507843017578,105.02377908282082,104.34566740609206,104.36107075086699,124791100
2011-04-29,105.13168334960938,105.23957733534623,104.78491988694971,104.92363232698213,115094100
2011-05-02,104.9698715209961,105.70963204660009,104.76180872892179,105.62487835316853,126278700
2011-05-03,104.59227752685547,104.94675443981136,104.0605680365624,104.76952186247418,138375000
2011-05-04,103.89876556396484,104.59229262463342,103.43640635133032,104.5460590550266,182678500
2011-05-05,102.95862579345703,103.99121452848615,102.50398009407154,103.32080436978953,226900000
2011-05-06,103.41327667236328,104.51522756315524,103.01256618859513,103.98351806240711,222787200
2011-05-09,103.81399536132812,104.11452530833692,103.24375392621384,103.40558317073366,114104500
2011-05-10,104.70015716552734,104.88510317095844,104.0297470030466,104.16074601420483,114806900
2011-05-11,103.59822845458984,104.56146694920886,103.1204659239092,104.54605184097589,193564200
2011-05-12,104.0914077758789,104.30717226149827,102.78910742878041,103.32081696772903,171550700
2011-05-13,103.28996276855469,104.29173293821168,102.9200825588419,104.14531883733291,157444900
2011-05-16,102.63495635986328,103.72919352053083,102.46542549964789,102.92007109828073,141675400
2011-05-17,102.61958312988281,102.7582955986045,101.81046037747582,102.24970281043058,192686200
2011-05-18,103.53659057617188,103.64447282848728,102.4500546189558,102.67353255764863,135217900
2011-05-19,103.78318786621094,104.05289941336649,103.21295806453445,103.87566677973341,119489500
2011-05-20,102.95862579345703,103.78315174333574,102.76597811490916,103.5134520483374,182594900
2011-05-23,101.76419067382812,102.27278328141561,101.4020121585715,101.70254201609517,168700000
2011-05-24,101.67945861816406,102.28051853052499,101.48681090886163,102.05705236137871,147199600
2011-05-25,102.01848602294922,102.44231319197269,101.24019377312726,101.27101222256574,151050100
2011-05-26,102.48855590820312,102.67350189620629,101.54843437951058,101.74108204099217,164850000
2011-05-27,102.88157653808594,103.15898970467659,102.45776099209375,102.77369429320528,120921900
2011-05-31,103.95268249511719,103.96809760169809,103.13585822054642,103.85251369804418,164731200
2011-06-01,101.61776733398438,103.96807075369742,101.53300190710036,103.65212582092262,233094300
2011-06-02,101.50988006591797,101.90288873380041,100.91653386562224,101.68712434127877,200466800
2011-06-03,100.50041961669922,101.27101017817517,100.23842164778432,100.29235687278265,234690200
2011-06-06,99.43701171875,100.45419701475451,99.30601272001246,100.2461342481572,179951200
2011-06-07,99.3753890991211,100.23074530888537,99.29062364560278,99.94561873344274,161660500
2011-06-08,98.9592514038086,99.55260950587167,98.77430541194624,99.22124940690333,198696400
2011-06-09,99.71443939208984,100.12285155320909,98.99009395645247,99.22897521013182,160964400
2011-06-10,98.32736206054688,99.35224311829695,98.06536407140261,99.29060621590516,238629400
2011-06-13,98.40441131591797,98.82053679938325,97.90353215952761,98.55082540238617,207599800
2011-06-14,99.65279388427734,99.9995573438502,99.26749853846734,99.30601866642368,160570400
2011-06-15,97.88040161132812,99.63735286984713,97.61840366629093,98.82052883045013,300958000
2011-06-16,98.0962142944336,98.61250873577005,97.3410326997251,97.91126826360207,308032800
2011-06-17,98.38892364501953,99.07814898849757,98.0559266660581,99.07040322388342,233284900
2011-06-20,98.89228057861328,99.10137485353683,98.02494405533619,98.05592120377993,159479000
2011-06-21,100.24752044677734,100.44112323320084,98.93102386241274,99.40341513394915,193157300
2011-06-22,99.64346313476562,100.52629121258171,99.58150883604134,99.9377430995624,176703000
2011-06-23,99.35694122314453,99.62023814720037,97.72293341615386,98.47411308863524,334286500
2011-06-24,98.20306396484375,99.41114331963435,98.05592988207276,99.33370930410221,226129300
2011-06-27,99.0781478881836,99.45760172575412,98.0714111978655,98.26501395305843,168904700
2011-06-28,100.37142944335938,100.38692097497285,99.33372134020698,99.47310967499922,165556300
2011-06-29,101.23102569580078,101.39364541876897,100.38692038476243,100.82832859225239,244295500
2011-06-30,102.19902038574219,102.36164007809538,101.22326678190083,101.55625783919723,223322700
2011-07-01,103.70914459228516,103.84854475035982,102.05190512720938,102.29197070417344,202385700
2011-07-05,103.62393188476562,103.83302615909916,103.29868068945447,103.6007005005701,165936000
2011-07-06,103.74784851074219,103.87949697023416,103.08185454023447,103.37613451826049,143331600
2011-07-07,104.82427978515625,105.08757670513462,104.45256579127063,104.66939993908514,170464200
2011-07-08,104.08082580566406,104.82426550875836,103.2986750087553,103.63941771364964,194100500
2011-07-11,102.19902038574219,103.13605107635571,101.95895486693334,102.80306001905932,195918600
2011-07-12,101.75761413574219,102.82630523843204,101.72664289093734,101.98219997273603,214675700
2011-07-13,102.09832000732422,103.16701072372837,101.85051468872945,102.29192271295851,204062600
2011-07-14,101.39361572265625,102.82628064618473,101.20001299334552,102.35388951400365,226111800
2011-07-15,101.98221588134766,102.12160422957669,101.26975897394065,101.95898448997616,220012800
2011-07-18,101.14582061767578,101.66467456678863,100.38690115055574,101.5097947309686,196872100
2011-07-19,102.78755950927734,102.91146809415012,101.68789740582073,101.71112878841275,166554900
2011-07-20,102.7256088256836,103.11281430458413,102.54749761402991,103.05087182654468,137145400
2011-07-21,104.15055084228516,104.40610791775167,102.74111699878657,103.30643378092897,245246300
2011-07-22,104.22023010253906,104.32864716603184,103.58520743310018,104.1737673348384,126019400
2011-07-25,103.63943481445312,104.15054895612992,103.12058081605096,103.22899789308164,136653800
2011-07-26,103.25225067138672,103.74013352739073,103.01992493916683,103.56976211153464,131278200
2011-07-27,101.13809967041016,102.71015334021325,101.00643937794526,102.67917027731225,249020100
2011-07-28,100.84382629394531,102.04416600398442,100.68119474445015,101.13810632799512,207939900
2011-07-29,100.15457916259766,101.09936155730443,99.10137969718227,99.82932795047188,307038400
2011-08-01,99.72865295410156,101.4168751687682,98.76063915246867,101.32393780854062,325790900
2011-08-02,97.18084716796875,99.51182623048992,97.18084716796875,98.97748068147955,346653800
2011-08-03,97.70744323730469,97.81586031438997,95.66299848614288,97.31249784576013,370830800
2011-08-04,93.13069915771484,96.50713270134752,92.97581336177954,96.35224690541222,520721800
2011-08-05,92.99126434326172,94.53234041396895,90.49766024487644,94.29227492031985,655619200
2011-08-08,86.93539428710938,93.02226618408847,86.74953136369726,90.5364071892593,702263900
2011-08-09,90.97781372070312,91.1017164177107,85.39430479155979,88.33706917615514,717828700
2011-08-10,86.95863342285156,90.04853242333787,86.69533054537,89.25863560747023,662607400
2011-08-11,90.86164093017578,92.09295154194697,86.98184029898631,87.70978850465946,487979700
2011-08-12,91.47344207763672,92.31754734821298,90.82293367550524,91.69027624225124,313731600
2011-08-15,93.40949249267578,93.50241806673361,92.15494406829136,92.30208410493532,258810600
2011-08-16,92.61180877685547,93.46366560461495,91.62056364086669,92.51888323803593,294095200
2011-08-17,92.6737289428711,93.85857639273324,91.93804112616652,93.12288857602867,238201100
2011-08-18,88.67777252197266,92.70470587179987,87.81043039523662,90.21884818864345,512956300
2011-08-19,87.22966766357422,89.73875802595644,87.12125057995998,87.47747898444793,428281300
2011-08-22,87.2993392944336,89.23536645434639,87.0515280542962,89.18889778487399,275090600
2011-08-23,90.17243957519531,90.27311090148348,87.18321195153312,87.62462608724032,331136600
2011-08-24,91.44247436523438,91.56637708282578,89.76974336558679,89.97883769468697,246869700
2011-08-25,90.04852294921875,92.46468774003951,89.73101746634472,91.94583371419178,312365400
2011-08-26,91.3572769165039,91.7754596126514,88.16670110976061,89.59162058273961,314495900
2011-08-29,93.98250579833984,94.03671432414417,91.42694750576752,92.58856383724836,190977200
2011-08-30,94.2303466796875,94.81115502808098,92.35627316019371,93.57209839983251,241315700
2011-08-31,94.64851379394531,95.64750469746372,93.93605708870781,94.8343707804666,301828400
2011-09-01,93.65727233886719,95.56232277343655,93.53336373745424,94.70272605306793,254585900
2011-09-02,91.26433563232422,93.60306017285487,90.93908442865956,91.70574966823685,255517200
2011-09-06,90.59835052490234,90.73000489869928,88.5771371350005,88.58488290011506,285130500
2011-09-07,93.15391540527344,93.192632416746,91.65930169015051,91.96906732337109,209803200
2011-09-08,92.18587493896484,93.65725684169858,91.97678068575047,92.59631177372879,250568200
2011-09-09,89.76971435546875,92.20136422380527,89.27409182869229,91.13267925824728,380195100
2011-09-12,90.35054016113281,90.4202402313178,88.32158689317579,88.64683813193852,305793500
2011-09-13,91.17916107177734,91.51990384572724,90.00205880184976,90.64482143151423,272514700
2011-09-14,92.44145965576172,93.54886781926214,90.38926895872116,91.64381122078295,319389500
2011-09-15,94.0367431640625,94.06772031806332,92.46468952532128,93.43270343176667,326777200
2011-09-16,94.59329986572266,94.94359133321149,93.65920116346184,94.4142671515691,284528300
2011-09-19,93.65141296386719,94.13403397988547,92.41373191763235,93.04424822881955,241517000
2011-09-20,93.54241943359375,94.95913889282942,93.41787573526663,94.04839194164654,218932200
2011-09-21,90.786865234375,93.8771848287512,90.63896989184268,93.58917404565487,316251300
2011-09-22,87.85222625732422,88.90308901431636,86.63789648825383,88.15580869959182,513911300
2011-09-23,88.38153839111328,88.86415945952778,87.19834026817941,87.26840094305895,307242500
2011-09-26,90.48326873779297,90.6078184162491,87.94563139723255,89.21445006751276,260673700
2011-09-27,91.49522399902344,93.06762525727646,90.95032800504399,92.2658559166567,311753900
2011-09-28,89.62699127197266,92.2346887323929,89.49466172112082,91.68201301514027,286696800
2011-09-29,90.33536529541016,91.56526059586908,88.68511783738685,91.11378289920049,298108900
2011-09-30,88.07793426513672,89.86829080856721,88.01565944479468,89.08987337085298,288392300
2011-10-03,85.57144927978516,88.70068550185462,85.47803702731474,87.56419648831277,365136800
2011-10-04,87.44742584228516,87.63425033266594,83.62539871077878,84.34154144067442,459177500
2011-10-05,89.0665512084961,89.30007889246475,86.85584780604376,87.66540292125123,284108000
2011-10-06,90.67786407470703,90.81019957952695,88.35818296490903,89.0198367335888,257800800
2011-10-07,90.0706787109375,91.26944224714453,89.56470620154083,91.20716742838877,312657900
2011-10-10,93.08318328857422,93.1221006074584,91.59640273798384,91.60418857730279,230666300
2011-10-11,93.17658233642578,93.44124740292662,92.43708800790449,92.53050025587918,209088000
2011-10-12,93.99391174316406,95.07591157714889,93.66697782329544,93.8771479321098,281544900
2011-10-13,93.80712127685547,94.08735213169203,92.72512111912495,93.44126399754909,212538800
2011-10-14,95.41065979003906,95.43401137144346,94.36758289493665,94.89690718257462,211397600
2011-10-17,93.58912658691406,95.39505471681612,93.355598991443,94.95913693452704,202311600
2011-10-18,95.41842651367188,96.13456924792644,92.78737134391423,93.51908575522265,318857900
2011-10-19,94.28968048095703,95.80759769990242,93.96274665737583,95.26270205508136,226601300
2011-10-20,94.70227813720703,95.04477780687489,93.26998681517682,94.52323949488287,262075600
2011-10-21,96.50041198730469,96.61717579228576,95.52739017721869,95.8154008321377,278999400
2011-10-24,97.68362426757812,97.92493776522693,96.57048684713641,96.65611325939,203215600
2011-10-25,95.7842788696289,97.26326741670682,95.57410281202644,97.21656426561934,268596800
2011-10-26,96.7573013305664,97.12315258093801,95.13040560506522,96.7962186437441,289053800
2011-10-27,100.12783813476562,100.7427826801967,98.55543159549222,99.34941476347859,393220200
2011-10-28,100.10449981689453,100.29910420077053,99.48176341294956,99.63744454450855,225906500
2011-10-31,97.69139099121094,100.12004965960801,97.55127561119927,98.98356682230232,228146700
2011-11-01,94.96694946289062,96.14236172977797,94.5933063928912,94.99030104123025,416565800
2011-11-02,96.51602172851562,96.83517587838824,95.58192274048315,96.39147796824433,244717600
2011-11-03,98.27523803710938,98.46984246886603,96.21242987271768,97.51238605152669,291174800
2011-11-04,97.67582702636719,97.84707388161665,96.53155239199762,97.48122265831397,249401600
2011-11-07,98.28297424316406,98.38416635858613,96.67943049687626,97.60574902466973,196617200
2011-11-08,99.54402160644531,99.65300551345189,97.85485716122426,98.79674156531784,224426300
2011-11-09,95.86991119384766,97.92493311258501,95.63638354627781,97.21657027011668,337982000
2011-11-10,96.77286529541016,97.25548629303766,95.76092014965565,97.13872247793455,231866500
2011-11-11,98.59436798095703,98.85124125436116,97.91714258650829,97.94828000061732,189924400
2011-11-14,97.66023254394531,99.20928128901055,97.23988649445398,98.22847977905006,159258300
2011-11-15,98.14289855957031,98.66443695880042,97.08425008237928,97.43453564870272,184709400
2011-11-16,96.58604431152344,98.34526357619,96.44592892471462,97.15428575774224,235782500
2011-11-17,95.05256652832031,96.64832486495528,94.36756122935088,96.40701138851523,331219600
2011-11-18,94.95137023925781,95.55074910732397,94.55437564729726,95.35614473032331,215580400
2011-11-21,93.14544677734375,93.68255084780964,92.35924338986176,93.56578702767197,229611600
2011-11-22,92.77960205078125,93.48795902748807,92.2580577092393,92.9430690454059,216494900
2011-11-23,90.73233032226562,92.77957188690755,90.73233032226562,91.90774226016411,224329100
2011-11-25,90.56110382080078,91.61975226800112,90.45212582819386,90.59224123852493,99557000
2011-11-28,93.18435668945312,93.5502138586907,92.49156560088353,93.05202714194075,210686000
2011-11-29,93.44905853271484,94.18855306137313,93.1065528029667,93.44905853271484,199241500
2011-11-30,97.29442596435547,97.47346464717167,93.41012333201223,96.12679942270532,324439500
2011-12-01,97.2788314819336,97.80036975778694,96.85848533847071,97.18541924821275,176954800
2011-12-02,97.19322204589844,98.469826435247,97.13094721255095,98.17402988512892,221109700
2011-12-05,98.25186920166016,98.9991493757143,97.6447044314196,98.73448430679757,225263900
2011-12-06,98.28297424316406,98.94462778922242,97.89376557620587,98.24405100092706,178842100
2011-12-07,98.64887237548828,99.06143278386106,97.278855635028,97.95607519637375,237802500
2011-12-08,96.48486328125,98.22073721677184,96.25134155455073,98.00278122964377,240862800
2011-12-09,98.11955261230469,98.36864603659706,96.83516223063702,96.92078865200524,209111400
2011-12-12,96.68724822998047,97.27884726180282,95.86991332304322,97.26327558422979,215826100
2011-12-13,95.7842788696289,97.74588842041024,95.3172236033365,97.1932126900756,245159800
2011-12-14,94.76455688476562,95.76871630061913,94.55438674603116,95.40285907869712,238618800
2011-12-15,95.10704040527344,95.9010235588424,94.95913919536356,95.76869402305651,199109200
2011-12-16,95.24807739257812,96.31344006459221,95.0209098311601,95.74942980575031,220481400
2011-12-19,94.22970581054688,95.81991435916301,94.02603198378952,95.61624053240566,183903000
2011-12-20,97.08112335205078,97.2456270797463,94.29238324660591,95.71025297806763,225418100
2011-12-21,97.26912689208984,97.41796615967046,96.15676493575198,97.08112348539682,194230900
2011-12-22,98.13080596923828,98.23264586923186,97.31612262840929,97.62945961648815,119465400
2011-12-23,99.0081558227539,99.03949071393762,98.24047190657085,98.44413973448589,92187200
2011-12-27,99.08647918701172,99.34498752851468,98.74963661440691,98.83580606157456,86075700
2011-12-28,97.78614044189453,99.11784065733302,97.7078061897841,99.10217619751907,119107100
2011-12-29,98.79664611816406,98.89848002525709,97.80961803022925,98.10729051162971,123507200
2011-12-30,98.31097412109375,98.96115968709596,98.31097412109375,98.71831576666791,95599000
2012-01-03,99.87769317626953,100.56704892277278,99.82285860339042,100.08136700832914,193697900
2012-01-04,100.03433990478516,100.12050935434358,99.25882083527829,99.64266276189012,127186500
2012-01-05,100.30066680908203,100.44950602001367,99.03947204170133,99.49381891342655,173895000
2012-01-06,100.04218292236328,100.44169531269551,99.71317553103997,100.42602487890714,148050000
2012-01-09,100.28502655029297,100.41035416112923,99.8071799219285,100.26935611654892,99530200
2012-01-10,101.15453338623047,101.56186897095131,101.01352341226041,101.35820117859089,115282000
2012-01-11,101.20941925048828,101.34258810775609,100.67674382141706,100.84124160561234,111540700
2012-01-12,101.4522476196289,101.60108690270728,100.69239271878632,101.49925893510812,118983700
2012-01-13,100.92739868164062,101.09190839864425,100.0500453990666,100.77073016018697,179836200
2012-01-17,101.31905364990234,102.08674955613908,100.97437580678208,101.89874019997184,132209200
2012-01-18,102.43927001953125,102.4940986182582,101.11539901874595,101.29556720462153,163395200
2012-01-19,102.97978210449219,103.0659515728235,102.4627652945043,102.7917727318492,126328900
2012-01-20,103.36358642578125,103.36358642578125,102.55673253942562,102.80741162604009,138230200
2012-01-23,103.09729766845703,103.59864412599231,102.60378045369613,103.01895742854367,129295800
2012-01-24,102.97978210449219,103.01111102341248,102.30609679382202,102.4627652945043,103083300
2012-01-25,103.8414535522461,104.084291494875,102.42358405260829,102.82309047889723,198613200
2012-01-26,103.30874633789062,104.49943600755921,102.901398844038,104.30359747534638,184880500
2012-01-27,103.26177978515625,103.44194794514013,102.73692183352804,102.8074328118167,135259100
2012-01-30,102.90928649902344,102.96412705663046,101.88309392019227,102.23560108767013,147311800
2012-01-31,102.87012481689453,103.54379825218088,102.36876643205332,103.41847060901237,157212000
2012-02-01,103.7709732055664,104.29581929446745,103.50463554010163,103.62996317776424,166234500
2012-02-02,103.93548583984375,104.20183549648294,103.56732016313309,103.97465596167683,113090400
2012-02-03,105.39251708984375,105.45518688891768,104.78934268571086,104.96951088739718,160598500
2012-02-06,105.32198333740234,105.36898268295776,104.8363074959456,104.95380585983416,107694500
2012-02-07,105.58832550048828,105.76850560363249,104.68747279692145,105.10264963801279,135528100
2012-02-08,105.90167999267578,105.92517966771014,105.21232431689647,105.64317161425853,139361400
2012-02-09,106.03485107421875,106.21501923768909,105.40816516944953,106.07402118446173,148602900
2012-02-10,105.25148010253906,105.33764955028461,104.84413253564763,105.09481163928469,167907500
2012-02-13,106.03485107421875,106.16019064578049,105.54917517571634,106.00352215784804,115841900
2012-02-14,105.90167999267578,105.96434977711382,105.16532496682774,105.75284074876532,165329500
2012-02-15,105.40814971923828,106.40301299899824,105.19664071735974,106.24634453402949,195195100
2012-02-16,106.5753402709961,106.6693389491163,105.22797010376995,105.41597941304674,186567800
2012-02-17,106.85731506347656,107.02965388851797,106.50480817699463,106.94348447599727,129869400
2012-02-21,106.90436553955078,107.35871248178024,106.5753581578753,107.10803336067224,134042300
2012-02-22,106.55970764160156,106.96705531302017,106.37169826562976,106.73987582292415,124455300
2012-02-23,107.02973175048828,107.10806003055947,106.14453731909016,106.50488565715,137704300
2012-02-24,107.26473999023438,107.47624907977584,107.02974317190234,107.26473999023438,105539100
2012-02-27,107.4449234008789,107.73476078760605,106.37956063109985,106.55189960511139,145728900
2012-02-28,107.75821685791016,107.88355641610764,107.26469981815639,107.47620882848489,129355900
2012-02-29,107.33523559570312,108.25175891488628,106.95921683421189,107.91491026851382,185934700
2012-03-01,107.8913803100586,108.09506007029667,107.26469450316176,107.56237295087121,145023500
2012-03-02,107.56238555908203,107.96190393374111,107.31954761929103,107.82089393296762,120638300
2012-03-05,107.12371826171875,107.47622536447656,106.75554072351572,107.39789709333039,140765000
2012-03-06,105.55699920654297,106.08967442982977,105.25149148658993,106.02701660018096,202129900
2012-03-07,106.29337310791016,106.4657120526787,105.69801604305846,105.79985595216014,143692200
2012-03-08,107.35087585449219,107.5702260713104,106.72420193114498,106.94354019492428,116968900
2012-03-09,107.7660903930664,108.04808655408453,107.42141248109971,107.55458131926108,122836800
2012-03-12,107.77388000488281,107.91487803354418,107.39003211624238,107.75038033343925,104003500
2012-03-13,109.71662902832031,109.77146958061549,108.17341971170725,108.35359985235623,184090500
2012-03-14,109.59912872314453,110.02213488515875,109.26228007944952,109.74796798758832,145163600
2012-03-15,110.2336196899414,110.28061903615358,109.48159429143213,109.76360232174333,165118500
2012-03-16,110.38629913330078,110.52791513414479,110.1502604598018,110.43350446691545,152893500
2012-03-19,110.81901550292969,111.15732833884486,110.23678847655007,110.315472022561,125291100
2012-03-20,110.49642181396484,110.63017422821177,109.86698950747957,110.1895752152989,121729700
2012-03-21,110.31549072265625,110.66166716968506,110.08731560379965,110.55939294904215,122388400
2012-03-22,109.52081298828125,109.79619340385803,109.15889747655498,109.50507387742498,135216700
2012-03-23,109.87482452392578,110.00071335361298,109.00936583202032,109.61519532014785,120521000
2012-03-26,111.41696166992188,111.41696166992188,110.62231073587799,110.66164050064855,120164000
2012-03-27,111.07075500488281,111.59003747288105,110.99994703345234,111.51922950145058,119868500
2012-03-28,110.52002716064453,111.18880125355324,109.86699217727165,111.015707064928,148562100
2012-03-29,110.3311538696289,110.5357262031724,109.43421703797581,109.86695235268095,164963700
2012-03-30,110.78753662109375,110.97636992713875,110.18958249341982,110.87408371901977,135486800
2012-04-02,111.5978775024414,111.88899688822099,110.43343597557767,110.65373539943248,151741100
2012-04-03,111.1416015625,111.6294179921408,110.4885664754941,111.44058466401292,155806700
2012-04-04,110.04010772705078,110.41776239126085,109.63097483765843,110.32335172656467,146896000
2012-04-05,109.9850082397461,110.3075939634833,109.56801186727539,109.66243452143217,137439400
2012-04-09,108.74974060058594,110.02433217353095,108.45075758750646,108.6002490940462,127555900
2012-04-10,106.92436218261719,108.84412462918593,106.81421246873627,108.53727814013065,235360300
2012-04-11,107.78986358642578,108.21472345978229,107.59316675506369,108.0180266284202,154133000
2012-04-12,109.19820404052734,109.28475112370926,107.81346271503814,107.89214624717495,154321500
2012-04-13,107.90001678466797,109.22182577653963,107.79773058735145,108.94644540165156,169246700
2012-04-16,107.82921600341797,108.60812784907024,107.45942496350148,108.45077276952394,147825300
2012-04-17,109.4263687133789,109.64666817598501,108.34059850094866,108.45074823225171,147877600
2012-04-18,109.05658721923828,109.42637820757287,108.87562950327285,108.93857392739591,123884200
2012-04-19,108.35636138916016,109.48146160544967,107.84495438274182,109.07234080248418,198666700
2012-04-20,108.5373306274414,109.22970745261394,108.47438618829625,108.83631371202486,143199600
2012-04-23,107.62464904785156,107.71907170470162,106.95588692454164,107.42795218709742,171844900
2012-04-24,108.03377532958984,108.30915572011864,107.63251807993235,107.71906517363372,137484200
2012-04-25,109.5129165649414,109.56012187791741,108.99363411136457,109.08804473731658,150252200
2012-04-26,110.2761459350586,110.4020348244129,109.21397793994777,109.27692238462492,136291600
2012-04-27,110.45708465576172,110.77179481943324,109.99288296244808,110.60657618540381,130725000
2012-04-30,110.04798126220703,110.31549817881941,109.74901012841005,110.2368146141523,115092200
2012-05-01,110.73242950439453,111.45627225280097,109.85909527433755,109.98497209614176,138832200
2012-05-02,110.40199279785156,110.51214253274972,109.72535528192839,110.08727069427061,121081000
2012-05-03,109.56016540527344,110.50430805615485,109.3556049659671,110.41776094617427,143759700
2012-05-04,107.78986358642578,109.59947683604139,107.7269191597393,108.98578368262541,193927300
2012-05-07,107.8685531616211,108.23046862855786,107.36500972535332,107.40433948949068,127765900
2012-05-08,107.435791015625,107.60888515434637,106.15332408021297,107.22335511711796,213377700
2012-05-09,106.79853057861328,107.48303180423665,105.81504628643097,106.29498710123288,220752500
2012-05-10,107.0188217163086,107.67185667581296,106.77491955182121,107.53809225778194,150600000
2012-05-11,106.69624328613281,107.68759112062502,106.30284957325796,106.35005489793521,153032400
2012-05-14,105.51605987548828,106.69624098870062,105.35870479481126,105.6734149561653,163910000
2012-05-15,104.91019439697266,106.06677245354433,104.74497582055899,105.44521589514696,207629300
2012-05-16,104.50897216796875,105.86224746139203,104.48536950631556,105.38230666540561,207265500
2012-05-17,102.95899963378906,104.65846329891845,102.90391875319162,104.53257443362969,247992900
2012-05-18,102.0777816772461,103.54120643587243,101.92829017955202,103.36023672528452,319615900
2012-05-21,103.83231353759766,103.87165530087665,102.24299994340677,102.40823054701032,177861100
2012-05-22,104.01331329345703,104.82370352186852,103.3366755099321,104.0998604054925,197531200
2012-05-23,104.068359375,104.21785088264116,102.27448529414892,103.2658329686967,204958400
2012-05-24,104.2729263305664,104.51682848772052,103.3995918935623,104.35160986758098,167357600
2012-05-25,103.9345932006836,104.52468359658735,103.68281553582979,104.23356417092268,135465600
2012-05-29,105.19346618652344,105.37442391532048,103.2028951534894,104.76860630034295,152883500
2012-05-30,103.6670913696289,105.18559711673433,103.45466744039395,104.29652361704946,162370400
2012-05-31,103.43893432617188,104.20998257109179,102.54986077497236,103.62776761296588,196186000
2012-06-01,100.83465576171875,103.46252226728265,100.83465576171875,101.81813981368913,253240900
2012-06-04,100.7874755859375,101.2910190659205,100.03215436325124,101.01563866051674,202545800
2012-06-05,101.5506591796875,101.70013870657714,100.53569667367961,100.59077155357731,164149400
2012-06-06,103.83231353759766,103.87951885136421,102.22726083701104,102.25873904980249,184202800
2012-06-07,103.89527893066406,105.05972092517574,103.68284297041039,105.01251560188004,184772700
2012-06-08,104.72140502929688,104.74500769025158,103.29730978763364,103.62777105184504,143915400
2012-06-11,103.39170837402344,105.62618113079688,103.28942219674343,105.5632367144261,169756100
2012-06-12,104.57975769042969,104.65056566018052,103.19501648070258,103.69068427437885,181931800
2012-06-13,103.91101837158203,104.92596884194505,103.55695443488922,104.2729338549518,172223900
2012-06-14,105.01251220703125,105.42950855655995,103.84019469292033,104.12343862896084,230615500
2012-06-15,106.08650970458984,106.18140953478171,105.2640163517939,105.4854573339939,169444500
2012-06-18,106.29212188720703,106.55310846787967,105.40635802622903,105.6436196511703,131360900
2012-06-19,107.32025146484375,107.75522911516451,106.26840080775101,106.82991960500652,137382600
2012-06-20,107.1462631225586,107.63660706246172,106.18932433520744,107.32817055125201,206451800
2012-06-21,104.7420425415039,107.38352571926646,104.65504700845767,107.2728052288102,205272200
2012-06-22,105.54874420166016,105.74646025683006,104.88440908489022,105.28775756072024,130029200
2012-06-25,103.85625457763672,104.47312746276305,103.48454757408295,104.43358185369073,146375700
2012-06-26,104.37821197509766,104.69456476910216,103.54780248382042,104.15677105310708,141634000
2012-06-27,105.31938934326172,105.52500970121821,104.3703546692332,104.72624116354007,108088000
2012-06-28,105.01885223388672,105.17703472863184,103.8246516313934,104.62342013228402,169242100
2012-06-29,107.63658142089844,107.77102683553838,106.64800154769998,106.9247966716203,212250900
2012-07-02,107.9608383178711,108.07155879313768,107.17789069549552,107.93711336371588,129524500
2012-07-03,108.67266845703125,108.75174764797886,107.82643784723261,107.93715836866468,80450000
2012-07-05,108.18231201171875,108.98109260213204,107.78687989927823,108.26930755916088,126177500
2012-07-06,107.1541748046875,107.37561577395066,106.64802229385347,107.13835414470363,151192100
2012-07-09,107.0197525024414,107.21746855829046,106.52940847794709,107.06720242502432,103780500
2012-07-10,106.08650970458984,107.73941277445,105.72270690947357,107.56542170734593,167884800
2012-07-11,106.10234069824219,106.45032286633845,105.48546760666412,106.14188632054942,141733400
2012-07-12,105.5882568359375,106.15767992740423,104.86857970912442,105.48545271360872,143583200
2012-07-13,107.35979461669922,107.47051510081796,105.84924138737173,105.86506204728232,129642600
2012-07-16,107.106689453125,107.42304224563269,106.6875325622243,107.1146058152034,97525200
2012-07-17,107.84222412109375,108.06366509333934,106.41076209778188,107.53378761920682,138860300
2012-07-18,108.64097595214844,108.85451259562274,107.52586696428502,107.58912546019303,113349700
2012-07-19,108.92568969726562,109.2815760653006,108.51444912726477,108.86241913242866,129847300
2012-07-20,107.92919921875,108.47489724977385,107.81057445879944,108.30881051821743,142904500
2012-07-23,106.83782196044922,107.8580433460883,105.84924189478299,106.34749010951965,145210900
2012-07-24,105.92041778564453,106.96436413752575,105.20864495854578,106.91691422473622,173301200
2012-07-25,105.94413757324219,106.41864869156551,105.38261887212312,106.14185355611671,129122300
2012-07-26,107.69200897216797,107.92136641684519,106.97231943803872,107.47056789514876,156526500
2012-07-27,109.6770248413086,109.98547341748612,107.66823538751021,108.26138344761497,236768900
2012-07-30,109.6770248413086,110.19899803043154,109.35277973984874,109.55049575988366,106782000
2012-07-31,108.9098892211914,109.82728231061284,108.9098892211914,109.52676218977963,120575900
2012-08-01,108.81498718261719,109.7165717619797,108.66472107478538,109.69284680470396,138293800
2012-08-02,108.06367492675781,108.79918484749575,107.2253608744547,107.99250005083675,199556600
2012-08-03,110.20692443847656,110.43626973286258,108.09530653254369,109.58213500035282,157825000
2012-08-06,110.4204330444336,110.85541067854598,110.37298313300815,110.49952427522767,86326200
2012-08-07,110.97401428222656,111.44852532196764,110.74465702220472,110.863281765234,109545100
2012-08-08,111.10848236083984,111.23501142335824,110.57068859153779,110.60232990788715,89754700
2012-08-09,111.20337677001953,111.42481770319739,110.83957405544118,110.9502945220301,90291700
2012-08-10,111.38528442382812,111.42483003790738,110.57069545782917,110.75259080144124,99792700
2012-08-13,111.32996368408203,111.38531790633081,110.75262409375576,111.19551820989982,79426900
2012-08-14,111.34574890136719,111.81236788159028,111.01358743472534,111.74118094274486,102379400
2012-08-15,111.47229766845703,111.66210940563552,111.15595684078858,111.22713171686962,71085900
2012-08-16,112.2947998046875,112.42924525584847,111.35366957893201,111.63046477804153,112014200
2012-08-17,112.44502258300781,112.53993445621104,112.1919524122583,112.48456819120705,90813700
2012-08-20,112.45297241210938,112.4766973705646,111.97844910774737,112.286885635294,78255700
2012-08-21,112.11288452148438,113.1647351667749,111.86771859431663,112.72975752133479,105581100
2012-08-22,112.16036224365234,112.34225762359193,111.56721411688325,111.82818867314766,133243500
2012-08-23,111.24295043945312,111.89145274515803,111.06895936697961,111.88354844827427,111466400
2012-08-24,111.91516876220703,112.16825105381403,110.8949594347825,110.96613430393653,99481200
2012-08-27,111.93888092041016,112.36595422176191,111.78071054005363,112.21568813675395,68785900
2012-08-28,111.82816314697266,112.17614523273332,111.48809742437814,111.65417210409232,75689600
2012-08-29,111.91516876220703,112.21570096658338,111.60673226157843,111.92308512608717,65421300
2012-08-30,111.10848236083984,111.46436873019893,110.871220758725,111.43272741384955,96589900
2012-08-31,111.63836669921875,112.16033984275708,111.00567307683536,111.74117081467173,151970400
2012-09-04,111.53557586669922,111.87565374392169,110.82380292200828,111.54348016426073,120226200
2012-09-05,111.4406509399414,111.8835328562893,111.21920998176745,111.58300066978445,100660300
2012-09-06,113.70254516601562,113.71044946337359,112.10499616274953,112.11290046010748,158272500
2012-09-07,114.14544677734375,114.19289670490109,113.78956025303212,113.89236440686247,107272100
2012-09-10,113.49691772460938,114.23242771048797,113.45738416846017,114.03471165922159,86458500
2012-09-11,113.81322479248047,114.1770154223685,113.53641760517962,113.56805891850696,88760000
2012-09-12,114.19286346435547,114.31940461276109,113.80533572272381,114.19286346435547,87640900
2012-09-13,115.93274688720703,116.28863326147453,113.87650779831344,114.17702790201909,225470200
2012-09-14,116.44686126708984,117.13490933103047,116.06723772290148,116.1621496427642,169777000
2012-09-17,116.0513916015625,116.40727799998842,115.7587637057492,116.20956199334876,119427800
2012-09-18,115.95647430419922,116.10674039305735,115.66385848966083,115.85367019152797,98326600
2012-09-19,116.01974487304688,116.39145191360828,115.79039962579445,116.09091973588797,128318300
2012-09-20,116.0276870727539,116.09094558650312,115.17355232558556,115.48989316484962,154009800
2012-09-21,115.97917175292969,116.61524287412323,115.93146854194849,116.59139126863263,108737500
2012-09-24,115.80426788330078,116.06664771197826,115.31926495126952,115.40672489416202,95682000
2012-09-25,114.57186126708984,116.27334428442107,114.54005104318885,116.05072124529704,133165200
2012-09-26,113.92782592773438,114.57980203262895,113.6574996983101,114.54800394236231,146502200
2012-09-27,115.001220703125,115.26360049824183,114.10276978033531,114.40490629569064,111830300
2012-09-28,114.46851348876953,114.93761123961713,114.06302406326445,114.56391991075954,150696100
2012-10-01,114.7706527709961,115.83606494908886,114.50031434875417,114.90581591609313,135911200
2012-10-02,114.88987731933594,115.40667814304118,114.35717138553451,115.22381183909008,113422200
2012-10-03,115.35901641845703,115.62934272705793,114.59574070804877,115.20000165645936,121283100
2012-10-04,116.1858901977539,116.3528514194533,115.6372790623632,115.79629379371141,124311600
2012-10-05,116.19385528564453,117.00484631698473,115.84401554145668,116.80607483797328,124842100
2012-10-08,115.79631805419922,116.17795591580114,115.53393823308262,115.76451995408608,78415400
2012-10-09,114.65135192871094,115.80422373125433,114.61159521854503,115.70881733249186,148872900
2012-10-10,113.91988372802734,114.74677969063936,113.76881549647061,114.63545604040127,124247500
2012-10-11,113.98350524902344,114.8819561205574,113.95965364465059,114.71498275790046,123601500
2012-10-12,113.60977935791016,114.45256814135307,113.36330476637987,114.06298396714453,124181900
2012-10-15,114.55596923828125,114.6752272614158,113.51440872941579,113.88014142172649,107689100
2012-10-16,115.71675872802734,115.79627214485907,115.0170916144932,115.09659289928086,108815500
2012-10-17,116.2415542602539,116.33697281649239,115.62138823891898,115.79630810463374,128834100
2012-10-18,115.93940734863281,116.49596493503181,115.54981097213077,115.93940734863281,148108500
2012-10-19,114.0073471069336,115.73268175733753,113.73702085912011,115.72473526724158,185645200
2012-10-22,114.02323150634766,114.22994939970452,113.12478087482957,113.81650148094704,125578600
2012-10-23,112.44107055664062,112.9499251561273,111.97197268706161,112.79091036854722,192056300
2012-10-24,112.1230239868164,112.98171826805603,111.94810410737598,112.84654298044852,120179400
2012-10-25,112.448974609375,113.12480236658318,111.76521249405076,112.91808443395348,134457400
2012-10-26,112.3853530883789,112.77493726327994,111.62206558327497,112.34559638243874,146023500
2012-10-31,112.3853530883789,112.92600546662658,111.85263506645865,112.78289588369395,103438500
2012-11-01,113.56208038330078,113.70518997129653,112.5205201638525,112.62387304450152,100995600
2012-11-02,112.55233764648438,114.26972579065095,112.43307963593635,114.23791556647426,137702200
2012-11-05,112.7829360961914,113.03735726724379,112.05144641580264,112.38539315913333,98378500
2012-11-06,113.66547393798828,114.11072005517038,113.0055512528624,113.12480927280518,107068100
2012-11-07,111.08939361572266,112.64775505527555,110.56463405397551,112.63186207368105,264304500
2012-11-08,109.75361633300781,111.6379775483188,109.6661564273854,111.07346140620257,181517300
2012-11-09,109.84906005859375,110.86676893999899,109.3640572219829,109.4197069208481,201055300
2012-11-12,109.93653869628906,110.36587977506488,109.690063990691,110.1909598939213,97677500
2012-11-13,109.55486297607422,110.71569353907248,109.21298191815075,109.3560915334547,123018300
2012-11-14,108.07598876953125,110.06370293478014,107.8295141541675,109.88879524971914,191505000
2012-11-15,107.89315795898438,108.52128263579417,107.4797098796202,108.11578104816928,178128400
2012-11-16,108.42586517333984,108.64054177296073,107.09807311651541,108.05217381298253,239483900
2012-11-19,110.62026977539062,110.63616275323382,108.45763584838829,109.64230569604688,151495800
2012-11-20,110.66797637939453,110.85084268657323,109.7854308001658,110.4453533622958,119807400
2012-11-21,110.87471771240234,110.97013626277993,110.54078311619851,110.7634061803344,81710800
2012-11-23,112.3853530883789,112.42509766227576,111.34378077373712,111.41534769724676,65409200
2012-11-26,112.14691925048828,112.39339404963242,111.46314458251415,111.82887746767851,100124400
2012-11-27,111.57439422607422,112.41718325150015,111.50283941419015,112.0355454560717,128646200
2012-11-28,112.47283935546875,112.5364355414298,110.51692300589717,111.12118382889639,177086500
2012-11-29,112.99757385253906,113.30765678490835,112.40125958782548,112.89422096311249,151085900
2012-11-30,113.02142333984375,113.2360998681002,112.63183912535538,113.01347685066555,136568300
2012-12-03,112.46489715576172,113.63367438921557,112.37743722223634,113.53826796429621,124656300
2012-12-04,112.30586242675781,112.79881171055337,112.0037259588595,112.45693066070697,127512200
2012-12-05,112.5046615600586,113.0294211970481,111.60621055721737,112.40129650463827,147300500
2012-12-06,112.8862533569336,112.93395655318673,112.23428945473425,112.40125064162027,103220600
2012-12-07,113.22817993164062,113.45080300128178,112.63981202927623,113.32358635233044,108726400
2012-12-10,113.2759017944336,113.54622811893263,113.02146845463494,113.06918380488423,98840700
2012-12-11,114.04710388183594,114.57980988764878,113.689317714594,113.74496740938694,152570400
2012-12-12,114.10276794433594,114.92966403661956,113.94375319798831,114.49236438512798,145880100
2012-12-13,113.40309143066406,114.35719196336638,113.11686005764871,114.03120387397875,135715000
2012-12-14,112.98169708251953,113.3633348697144,112.80677723587885,113.1566169291602,137701700
2012-12-17,114.30944061279297,114.3730489057894,113.24401687015452,113.27582708267343,143238200
2012-12-18,115.58164978027344,115.68501484417708,114.32541242440135,114.49238582516494,177762800
2012-12-19,114.72288513183594,115.74855225363476,114.68314056119634,115.70879555095284,150895400
2012-12-20,115.38284301757812,115.39874812994515,114.47644572539434,114.79448731250464,168487000
2012-12-21,114.33551025390625,115.3764551327012,113.65490137714683,113.83906469461195,245883800
2012-12-24,113.98322296142578,114.15136839042393,113.85510401298264,114.08730891620236,53874600
2012-12-26,113.50276184082031,114.27146316998896,113.18247674755436,114.2154065587162,106947700
2012-12-27,113.3506088256836,113.76698917247617,112.03742054865317,113.53477212176637,167920600
2012-12-28,112.12548828125,113.23849522000327,111.99736938603328,112.6139308784347,148806700
2012-12-31,114.0312271118164,114.15133095027974,111.73313851845639,111.82923380731845,243935200
2013-01-02,116.9538803100586,117.02594262079347,115.88891469619209,116.19319407675187,192059000
2013-01-03,116.68965148925781,117.20211500343399,116.37736922621443,116.89784781001605,144761800
2013-01-04,117.20211029052734,117.3942886824008,116.64160525351323,116.8818251888317,116817700
2013-01-07,116.88178253173828,116.99388349822883,116.44938436235411,116.78569947991468,110002500
2013-01-08,116.54548645019531,116.83374784061844,116.08906749115465,116.67360533884775,121265100
2013-01-09,116.84178161621094,117.16207892262148,116.61757961077002,116.801742925648,90745600
2013-01-10,117.7706069946289,117.77860984424835,116.88180196323061,117.49034842276535,130735400
2013-01-11,117.76264190673828,117.82668916041318,117.3943029985854,117.73860891399151,113917300
2013-01-14,117.68252563476562,117.76260300254722,117.2501273976905,117.61846618415854,89567200
2013-01-15,117.76264190673828,117.87474292781177,117.06600278755056,117.13806511150604,93172600
2013-01-16,117.74658966064453,117.93075295198912,117.39426877766088,117.52238768385337,104849500
2013-01-17,118.50731658935547,118.8436196702619,117.82669535684053,118.26709661210928,133833500
2013-01-18,118.77151489257812,118.89963379706472,118.05085521840938,118.48325346652886,169906000
2013-01-22,119.4120864868164,119.4120864868164,118.49124568876202,118.7715042399286,111797300
2013-01-23,119.60430145263672,119.70839962296887,119.19593605979502,119.41213525275597,104596100
2013-01-24,119.63632202148438,120.22084783497459,119.31602469909048,119.42812570740494,146426400
2013-01-25,120.30888366699219,120.30888366699217,119.60424203589285,120.0126194439568,147211600
2013-01-28,120.16478729248047,120.37297136049118,119.71637110138585,120.3409355235099,113357700
2013-01-29,120.63723754882812,120.78937726143685,119.84451536012214,119.92459275141974,105694400
2013-01-30,120.16478729248047,120.86141402067454,120.05267408113788,120.62119411568256,137447700
2013-01-31,119.86849212646484,120.4129913075781,119.78842698265613,120.02063178321839,108975800
2013-02-01,121.10163879394531,121.24576341187917,120.42101773878903,120.62920181516874,131173000
2013-02-04,119.74039459228516,121.12565744805879,119.65231436572205,120.3649712467004,159073600
2013-02-05,120.9494857788086,121.2937915846587,120.34092709968219,120.38898085179038,113912400
2013-02-06,121.03754425048828,121.11760938676791,120.43700074699126,120.52508094956104,138762800
2013-02-07,120.8774185180664,121.18970069445554,119.99661637025575,121.07759971365151,162490000
2013-02-08,121.55008697509766,121.6221493102632,121.08566489609167,121.08566489609167,103133700
2013-02-11,121.52606964111328,121.630155611048,121.22179014877216,121.50204886204395,73775000
2013-02-12,121.72618865966797,121.95039062832522,121.39788855624454,121.53401030735137,65392700
2013-02-13,121.83028411865234,122.19862293491977,121.48597828913644,121.974420948702,82322600
2013-02-14,121.9424057006836,122.08654255506951,121.32585624353162,121.46197802828311,80834300
2013-02-15,121.79829406738281,122.182638689954,121.3498899713672,122.05451974306519,215226500
2013-02-19,122.71106719970703,122.7350879646154,121.83828015979623,122.00642551415483,95105400
2013-02-20,121.1817398071289,122.6630862040014,121.11768032972996,122.62304750336506,160574800
2013-02-21,120.44508361816406,121.24580882149033,120.06073894163463,120.87748207009456,183257000
2013-02-22,121.62208557128906,121.62208557128908,120.50107577366109,121.02954483934832,106356600
2013-02-25,119.30799102783203,122.3987891364713,119.30799102783203,122.21462585997686,245824800
2013-02-26,120.12474822998047,120.26887284167022,119.09180630716978,119.88452832573901,186596200
2013-02-27,121.63811492919922,121.97441790012046,119.91654917037215,120.02064731069001,150781900
2013-02-28,121.39788818359375,122.40679703945433,121.2377456662003,121.63009300110063,126866000
2013-03-01,121.79829406738281,121.98245741722594,120.43706385645108,120.98155105358566,170634800
2013-03-04,122.44682312011719,122.44682312011719,121.3258133956554,121.5179795095119,99010200
2013-03-05,123.54381561279297,123.87211569080434,123.02334941543054,123.03936733140647,121431900
2013-03-06,123.71199798583984,124.04830098021277,123.43975445012258,123.98424152155711,94469900
2013-03-07,123.93619537353516,124.09633790517323,123.72801130421486,123.87213591726153,86101400
2013-03-08,124.4647216796875,124.6328671223078,123.84015702804786,124.48073960406442,123477800
2013-03-11,124.93709564208984,124.94509849196632,124.21644817428196,124.36858784857486,83746800
2013-03-12,124.65685272216797,124.99316794869458,124.2805232412319,124.84903110616989,105755800
2013-03-13,124.83307647705078,125.0092370305099,124.29659196173407,124.72097541740399,92550900
2013-03-14,125.49762725830078,125.55368387362431,124.84103910423133,125.16132422064169,126329900
2013-03-15,125.33196258544922,125.50085587224807,124.91373018312271,125.34805175119499,138601100
2013-03-18,124.64028930664062,125.17915982967386,124.02098521855329,124.13358484616562,126704300
2013-03-19,124.3506851196289,125.07453776298647,123.53030979070614,124.9056445400051,167567300
2013-03-20,125.2193374633789,125.42844748572838,124.87348796870018,125.0826102634848,113759300
2013-03-21,124.14962768554688,125.17911311739006,123.94051767585306,124.47133728083497,128605000
2013-03-22,125.14695739746094,125.14695739746094,124.44721994767411,124.54374265217581,111163600
2013-03-25,124.62416076660156,125.68582458219672,124.14159634605066,125.47670228809973,151322300
2013-03-26,125.62145233154297,125.65361837680184,125.00214857652622,125.13887574563313,86856600
2013-03-27,125.62145233154297,125.66166909244085,124.66434987536229,124.87345985062595,99950600
2013-03-28,126.00752258300781,126.15230048653487,125.2675807217416,125.54103509542898,102932800
2013-04-01,125.50889587402344,126.20058267277608,125.20326311314028,125.94320513257203,99194100
2013-04-02,126.12818908691406,126.4418602670184,125.76625041780974,125.95928355650301,101504300
2013-04-03,124.84935760498047,126.29707538430331,124.51960955248502,126.20056495649341,154167400
2013-04-04,125.35607147216797,125.60539827801358,124.73676754406264,125.01022195870392,131885000
2013-04-05,124.79304504394531,124.94586137978727,123.67508775888876,123.8198533786761,159666000
2013-04-08,125.63755798339844,125.64559642766031,124.46329468216426,124.8815269600272,86571200
2013-04-09,126.07183837890625,126.53028731832379,125.45253468392211,125.8707668663402,101922200
2013-04-10,127.6161117553711,127.77696656845576,126.37751619494013,126.40968224858283,135711100
2013-04-11,128.03439331054688,128.45262580330618,127.51159962648767,127.64028843540441,110142500
2013-04-12,127.7205810546875,127.91360178260169,127.01280565919747,127.62405841830365,116359900
2013-04-15,124.76085662841797,127.18176565781536,124.74477974247573,127.0772045370307,217259000
2013-04-16,126.60272216796875,126.66706655113569,125.39629259656999,125.70191307606771,147507800
2013-04-17,124.75283813476562,125.72602987690387,124.08527908845217,125.70188999926624,226834800
2013-04-18,123.97270202636719,124.99414916445889,123.4981760079191,124.96197083671952,167583200
2013-04-19,125.05043029785156,125.10673622953487,123.95660044061495,124.2622331613301,149687600
2013-04-22,125.60540771484375,125.90298976063825,124.4633224804458,125.29173650449809,106553500
2013-04-23,126.90027618408203,127.02091420561237,125.60537490577778,126.2327171626026,166141300
2013-04-24,126.9807357788086,127.31853458086724,126.7072690864826,126.94051900589865,96781200
2013-04-25,127.49549865722656,128.09871352863527,127.15769980193024,127.35072070642072,131060600
2013-04-26,127.2702407836914,127.55978427946498,126.86004700576001,127.34262358952672,95918800
2013-04-29,128.12281799316406,128.40431085216676,127.4150420780748,127.61611366554918,88572800
2013-04-30,128.42843627929688,128.4606146053102,127.56785628119151,128.09868820849138,116010700
2013-05-01,127.3023910522461,128.21123818765284,127.15762545851625,128.14689383296263,138874200
2013-05-02,128.48471069335938,128.59731026191164,127.50348062207559,127.6241186339414,96407600
2013-05-03,129.7876739501953,130.19786781011507,128.50886170177026,129.60269154083167,144202300
2013-05-06,130.11744689941406,130.3024293267287,129.82790331766958,129.88420925388132,66882100
2013-05-07,130.7769775390625,130.81718204233994,130.0289847825738,130.39896193773407,90359200
2013-05-08,131.3721160888672,131.41233285675995,130.5597913761453,130.63217419489158,97419200
2013-05-09,131.00210571289062,131.66161384169033,130.67234551227563,131.3157767574577,106738600
2013-05-10,131.42840576171875,131.54100533443005,130.70454084648915,131.0906070435848,103203000
2013-05-13,131.53294372558594,131.75010440941412,130.95386902276408,131.25948939628051,81843200
2013-05-14,132.89218139648438,132.9887040683123,131.63749711460275,131.63749711460275,119000900
2013-05-15,133.60801696777344,133.87343288120306,132.6348375576314,132.67505432132074,120718500
2013-05-16,132.98074340820312,133.80111917592845,132.77967175833984,133.33463147555287,109913600
2013-05-17,134.267578125,134.34799940426063,133.2943861481821,133.47133014396718,129801000
2013-05-20,134.25950622558594,134.78229968427027,134.0021409911422,134.1388681895084,85071200
2013-05-21,134.45249938964844,134.95920353542596,133.91362920128998,134.38011658951777,95804200
2013-05-22,133.45523071289062,135.98070168164963,132.8439774932964,134.5892774334284,244031800
2013-05-23,133.06918334960938,133.43916049605073,131.85471529525267,132.03165928627638,211064400
2013-05-24,132.9565887451172,133.01289468639578,131.88688631275755,132.2809910843965,151573900
2013-05-28,133.75277709960938,134.9431170576447,133.35867250368608,134.34794094241124,143679800
2013-05-29,132.88417053222656,133.3506580135087,132.1763947299456,133.04502532208122,160363400
2013-05-30,133.37481689453125,133.98607014829025,132.8842016933442,132.98876285386433,107793800
2013-05-31,131.46060180664062,133.76086126472575,131.20323655561492,133.0048301301023,176850100
2013-06-03,132.18446350097656,132.27293548834567,130.8252176370493,131.76623117228306,168390700
2013-06-04,131.54905700683594,132.78766470364988,130.88149794704765,132.25683283358674,157631500
2013-06-05,129.7072296142578,131.43643991135318,129.59463004522507,131.17102401168333,211737800
2013-06-06,130.8815155029297,130.88956622086263,128.88688877286722,129.65095835790717,200225500
2013-06-07,132.54637145996094,132.66700948394143,131.21125338988577,131.78230200573896,188337800
2013-06-10,132.54637145996094,133.02893582831672,132.20052200382722,132.9565530139284,105667100
2013-06-11,131.17909240722656,132.33725429946998,130.88954886605714,131.33994720289084,159505400
2013-06-12,130.09335327148438,132.2166693347551,129.97271519442776,132.07994208994452,177361500
2013-06-13,132.0718536376953,132.30509125584354,129.7313776494265,130.02092119717557,163587800
2013-06-14,131.24339294433594,132.44178358783284,131.0262445450074,131.92704100203892,141197500
2013-06-17,132.25685119628906,132.8841935762158,131.27562085385264,132.13620087865027,136295600
2013-06-18,133.30238342285156,133.50345494904437,132.32115339323616,132.32919183620834,114695600
2013-06-19,131.46060180664062,133.42306246950935,131.4043081436558,133.1898248272537,206149500
2013-06-20,128.20326232910156,131.47671425286407,127.86546347406518,130.18181250567233,321255900
2013-06-21,128.6147918701172,129.17267553013664,127.32111963450116,129.07565443054594,271956800
2013-06-24,126.98958587646484,128.097284305656,125.91422369407614,127.27258046980873,222329000
2013-06-25,128.2104949951172,129.4475631150328,127.28066440776624,128.13771684772135,162262200
2013-06-26,129.4799041748047,129.77097976309526,128.7603023506101,129.26159439924407,134848000
2013-06-27,130.2399139404297,130.83823931073988,130.13479955902378,130.256088230808,129483700
2013-06-28,129.706298828125,130.49866648887388,129.25351730769705,129.87609806697102,160402900
2013-07-01,130.4663543701172,131.37191757846543,130.23996356803013,130.3854952247832,131954800
2013-07-02,130.3450927734375,131.2264008056196,129.77102238615043,130.27231459943295,154863700
2013-07-03,130.4016571044922,130.79784713910607,129.54460453000343,129.7548210155322,75216400
2013-07-05,131.80853271484375,131.85704326543544,130.41783935680832,131.36383210546504,122416900
2013-07-08,132.5604705810547,132.9162310676379,131.8570429245479,132.48770475535528,108092500
2013-07-09,133.51454162597656,133.67624755513282,132.81919502697033,133.39325292608072,119298000
2013-07-10,133.56312561035156,134.01590739589864,133.1103438248045,133.38524528926115,121410100
2013-07-11,135.38229370117188,135.5197443802285,133.55498062546627,135.11547332275362,135592200
2013-07-12,135.4388885498047,135.77847476591302,135.13165092801555,135.34186744159484,104212700
2013-07-15,135.95632934570312,136.15038386284738,135.57631362715287,135.8107977108736,69450600
2013-07-16,135.4469451904297,136.12611743873853,135.08310379579072,136.04525831220963,88702100
2013-07-17,135.79461669921875,136.2231429415137,135.61673648497887,135.96441593549173,92873900
2013-07-18,136.5384521484375,136.86187627637887,135.99673061367582,136.08567070668857,103620100
2013-07-19,136.78103637695312,136.82954691861752,136.08568982589847,136.25548905909457,103831700
2013-07-22,137.04788208007812,137.24193662005285,136.65169202081123,136.97511625410246,79428600
2013-07-23,136.75677490234375,137.31467078091757,136.6840090931481,137.29041551118567,80829700
2013-07-24,136.2555389404297,137.33898255880447,135.98062520807136,137.28237868122696,112914000
2013-07-25,136.5869903564453,136.70827905551036,135.7865416945249,136.01293246126718,111088600
2013-07-26,136.7325439453125,136.77297351451125,135.44696507145017,136.01294202811545,107814600
2013-07-29,136.31211853027344,136.6921343289419,135.92402175153458,136.38488436302933,79695000
2013-07-30,136.31211853027344,136.8700145894835,135.98870660422008,136.72448292397172,85209600
2013-07-31,136.40907287597656,137.33080990183575,136.2311927185856,136.59503400875187,142388700
2013-08-01,137.9857940673828,138.10707044419945,137.37129419185038,137.44407235531338,110438400
2013-08-02,138.22024536132812,138.23641965496478,137.49256253350433,137.67852372952663,91116700
2013-08-05,138.01809692382812,138.22832570926892,137.7351146672756,137.91299486847777,54072700
2013-08-06,137.2338409423828,138.05047632219237,136.92660334775812,137.75130736937328,87495000
2013-08-07,136.7891845703125,136.99132015148678,136.27981129516957,136.79727788948063,84854700
2013-08-08,137.29042053222656,137.59765807252364,136.58698067216474,137.43595215594036,102181300
2013-08-09,136.89425659179688,137.53301173926428,136.4172197290477,137.11256640626814,91757700
2013-08-12,136.7325439453125,136.8942498847351,136.14231171460247,136.20699655784597,68593300
2013-08-13,137.13677978515625,137.37125148656807,136.1665320601297,136.97507388721337,80806000
2013-08-14,136.4333953857422,137.29044801885593,136.40104679352672,137.07213820220727,79829200
2013-08-15,134.52529907226562,135.37425878933522,134.29081484883622,135.35809682297236,152931800
2013-08-16,134.08055114746094,134.7273873587312,133.8137307476604,134.2665123943372,130868200
2013-08-19,133.2234649658203,134.38776738633948,133.21537165013493,133.92689253764587,96437600
2013-08-20,133.8783721923828,134.37966423332009,133.2962210247399,133.44175264796533,89294400
2013-08-21,133.05369567871094,134.24225363914192,132.75453902791344,133.50647731366098,159530500
2013-08-22,134.26646423339844,134.46051872838518,133.3204717029071,133.3285526803511,101471400
2013-08-23,134.71925354003906,134.889052775183,134.03200029629187,134.66266201990499,90888900
2013-08-26,134.21800231933594,135.26910962425146,134.12906218574983,134.85674521518192,89702100
2013-08-27,132.0592041015625,134.21801037836806,131.9621829817792,132.8920016127033,158619400
2013-08-28,132.52809143066406,132.99704716233754,131.83274497850945,132.00253185018582,108113000
2013-08-29,132.7383575439453,133.44178523606163,132.1157766609078,132.23706538058644,119200500
2013-08-30,132.31787109375,133.0293918819482,131.92977445353725,133.0132175902065,134928900
2013-09-03,132.91624450683594,133.87841164627838,132.35834844531894,133.5954169567809,142375100
2013-09-04,134.01585388183594,134.24224468420903,132.70601961990963,132.9485723814712,97389400
2013-09-05,134.1856689453125,134.5414171499305,133.99969535639585,134.09672880981427,63090500
2013-09-06,134.25030517578125,135.01033661234786,132.98898165865862,134.63032089406454,159756500
2013-09-09,135.53590393066406,135.61675073093875,134.58181792339377,134.58181792339377,87559300
2013-09-10,136.5384521484375,136.56270741586198,136.04524114852478,136.35249098572683,105847200
2013-09-11,136.96702575683594,136.96702575683594,136.11806642823174,136.35253820699305,94545900
2013-09-12,136.60316467285156,137.09637577277198,136.4172034724338,136.91849555067796,83209000
2013-09-13,136.9104461669922,137.01556059631525,136.43340925100554,136.74874020160044,72727800
2013-09-16,137.70277404785156,138.4547244577668,137.48446427240899,138.3900396229182,106299200
2013-09-17,138.31735229492188,138.3496885620092,137.82414094454057,137.82414094454057,82523300
2013-09-18,139.91819763183594,140.29821336443246,137.92109787538087,138.26876501857188,203460600
2013-09-19,139.68373107910156,140.36291583080802,139.54628040029897,140.29823098124675,146616900
2013-09-20,138.70718383789062,140.01528276620803,138.5934366440158,140.01528276620803,132867100
2013-09-23,138.06527709960938,138.65026604995964,137.62654158560213,138.52027814794585,104616500
2013-09-24,137.74024963378906,138.55273267882882,137.4802615060802,138.0408643932514,106333100
2013-09-25,137.34214782714844,138.10588398068086,137.22028031222695,137.8296426818527,117306500
2013-09-26,137.87025451660156,138.26024291998758,137.35026584625095,137.56963974706525,77146900
2013-09-27,137.2365264892578,137.4233941351669,136.87903193359975,137.17964672017197,99141800
2013-09-30,136.5052947998047,136.93590989400678,135.80655876812608,136.0746797056026,143937000
2013-10-01,137.58590698242188,137.71590727442555,136.47280892622712,136.61092958741472,127160000
2013-10-02,137.45590209960938,137.58590238727126,136.35905721592553,136.7815519520717,113350000
2013-10-03,136.18838500976562,137.26086843014,135.55464931500103,137.13898855191252,176698000
2013-10-04,137.22027587890625,137.35839652385792,136.11529832178417,136.29404560290016,96878000
2013-10-07,136.03402709960938,136.86276325747542,135.887786105725,136.02590673245152,96295000
2013-10-08,134.44967651367188,136.1883895491219,134.35218252584482,136.00964230643496,178015000
2013-10-09,134.5472412109375,135.03472375885067,133.67787811768292,134.70973539357522,168973000
2013-10-10,137.44778442382812,137.52090493800446,135.87156499819562,135.92031200764652,195955000
2013-10-11,138.33340454101562,138.38216395375207,137.12281233789133,137.23655950592004,105040000
2013-10-14,138.8858642578125,138.99961139686238,137.3746451832879,137.4802719543729,112106000
2013-10-15,137.87838745117188,139.05648553383554,137.69151979882056,138.53649681609045,155485000
2013-10-16,139.80397033691406,139.87709083913606,138.64211307907408,138.70711321355188,161676000
2013-10-17,140.7383575439453,140.81961083256078,139.21088498005525,139.23525848713763,129389000
2013-10-18,141.6889190673828,141.78641306650644,140.9739300137896,141.25830404124352,138316000
2013-10-21,141.69703674316406,141.98141076521605,141.38016885452396,141.73766337452966,104104000
2013-10-22,142.51763916015625,142.94012137365925,141.72139693219563,142.11139767966839,126663000
2013-10-23,141.83522033691406,142.0952085548328,141.33960501157253,142.0302084009752,105484000
2013-10-24,142.3064422607422,142.48518957505718,141.78645345478344,142.11957457668964,70350000
2013-10-25,142.95640563964844,142.9970322760468,142.32266978386212,142.5989110753569,93625000
2013-10-28,143.1838836669922,143.37888406105546,142.75326864458808,142.90764240686642,84979000
2013-10-29,143.94760131835938,144.0044810750911,143.30574524920715,143.50886598466752,87401000
2013-10-30,143.232666015625,144.2238965677755,142.7208100008335,144.11828217607817,140002000
2013-10-31,142.82643127441406,143.72016784728874,142.61519008333053,143.11892575303568,133795000
2013-11-01,143.1676788330078,143.49266717376662,142.36331595299055,143.01330503201868,142805000
2013-11-04,143.67138671875,143.72825408851455,142.98077113119734,143.55763958171278,85677000
2013-11-05,143.2164306640625,143.60641916559953,142.64769484983955,143.11080387088148,85825000
2013-11-06,143.94760131835938,144.21572217686779,143.43573309779737,143.8338542024018,87348000
2013-11-07,142.12762451171875,144.32945857551263,141.98950390956264,144.21571146800144,157000000
2013-11-08,144.04515075683594,144.06140389323133,142.06270202946982,142.0789427683546,136713000
2013-11-11,144.06954956054688,144.24016411668862,143.73642842092124,143.90704297706296,62614000
2013-11-12,143.77696228027344,144.10195044248664,143.29758800437898,143.76070915291166,83990000
2013-11-13,144.93075561523438,144.97136985678716,143.0701621647582,143.0701621647582,103844000
2013-11-14,145.6538543701172,145.77572188076743,144.82511810516945,145.06073275826282,103435000
2013-11-15,146.28761291503906,146.34448029632847,145.70262397814747,145.88949165597072,102818000
2013-11-18,145.77572631835938,146.65320961427886,145.4507380150599,146.53134209991885,104796000
2013-11-19,145.4588623046875,146.14134519851973,145.20699450321436,145.70260973748742,93891000
2013-11-20,145.00384521484375,146.1900634785246,144.60572407291963,145.75132810370593,124909000
2013-11-21,146.173828125,146.28757525580718,145.32071844519237,145.41009207636284,92841000
2013-11-22,146.90509033203125,146.9213434678787,146.0601132306155,146.23072776572832,81296000
2013-11-25,146.75881958007812,147.1975549790249,146.54756604937498,147.16506111142084,79486000
2013-11-26,146.79945373535156,147.2382015913425,146.58009220486548,146.83196000487428,86994000
2013-11-27,147.15695190429688,147.25445831773385,146.775083811902,146.9538311061085,58800000
2013-11-29,147.05941772460938,147.66877995275001,146.8969236099398,147.31941822608573,55870900
2013-12-02,146.67758178710938,147.4088116616571,146.4500874973608,147.13257036660653,99726000
2013-12-03,146.04383850097656,146.56382719361935,145.57259681115835,146.19821227492662,116563000
2013-12-04,146.027587890625,146.63695023147764,144.90636961376197,145.5157319546146,123033000
2013-12-05,145.38572692871094,146.03571588388087,145.2476062903324,145.76759497496673,106934000
2013-12-06,147.01072692871094,147.1488475988557,146.36885819376124,146.79135297141704,127728000
2013-12-09,147.3843994140625,147.6037732777606,147.18941144411372,147.44127917030139,70124000
2013-12-10,146.8563232421875,147.35193843893285,146.76694960351185,147.04319088759718,80976000
2013-12-11,145.2069854736328,146.9375785016363,145.02823819386208,146.91320499962288,130591000
2013-12-12,144.7276611328125,145.3207704989363,144.42703386709616,145.1420231725683,115565000
2013-12-13,144.71133422851562,145.15820231664588,144.43509300949168,145.02820207327972,107808000
2013-12-16,145.61326599121094,146.09262818905688,145.35326537016854,145.39389201689542,96195000
2013-12-17,145.15008544921875,145.76758047408077,144.82509720271753,145.74320697546852,89886000
2013-12-18,147.628173828125,147.65254732883525,144.06950635184043,145.3694718472498,234906000
2013-12-19,147.4575958251953,147.62821037240144,146.82385985483612,147.20571559299162,136531200
2013-12-20,148.3153076171875,148.66657860171725,147.50659034397893,147.6046136583518,197087000
2013-12-23,149.10768127441406,149.1975401253316,148.73191696316965,149.04232824967266,85598000
2013-12-24,149.4344482421875,149.49980127318668,149.10769555200767,149.11586000657653,45368800
2013-12-26,150.19419860839844,150.27589303091347,149.75308113534612,149.76941004799409,63365000
2013-12-27,150.18597412109375,150.45553818504428,150.03076225924633,150.39019763093216,61814000
2013-12-30,150.16146850585938,150.32484482099446,149.96540944880894,150.20230323603275,56857000
2013-12-31,150.87222290039062,150.87222290039062,150.25137520289695,150.36575238070375,86119900
2014-01-02,149.42630004882812,150.36573594875676,149.06686457162533,150.29220599037075,119636900
2014-01-03,149.40174865722656,149.98174890308,149.18936069674652,149.67948963588822,81390600
2014-01-06,148.96881103515625,149.94908147838473,148.74008168056343,149.891905372144,108028200
2014-01-07,149.8837890625,150.13702434571394,149.4508360044594,149.56520072800183,86144200
2014-01-08,149.91639709472656,150.16963225171543,149.40174986290154,149.859208529051,96582300
2014-01-09,150.01443481445312,150.41471741822843,149.32824674925118,150.3983760457765,90683400
2014-01-10,150.4228973388672,150.48825037057975,149.4998029050498,150.2676854466519,102026400
2014-01-13,148.42149353027344,150.4555518961481,148.13557560451824,150.03894038544468,149892000
2014-01-14,150.03897094726562,150.12066536121193,148.6339117881483,148.91165285185772,105016100
2014-01-15,150.84768676757812,151.07641614761195,150.07163976640504,150.39022800751047,98525800
2014-01-16,150.6515655517578,150.847624567294,150.16960116147732,150.53720090889783,72290600
2014-01-17,150.01443481445312,150.67611705338467,149.75303517929692,150.390211591958,107848700
2014-01-21,150.45559692382812,150.93757406847212,149.532514775055,150.88038548027995,88621200
2014-01-22,150.55360412597656,150.7741690509646,150.23501588535663,150.7088160189379,61270900
2014-01-23,149.32009887695312,149.81840488274258,148.52772289871487,149.79389905170518,132496900
2014-01-24,146.13418579101562,148.3969859496316,146.0851741391376,148.34797429775358,208677100
2014-01-27,145.41531372070312,146.6488317846636,144.68827847296038,146.27305501552235,180843100
2014-01-28,146.28126525878906,146.4691474537544,145.50520571798495,145.52154709379596,110463200
2014-01-29,144.8761749267578,145.85644536263047,144.492233699112,145.06405708130313,216597300
2014-01-30,146.4119873046875,146.88578757668083,145.61959869900448,146.0852345139155,118938100
2014-01-31,145.55416870117188,146.46092155075527,144.52488673602858,144.59840420536452,194677900
2014-02-03,142.27842712402344,145.70937944648918,142.00068615432966,145.38262683094513,254837100
2014-02-04,143.2750244140625,143.64262418582837,142.22940119157587,142.91558909418046,165012400
2014-02-05,143.0953826904297,143.41397099033338,141.9027239122543,142.776794390526,164230500
2014-02-06,144.98240661621094,144.98240661621094,143.1362298614881,143.43031232784222,132877600
2014-02-07,146.7794952392578,146.93470708020084,145.1865545700229,145.66035454481292,170787200
2014-02-10,147.04913330078125,147.09815742750965,146.39562785554446,146.7958980710294,92218800
2014-02-11,148.6584014892578,149.03417830189278,147.0736247632681,147.17166054232985,117814100
2014-02-12,148.73191833496094,149.35275337850797,148.4378359533197,148.87895329337402,94717700
2014-02-13,149.49978637695312,149.6549982520088,147.71896320272782,147.72712765648316,100542200
2014-02-14,150.32485961914062,150.6026006286928,149.22204756999244,149.36091807476853,96498400
2014-02-18,150.5045928955078,150.70881644686497,150.02261584104448,150.45556877273634,80460900
2014-02-19,149.50799560546875,151.0845955931932,149.38545398376704,150.1124893991872,126524300
2014-02-20,150.3902130126953,150.7333070485375,149.16487182833814,149.71218939490655,104998100
2014-02-21,150.2186737060547,151.03556790478572,150.1451562197248,150.67613246297347,118116400
2014-02-24,151.0518798828125,152.0648205146289,150.47187963006775,150.53723264902587,114063900
2014-02-25,150.99473571777344,151.60740642774962,150.49642970840011,151.17445345655184,117085000
2014-02-26,151.00289916992188,151.6155698252532,150.57811069207688,151.21528717643616,98677200
2014-02-27,151.7952423095703,151.83607703590295,150.61073609041975,150.78228930730498,93880800
2014-02-28,152.17919921875,152.88172865633456,151.16625849349902,151.77075216119655,150842000
2014-03-03,151.10903930664062,151.49298046013706,150.10426323878158,150.83946280749552,167748500
2014-03-04,153.2330322265625,153.5597849562358,152.55500847091366,152.58767875795394,167545900
2014-03-05,153.37185668945312,153.63326876652187,153.1267859834047,153.36369223634995,88376900
2014-03-06,153.72314453125,154.07441551885933,153.396391837265,153.74766282487434,82516500
2014-03-07,153.7884979248047,154.3603338378481,153.1104742416153,154.3603338378481,114513500
2014-03-10,153.70684814453125,153.7640242689091,152.8246007263188,153.55163621936163,74939200
2014-03-11,152.9470672607422,154.15607941177578,152.59580880747572,153.93551453134464,99009100
2014-03-12,152.9878692626953,153.04505781157837,151.86055183440763,152.20365819808572,104824400
2014-03-13,151.27249145507812,153.56797507490114,150.8477153629593,153.44543344212866,155014300
2014-03-14,150.84768676757812,151.7789456619491,150.66796904543492,151.00289866077603,153919600
2014-03-17,152.21189880371094,152.57133424849474,151.54203957210174,151.60739260431848,98359500
2014-03-18,153.29835510253906,153.50257863460635,152.35891937614045,152.52230817364642,101804600
2014-03-19,152.4814910888672,153.52711478237373,151.5093848898687,153.3147142895936,176267300
2014-03-20,153.37185668945312,153.48622135696723,151.87693909385283,152.14651562402474,117241000
2014-03-21,152.7770233154297,155.0908382014826,152.63753988553597,154.01598572654908,163128000
2014-03-24,152.14523315429688,153.4908645026153,151.48063048873925,153.30214058240176,121411000
2014-03-25,152.8672637939453,153.38418249865455,152.01394980060903,152.9164917620454,103852000
2014-03-26,151.767822265625,153.71240244263726,151.7267947788875,153.46625004204338,119843000
2014-03-27,151.44778442382812,152.071359475799,150.88983830799938,151.5872678228284,142383000
2014-03-28,152.1944580078125,152.9575165395401,151.79240874238346,151.88266418891533,101642000
2014-03-31,153.441650390625,153.6796023240366,152.21911380250668,153.16268348647486,99745000
2014-04-01,154.4590301513672,154.54928559673752,153.43340578117218,153.9421114624437,89193000
2014-04-02,154.97598266601562,155.18110758482607,154.36880839919738,154.6559882934646,78774000
2014-04-03,154.77085876464844,155.2549505714639,154.29496744749997,155.2139230834658,77435000
2014-04-04,152.9411163330078,155.6487674444046,152.694976475469,155.61595297000943,169381000
2014-04-07,151.25086975097656,152.82622723574596,150.93908846492,152.57187440245178,140803000
2014-04-08,151.87449645996094,152.1206363492043,150.63553392488856,151.18526721058473,112660000
2014-04-09,153.50723266601562,153.5564606277812,151.8416198538669,152.2846965494121,100254000
2014-04-10,150.28271484375,153.57291384433287,150.09399091506387,153.4990718825848,172959000
2014-04-11,148.92884826660156,150.49600519565004,148.76475088320694,149.44576691813106,167251000
2014-04-14,150.1021728515625,150.45498160898939,148.87142366454717,150.09395984429239,132382000
2014-04-15,151.135986328125,151.24265525601245,148.92884094841452,150.41395537270284,157093000
2014-04-16,152.71958923339844,152.7277897219738,151.50524085343008,152.17805651150687,105197000
2014-04-17,152.9329071044922,153.3595703662263,152.25189099128386,152.51445685076,105255000
2014-04-21,153.46621704101562,153.51545752641078,152.78521349090542,152.97392486552047,68329000
2014-04-22,154.16363525390625,154.58208545023788,153.54006020293266,153.6221026328929,85790000
2014-04-23,153.80267333984375,154.18830921817928,153.67960338711217,154.10626675630238,73869000
2014-04-24,154.1144256591797,154.57390338516535,153.37596858256353,154.55748988928613,88170000
2014-04-25,152.85084533691406,153.7041718223832,152.50623705156914,153.61391637718603,100380000
2014-04-28,153.3349609375,153.99956357427928,151.7596032933266,153.4744443595548,135121000
2014-04-29,154.0487823486328,154.2867216967981,153.49904918164566,153.82724397632103,84098000
2014-04-30,154.50827026367188,154.664167183369,153.5811017537868,153.794439652248,101508000
2014-05-01,154.52468872070312,154.94313900293054,154.03238396057552,154.43443326534074,93019000
2014-05-02,154.30316162109375,155.18930274228774,154.07342272150618,154.50828653285632,98122000
2014-05-05,154.59852600097656,154.7051949504037,153.12162428511147,153.5482875629902,75883000
2014-05-06,153.25289916992188,154.36057852859523,153.22008469788395,154.2539095847711,85454000
2014-05-07,154.15545654296875,154.2292984963122,152.62111390002192,153.7698207601805,106500000
2014-05-08,153.99131774902344,155.11541041398277,153.49902563253553,154.01594424868347,93618000
2014-05-09,154.2211151123047,154.28674406489137,153.29394652917634,154.01599020593687,83679000
2014-05-12,155.72262573242188,155.79648021725868,154.2539368424878,154.91033907769867,86940000
2014-05-13,155.8621063232422,156.23952912038476,155.70620939927153,155.92773527244344,66454000
2014-05-14,155.1235809326172,155.7963963042791,154.90204263709137,155.7225418592208,72367000
2014-05-15,153.76165771484375,154.84472346179209,153.00679940022826,154.8118964586421,154956000
2014-05-16,154.29498291015625,154.36062439356513,153.20371672316992,153.8519060271044,97458000
2014-05-19,154.86114501953125,154.98421498816253,153.86013420855002,153.99961767961017,63839000
2014-05-20,153.88467407226562,154.80362944825333,153.49083784253202,154.78721595373128,111644000
2014-05-21,155.1811065673828,155.25494853291087,154.3031659111112,154.32777989962057,89093000
2014-05-22,155.55853271484375,155.8785270921065,154.95957144865068,155.22212483828164,61549000
2014-05-23,156.18212890625,156.288785357864,155.55854109758818,155.69802454956982,61092800
2014-05-27,157.14205932617188,157.19128729036171,156.67436862671207,156.7646240676695,72010000
2014-05-28,157.02720642089844,157.38822822270427,156.76464055782895,157.14207585603398,66723000
2014-05-29,157.8395233154297,157.86413730484824,156.9862091359785,157.38825849620144,64377000
2014-05-30,158.0938262939453,158.1922947403555,157.56050666518738,157.6917895805157,76316000
2014-06-02,158.27438354492188,158.3482380313249,157.511324850687,158.31541103296098,64656000
2014-06-03,158.19232177734375,158.27436422357508,157.74104450366633,157.88872841878074,65047000
2014-06-04,158.51229858398438,158.60255402873887,157.7574405550509,157.92153794919665,55529000
2014-06-05,159.54612731933594,159.7102247174769,158.11025317590173,158.6928133371055,92103000
2014-06-06,160.3092041015625,160.3502190626913,159.81689936972282,159.89074132354995,78696000
2014-06-09,160.47328186035156,160.8589175984561,160.13687408543862,160.28457049484123,65119000
2014-06-10,160.48976135253906,160.52257583488506,159.93181499399313,160.2764233978746,57129000
2014-06-11,159.93179321289062,160.09589064193818,159.5707713570872,159.91537971403648,68772000
2014-06-12,158.7994842529297,159.83332174324667,158.4466754407187,159.74306628805758,106350000
2014-06-13,159.2835693359375,159.4394662415601,158.60255325969743,159.11125893503132,82017000
2014-06-16,159.4148712158203,159.75127907650165,158.89796495069373,159.08667636431673,87424000
2014-06-17,159.85791015625,159.97277957903918,159.0209972074556,159.1933076015534,84834000
2014-06-18,161.03115844726562,161.1214138544327,159.50502952960127,159.85785067391737,105267000
2014-06-19,161.2117462158203,161.31021467416673,160.65381253778483,161.17071873482843,85929000
2014-06-20,161.5390167236328,161.67092870652186,161.34114874929926,161.61321249657573,100587000
2014-06-23,161.4895782470703,161.6297300334774,161.19278252884914,161.58026617707736,70611000
2014-06-24,160.51673889160156,162.00071744523197,160.3353630361678,161.2010182407706,96237000
2014-06-25,161.24220275878906,161.40708642878442,160.14570811258426,160.17867981465625,82782000
2014-06-26,161.12689208984375,161.28353608539655,160.046888852918,161.26704393327884,84312000
2014-06-27,161.44015502929688,161.48961889814822,160.67342732262836,160.7476231259054,71445100
2014-06-30,161.35768127441406,161.72867281179424,161.2010373280081,161.34118912747073,70201200
2014-07-01,162.4376678466797,162.9323315666852,161.69568484649236,161.75338848526113,90470000
2014-07-02,162.60252380371094,162.808631555227,162.37993648954313,162.4541322609324,52475000
2014-07-03,163.4022216796875,163.47641745052903,162.94054233247078,163.06420195054002,52938800
2014-07-07,162.8333740234375,163.22085762776504,162.59429455131735,163.08895821891582,61696000
2014-07-08,161.78639221191406,162.59433131048465,161.3906561564398,162.53661508496123,108143000
2014-07-09,162.5119171142578,162.66032131102847,161.8441296783527,162.19038936438406,72992000
2014-07-10,161.86878967285156,162.29749734208826,160.8135189330531,160.94543092048278,99040000
2014-07-11,162.0914306640625,162.20685053736378,161.40715120812538,161.76990297559303,64243000
2014-07-14,162.9076385498047,163.12198617043367,162.7757265156527,162.91587833450518,58658000
2014-07-15,162.60252380371094,163.31978733326366,161.88527285397703,163.0064995254172,111307000
2014-07-16,163.20440673828125,163.45172603571368,162.7592068432592,163.32806638699745,79986400
2014-07-17,161.3494110107422,163.31980077420278,161.11855873661213,162.70147746876762,145398000
2014-07-18,162.99830627441406,163.1631900067317,161.78639134315466,161.87707928290274,124330000
2014-07-21,162.69322204589844,162.82513403439947,161.94298676359588,162.48711428129792,67592000
2014-07-22,163.4022216796875,163.69901734287237,163.1301579401165,163.24557777692067,67678000
2014-07-23,163.7650146484375,163.93815073723331,163.31982733125406,163.64959478251424,65612000
2014-07-24,163.77330017089844,164.11132007972762,163.6084163992191,163.92170437128763,56888000
2014-07-25,163.00657653808594,163.45176395656975,162.68504879700743,163.31161212890217,76837000
2014-07-28,163.0724639892578,163.31154345831953,162.09962881004446,163.03947970260273,69259000
2014-07-29,162.3717041015625,163.6083507627775,162.34697217472385,163.37751105906966,80466000
2014-07-30,162.39645385742188,163.16318141305848,161.72042681657862,162.94882125049554,104222000
2014-07-31,159.18943786621094,161.4071600922596,159.09051013502832,161.26700827980977,183479000
2014-08-01,158.70301818847656,159.74179705151948,157.93630315190688,158.75248205150393,189261000
2014-08-04,159.84896850585938,160.18698832471603,158.33201808246338,159.00804514035465,91340000
2014-08-05,158.2989959716797,159.60985085704223,157.72189677236673,159.19763534613026,152690000
2014-08-06,158.3484649658203,159.02449183047162,157.53227376379866,157.55700568690673,94818000
2014-08-07,157.49110412597656,159.22241482077519,157.09538063967105,159.06577086707725,135733000
2014-08-08,159.31312561035156,159.4202931362851,157.42517069110568,157.84563874918797,117014000
2014-08-11,159.77479553222656,160.4838069848209,159.7005997310981,159.91494734985494,74544000
2014-08-12,159.55215454101562,160.06329781273644,159.06574319664773,159.61811054056358,73632000
2014-08-13,160.63214111328125,160.81351694880422,159.9066503510087,160.1787015244738,69047000
2014-08-14,161.39065551757812,161.39065551757812,160.74760015475607,160.8960043199271,57371000
2014-08-15,161.35768127441406,162.1243962796783,160.19523022144352,161.97600469665514,139951000
2014-08-18,162.70973205566406,162.78392783991055,162.15736469546067,162.24805262503563,75424000
2014-08-19,163.5588836669922,163.68254329873432,162.77567664637837,163.10544405090417,59135000
2014-08-20,163.99583435058594,164.1937023450685,163.3033152396275,163.33628694879775,72763000
2014-08-21,164.4740447998047,164.6883924096545,164.00411291920435,164.13602494672267,67791000
2014-08-22,164.2184600830078,164.63067570143804,163.84746854238506,164.34211973660794,76107000
2014-08-25,165.05113220214844,165.37265988347136,164.18547688171833,165.00166834037913,63855000
2014-08-26,165.1582794189453,165.56225517603164,165.11705534906795,165.1582794189453,47298000
2014-08-27,165.0923309326172,165.35615492797692,164.83675929950027,165.24072249514165,47874000
2014-08-28,165.00172424316406,165.10890436652528,164.3834006019141,164.54828439028208,58330000
2014-08-29,165.4715576171875,165.48803718032275,164.73781450345516,165.25719749823747,65907000
2014-09-02,165.3890838623047,165.7106114111037,164.7707606853976,165.6858794904128,72426000
2014-09-03,165.29847717285156,166.04871268192088,165.06763741311076,166.0239807490789,57462000
2014-09-04,165.05935668945312,166.188823275176,164.6059170667767,165.57873973013676,85236000
2014-09-05,165.80136108398438,165.86731709033822,164.39983054347547,165.0263937341041,102177000
2014-09-08,165.37265014648438,165.88380604092313,164.88623876129574,165.6447139500191,64146000
2014-09-09,164.3256072998047,165.3396539959562,163.98758754114758,165.2242341490757,88591000
2014-09-10,164.9439239501953,165.05109143094865,163.8721610839268,164.4162760088034,67251000
2014-09-11,165.13357543945312,165.1583073696011,164.16074006095258,164.2844122915144,66774400
2014-09-12,164.16900634765625,164.98518527140445,163.69907447534524,164.96870570312285,117409300
2014-09-15,164.0452880859375,164.32560420578633,163.55063699997172,164.19369221760095,76401000
2014-09-16,165.28195190429688,165.57874761875064,163.64958176471157,163.74026969356748,116201000
2014-09-17,165.50454711914062,166.2712620214036,164.6801160002408,165.52103926386837,151266000
2014-09-18,166.38671875,166.41145068079265,165.79312725133192,166.0074748448089,94990000
2014-09-19,166.23680114746094,167.23074064469938,165.89720125566132,166.91600093106018,121649000
2014-09-22,164.95291137695312,165.97171077157387,164.60503328072517,165.94686323888777,125553000
2014-09-23,164.0087127685547,165.04406904676324,163.95901768938091,164.3565909613976,111393000
2014-09-24,165.29251098632812,165.40019205359337,163.60281557249078,164.033514564306,107276000
2014-09-25,162.6254425048828,164.8700999830026,162.5674691381484,164.86180904588076,150300000
2014-09-26,163.91761779785156,164.3234820506283,162.69175937697614,162.92367819609777,103547000
2014-09-29,163.619384765625,163.90928952044843,162.3852484198669,162.50948609272044,95112000
2014-09-30,163.18870544433594,164.24890917610992,162.8491055793672,163.74365484779378,131302000
2014-10-01,160.9771728515625,162.981620761563,160.61272547908524,162.92363475293052,177798000
2014-10-02,161.00201416015625,161.56524179501992,159.3205969155868,160.83634707825624,157285000
2014-10-03,162.7745819091797,163.12246011428044,161.58184941247606,162.07881286035132,121569000
2014-10-06,162.5840301513672,163.66909393803496,161.99595497643267,163.4537317849964,104778000
2014-10-07,160.0743408203125,162.11192730654156,160.04121498414924,161.74747991562052,147913000
2014-10-08,162.87393188476562,163.10585063094425,159.32887374903632,160.1654368949933,186461000
2014-10-09,159.64364624023438,162.8408266613375,159.51111761460953,162.61718618542378,210705000
2014-10-10,157.82142639160156,160.39739337858137,157.78002225038986,159.60224681564085,221909000
2014-10-13,155.22889709472656,158.3266749501381,155.1377852378835,157.7551689084421,230939000
2014-10-14,155.46905517578125,157.2250275544426,154.92238417189736,156.06542124572312,215847000
2014-10-15,154.41714477539062,155.46079181739472,150.68158450044368,153.36523207308002,380715000
2014-10-16,154.28460693359375,155.36965795509892,151.48500037957461,151.62580727318908,270391000
2014-10-17,156.1068572998047,157.16706096876752,155.40281007400725,156.06544052676517,214625000
2014-10-20,157.62266540527344,157.74690312140189,155.77559307326996,155.82528815972134,130011000
2014-10-21,160.7452392578125,160.85290768892546,158.59997199302978,158.76562642742323,154949000
2014-10-22,159.6022186279297,161.4410121080879,159.5359543196166,161.02686966009955,151822000
2014-10-23,161.45751953125,162.50944456757156,160.90257033660086,161.20075331388017,154944000
2014-10-24,162.70001220703125,162.74971992217064,161.09314996571214,161.7226419992611,117927000
2014-10-27,162.47637939453125,162.71657646987765,161.54041335339184,162.12021029269818,82954000
2014-10-28,164.34002685546875,164.34830515541086,162.94850150902064,163.0230567630029,106736000
2014-10-29,164.09153747558594,164.92810075335086,163.0064861767285,164.45598488803822,142557000
2014-10-30,165.1434326171875,165.6155483958231,163.50341956224673,163.65251740297927,113330000
2014-10-31,167.03187561035156,167.16440417973232,166.29470282127372,167.13126571807712,146903000
2014-11-03,167.12306213378906,167.6862898475163,166.7420454861422,167.24729982398605,93600000
2014-11-04,166.54327392578125,166.9822639723596,165.7066979724469,166.67578992274025,93343000
2014-11-05,167.5951690673828,167.80224029909755,166.85799598802328,167.76082352502962,91709000
2014-11-06,168.26605224609375,168.35716407973698,167.01534674664867,167.6365603473189,107089000
2014-11-07,168.4234619140625,168.63882409389285,167.81881742783804,168.28265498651027,89540000
2014-11-10,168.95355224609375,169.00324731846763,168.24951765642234,168.45658888373006,66319000
2014-11-11,169.11917114257812,169.2268522024979,168.68018124407425,169.01978101872731,54499400
2014-11-12,168.93704223632812,169.1689610637802,168.39864931367794,168.4317877968158,90120300
2014-11-13,169.1274871826172,169.65758898620922,168.31577156056588,169.1026396479663,85357900
2014-11-14,169.16891479492188,169.37598602269927,168.73820310232998,169.05295541291153,80417500
2014-11-17,169.27658081054688,169.45052620037922,168.68021467201388,168.8458817627588,80441000
2014-11-18,170.2539825439453,170.56044394646412,169.33458569776295,169.33458569776295,76068100
2014-11-19,169.98062133789062,170.25395686050857,169.2186007772394,170.05516394261625,82373000
2014-11-20,170.27882385253906,170.38650494186308,169.11921732359926,169.18548163713515,72840300
2014-11-21,171.1898651123047,172.15067833798443,170.61006838598783,171.98502393598258,142327300
2014-11-24,171.6703643798828,171.77804548668152,171.3804721795728,171.5958217545426,65880800
2014-11-25,171.5460968017578,172.10932450220824,171.28933048898628,171.90225326434404,79108300
2014-11-26,171.9850311279297,172.08442124556288,171.4797769655922,171.69512643333786,62167800
2014-11-28,171.6206512451172,172.1756006842147,171.38045415363143,171.86086097522917,57890100
2014-12-01,170.4279327392578,171.0739940876425,170.1131930045494,170.9580346825126,103968400
2014-12-02,171.52952575683594,171.73659699251863,170.4444745040387,170.4693220412306,74507200
2014-12-03,172.192138671875,172.40748818511017,171.5377991948679,171.70345363878909,68952000
2014-12-04,172.0016632080078,172.5069175549599,171.20650406053574,171.90226041543264,91316600
2014-12-05,172.2832794189453,172.67257437872243,171.9105536979276,172.17559832494814,91025500
2014-12-08,171.13192749023438,172.38263302090147,170.56868723948224,171.88566971113318,108588200
2014-12-09,171.01597595214844,171.12365702824317,168.8955687340071,169.2765726917479,125180100
2014-12-10,168.2743682861328,170.61012520101906,168.08385365369753,170.55215182839197,159856400
2014-12-11,169.1274871826172,170.78405689867026,168.72991398957916,168.8707208988088,159012800
2014-12-12,166.3941650390625,168.82104654292982,166.36103920167162,167.84366371845454,202330200
2014-12-15,165.25115966796875,167.75258426807463,164.64651506945285,167.29702492455118,189965800
2014-12-16,163.92584228515625,167.64483282329329,163.8844255188253,164.48079156584743,259543800
2014-12-17,167.13961791992188,167.59517717946972,164.24062053559555,164.36487086381345,253910100
2014-12-18,171.27276611328125,176.3998521305279,168.90387057932097,169.58307032533702,257633900
2014-12-19,172.0015411376953,172.67615292112376,171.2436386145225,171.92657438857233,245084600
2014-12-22,172.792724609375,172.792724609375,171.95154418979698,172.19306696289422,148318900
2014-12-23,173.0259246826172,173.42569221379,172.73441984649037,173.37572286094098,122167900
2014-12-24,173.0425567626953,173.51727824466178,173.00091140607896,173.25077083739853,42963400
2014-12-26,173.60055541992188,173.94202952581668,173.44231070214735,173.49228004283876,57326700
2014-12-29,173.83375549316406,174.04196955324034,173.35069734878172,173.41732737301146,79643900
2014-12-30,172.9009552001953,173.54224533527912,172.82598848252934,173.40899799933615,73540800
2014-12-31,171.185302734375,173.39237986929945,171.06037935490286,173.2258111272098,130333800
2015-01-02,171.09373474121094,172.30138704499535,170.05266393338567,171.88495872186525,121465900
2015-01-05,168.00381469726562,170.21087934548927,167.69566185802958,170.0443105866693,169632600
2015-01-06,166.42138671875,168.83666540976597,165.6218389120989,168.31196176451428,209151400
2015-01-07,168.49517822265625,168.83665240066395,167.30419965674,167.75393652631627,125346700
2015-01-08,171.48512268066406,171.70167347171844,169.89437666137715,169.91102463885844,147217800
2015-01-09,170.11093139648438,171.91822838374486,169.4946130430907,171.90156769625287,158567300
2015-01-12,168.7783203125,170.40240022764533,168.17033878553147,170.24415550086678,144396100
2015-01-13,168.30361938476562,171.13532600332968,166.99602876356442,170.00264081422807,214553300
2015-01-14,167.28758239746094,167.48747256270798,165.380346315715,166.2798202883678,192991100
2015-01-15,165.75509643554688,168.2453291207079,165.63849703933582,167.9288523072099,176613900
2015-01-16,167.92886352539062,168.08710829690142,165.36366392900246,165.54689337934317,211879600
2015-01-20,168.28695678710938,168.83664504360124,166.71285874961336,168.57012490407317,130991100
2015-01-21,169.13650512695312,169.61956343790112,167.3541926664674,167.8205902885187,122942700
2015-01-22,171.65174865722656,171.78499605354645,168.5118757477221,169.89442074015338,174356000
2015-01-23,170.71058654785156,171.65171839738085,170.57732646664056,171.39352222439166,117516800
2015-01-26,171.11032104492188,171.20193574451778,169.77775861524674,170.4940155279843,92009700
2015-01-27,168.85330200195312,170.002635130252,168.0204456468829,169.04485540527304,134044600
2015-01-28,166.6879119873047,170.144261639921,166.49635853618847,170.04432291905735,168514300
2015-01-29,168.2286834716797,168.48686694483882,165.4719178723959,166.88778404248882,173585400
2015-01-30,166.11318969726562,168.3785598936297,165.8466822844822,167.0459974129548,197729700
2015-02-02,168.17039489746094,168.26200962730215,164.7889993006753,166.61295719854306,163107000
2015-02-03,170.60231018066406,170.6106468784307,168.6950745240688,169.0698573805268,124212900
2015-02-04,169.9526824951172,171.05205909194265,169.4946089131066,169.83608310227638,134306700
2015-02-05,171.66835021972656,171.8182709740744,170.5440017498259,170.61895577281,97953200
2015-02-06,171.1936492919922,172.60117875422168,170.66894565122752,172.0348297484409,125672000
2015-02-09,170.4274139404297,171.26859435281673,170.01930971805828,170.5440133313386,87219000
2015-02-10,172.24302673339844,172.5012101790852,170.46903856888235,171.4684763963381,96164200
2015-02-11,172.34295654296875,172.7760453986346,171.42682219289705,172.07644912220618,91087800
2015-02-12,174.00035095214844,174.05865699795564,172.3762835755281,173.14250990941105,97545900
2015-02-13,174.71661376953125,174.76658311996,173.86709668710282,174.12529284495133,93670400
2015-02-17,174.991455078125,175.16636051017983,174.1502747066114,174.40012145471852,76968200
2015-02-18,175.00814819335938,175.08310223168058,174.3501844124095,174.61670460428343,80652900
2015-02-19,174.8831787109375,175.24963755063357,174.2668731245212,174.40845718378927,91462500
2015-02-20,175.93258666992188,176.00754069427418,173.8421090181995,174.46675130456183,140896400
2015-02-23,175.90765380859375,175.90765380859375,175.29965932074998,175.68277896092027,74411100
2015-02-24,176.40731811523438,176.60720823312312,175.53281632349453,175.8326451461373,72472300
2015-02-25,176.2574005126953,176.76544341498254,175.9159263454377,176.28238518753076,73061700
2015-02-26,176.0491943359375,176.32403847987044,175.44119999857952,176.16579372654112,72697900
2015-02-27,175.44947814941406,176.21570427603453,175.39950881416996,175.94918421023112,108076000
2015-03-02,176.5572509765625,176.6155443222025,175.49951968138868,175.54948903718906,87491400
2015-03-03,175.83262634277344,176.60718934692824,174.96646134131026,176.12413114497366,110325800
2015-03-04,175.09144592285156,175.3079967802104,174.11700518988775,175.2330300250719,114497200
2015-03-05,175.28298950195312,175.56615766989017,174.77494651435688,175.41623688732338,76873000
2015-03-06,172.8177032470703,174.84987489931643,172.48456576994607,174.41678601235083,188128000
2015-03-09,173.53392028808594,173.89204235808452,172.8593087918544,173.0175535049709,89818900
2015-03-10,170.71893310546875,172.24306212630245,170.67728773603739,172.15978409582223,157121300
2015-03-11,170.31910705566406,171.15196332488492,170.23581634539073,170.97705791666218,110145700
2015-03-12,172.48455810546875,172.5511754312293,170.90212338849497,170.9520927370052,93993500
2015-03-13,171.42686462402344,173.17585574800017,170.3857939400912,172.20975181168166,162410900
2015-03-16,173.7172088623047,173.80882358488438,171.45183818431738,172.1597712868315,136099200
2015-03-17,173.20083618164062,173.58394303913155,172.38462769530042,172.97596137757702,94510400
2015-03-18,175.28298950195312,175.9576012525487,172.08481079380888,172.7261138751574,228808500
2015-03-19,174.4834442138672,175.291316070096,174.0920006254519,174.8665638119438,117917300
2015-03-20,176.02349853515625,176.53380907017763,175.25385216129015,175.43789942081284,177715100
2015-03-23,175.68055725097656,176.6091549927646,175.68055725097656,176.0319168336656,71784500
2015-03-24,174.6934051513672,176.01518096173757,174.62647769329277,175.5550754307756,77805300
2015-03-25,172.13345336914062,175.13676358623536,172.09163488323603,174.90252389870506,159521700
2015-03-26,171.72352600097656,172.64374962105558,170.7614583682657,171.46419013745336,153067200
2015-03-27,172.11672973632812,172.29240311805077,171.4139979141211,171.6064191142437,118939000
2015-03-30,174.21652221679688,174.5176893444385,173.13734745572566,173.1540697435742,96180400
2015-03-31,172.6939697265625,174.09105958057938,172.63541618271094,173.3883276986149,126768700
2015-04-01,172.0833282470703,172.6856627547938,171.08780280332977,172.66056654739788,137303600
2015-04-02,172.70237731933594,173.1541217639626,171.83233301582743,172.01638035829617,86900900
2015-04-06,173.8651885986328,174.3838604315266,171.67336864403552,171.80721079229036,114368200
2015-04-07,173.40505981445312,174.64318577532939,173.37160247069164,173.89027427218582,81236300
2015-04-08,173.9906768798828,174.43406012947273,173.2377652996642,173.63095614592058,89351900
2015-04-09,174.76031494140625,174.99455465554132,173.32978045616042,173.82335608486596,85548900
2015-04-10,175.7140350341797,175.75586629617376,174.81054615367393,175.01131578707123,72722900
2015-04-13,174.9192657470703,176.2075969376579,174.86907334628765,175.57179248745888,74436600
2015-04-14,175.25393676757812,175.43798411595225,174.0910991201832,174.7185297809742,75099900
2015-04-15,176.04029846191406,176.55060922200465,175.63874642999144,175.72240895398357,99529300
2015-04-16,175.9900665283203,176.50037717380133,175.50485208137886,175.70563443480137,68934900
2015-04-17,173.96556091308594,175.03637461289986,173.17917930991808,174.79377376931495,191113200
2015-04-20,175.55511474609375,175.88973934629706,174.81056416029767,174.89421392779337,92189500
2015-04-21,175.34593200683594,176.40001075059098,175.0447648278906,176.241059633216,72559800
2015-04-22,176.2075958251953,176.39164313697444,174.7603135311952,175.68891123513282,78264600
2015-04-23,176.6509552001953,177.30348184836805,175.68888751576253,175.8060073560729,102585900
2015-04-24,177.06092834472656,177.32863822205826,176.60918388311623,177.06930225658664,61327400
2015-04-27,176.32467651367188,177.75521066960437,176.13225533448704,177.6297296963135,79358100
2015-04-28,176.88522338867188,176.93541579045058,175.12005159051273,176.29962409274148,86863500
2015-04-29,176.15740966796875,176.759731260012,175.34593179139378,175.99008464034338,125684900
2015-04-30,174.39224243164062,175.97336696939254,173.68951048644487,175.580176121344,161304900
2015-05-01,176.2829132080078,176.3247444702615,175.07824433971248,175.1786291570341,103399700
2015-05-04,176.78480529785156,177.370404483518,176.60075801591285,176.70950394425492,70927200
2015-05-05,174.76031494140625,176.90195524438084,174.61809888390331,176.54222176296173,113326200
2015-05-06,174.0408935546875,175.62201830573386,172.9700795838788,175.31248993193884,135060200
2015-05-07,174.73524475097656,175.1619057521025,173.60587726795188,173.94050183363868,88244900
2015-05-08,177.0358123779297,177.23659476351634,176.33309317603857,176.41675569464337,155877300
2015-05-11,176.19085693359375,177.2616706705706,176.11556833453443,176.99397361887972,75708100
2015-05-12,175.66384887695312,176.20762977200917,174.52610744181493,175.3543205043782,119727600
2015-05-13,175.69728088378906,176.7011671640763,175.4630411772256,176.07373664325846,94667900
2015-05-14,177.5293731689453,177.62139681903759,176.44182442197476,176.71789537225155,95934000
2015-05-15,177.72183227539062,177.86404836332704,177.23661768796117,177.72183227539062,76510100
2015-05-18,178.27392578125,178.5248877709602,177.48754417320797,177.55447162549945,74549700
2015-05-19,178.2153778076172,178.66713496578296,177.93094567994694,178.39106398359448,72114600
2015-05-20,178.08987426757812,178.8427857491178,177.77197206798735,178.31574005297645,76857500
2015-05-21,178.60853576660156,178.8176792511058,177.780322972527,177.94764797221455,64764600
2015-05-22,178.18191528320312,178.64202080837387,178.11498782597113,178.2237337745043,57433500
2015-05-26,176.2661590576172,178.11499342205528,175.8478720106057,177.6883324644347,124308600
2015-05-27,177.93930053710938,178.17354025339603,176.31634481347524,176.7262706995305,93214000
2015-05-28,177.738525390625,177.84727133508468,177.0441674085985,177.62976668105858,74974600
2015-05-29,176.6342315673828,177.71340639679377,176.36653452869655,177.671587909419,124919600
2015-06-01,176.99400329589844,177.63815621599926,176.19924762221376,177.30353165400166,93338800
2015-06-02,176.8182830810547,177.51264104044824,175.90642047472474,176.53385098157483,91531000
2015-06-03,177.28683471679688,177.91426547928486,176.79325891393307,177.35376219660898,87820900
2015-06-04,175.7893524169922,177.23662230497345,175.47145011502366,176.5757342596869,151882800
2015-06-05,175.48814392089844,176.1657668662336,174.82724326586523,175.63872112425867,121704700
2015-06-08,174.4089813232422,175.53000042496774,174.33369271073263,175.37941043483968,89063300
2015-06-09,174.3838348388672,174.92761555767956,173.7480432413675,174.3838348388672,105034700
2015-06-10,176.47532653808594,176.86015629022546,175.0949842016062,175.15353775828063,134551300
2015-06-11,177.044189453125,177.42900640932535,176.68445593482465,176.91869567297488,73876400
2015-06-12,175.68890380859375,176.9186686284496,175.41283285259485,176.2159495214195,135382400
2015-06-15,174.93605041503906,175.22048261021175,173.83176622421246,174.5428594772548,124384200
2015-06-16,175.8896942138672,175.97335672500574,174.60973693711037,174.7854103393516,85308200
2015-06-17,176.1741485595703,176.7848568847138,175.14516592127148,176.1741485595703,126708600
2015-06-18,178.00628662109375,178.47476620796294,176.2076569004114,176.77652132300645,165867900
2015-06-19,177.21600341796875,177.83808404756235,176.83771651677185,177.76242923276263,130478700
2015-06-22,178.12391662597656,178.7123643979634,177.9137557911813,178.140733084376,70696000
2015-06-23,178.25003051757812,178.58629559205673,177.85493989926744,178.33409999299803,68476800
2015-06-24,176.9554443359375,178.35931734318652,176.9302260588828,177.98103036016508,92307300
2015-06-25,176.4174041748047,177.58589785351023,176.34174935602204,177.4598064888725,97107400
2015-06-26,176.3837890625,177.02267337335255,175.8289613880443,176.77887962524358,104174800
2015-06-29,172.6849822998047,176.392223128943,172.60932746505532,174.89587875918133,202621300
2015-06-30,173.04644775390625,174.28219456903466,172.5672748623584,174.23174519055576,182925100
2015-07-01,174.43350219726562,174.87904216465373,173.6432953638754,174.62684658398874,135979900
2015-07-02,174.27378845214844,175.08081179369205,173.85346673466134,174.91268567213737,104373700
2015-07-06,173.77784729003906,174.55963968670332,172.77747934636494,172.97923842963482,117975400
2015-07-07,174.87063598632812,174.99672735991516,171.5837173580294,173.9795560737806,173820200
2015-07-08,171.93679809570312,173.8114293353674,171.7014189636915,173.52561365038193,164020100
2015-07-09,172.247802734375,174.30738902966172,172.13852783060113,174.04677883832778,144113100
2015-07-10,174.4166717529297,174.83699341126913,172.2898451879079,174.25694747040882,129456900
2015-07-13,176.3417510986328,176.45102600666576,175.6440156106116,175.6860503416392,106069400
2015-07-14,177.1067657470703,177.41781256338055,176.24090397155075,176.29975517338303,81709600
2015-07-15,177.04788208007812,177.61111153957924,176.56870925243177,177.14875516918326,97914100
2015-07-16,178.46861267089844,178.46861267089844,177.86334834149136,178.1071293057685,106683300
2015-07-17,178.61988830566406,178.67873949487705,178.04825700747605,178.46016402317065,89030000
2015-07-20,178.71241760253906,179.2083942417855,178.39298176104646,178.84692365537975,70446800
2015-07-21,178.00624084472656,178.83848243270182,177.7036087061174,178.57787220254363,77965000
2015-07-22,177.68678283691406,178.02304787711734,177.28327761586982,177.3168977062903,88667900
2015-07-23,176.68646240234375,177.92220949751953,176.3249918181293,177.8213363721021,90509100
2015-07-24,174.8538360595703,176.84615691381399,174.51758381341307,176.78731854297692,117755000
2015-07-27,173.83663940429688,174.4755365843354,173.39109943779636,173.96274360797818,132361100
2015-07-28,175.9718780517578,176.11478588528857,173.84505135340024,174.67728007967938,123544800
2015-07-29,177.18235778808594,177.40932219976486,175.9550131626381,176.0979209568347,105791300
2015-07-30,177.22445678710938,177.39258291024717,176.0475482707429,176.6696290362738,91304400
2015-07-31,176.9554443359375,177.75405303947184,176.66962864451693,177.72883476241714,103266900
2015-08-03,176.3585968017578,176.98067761865363,175.4002637108222,176.92183924293758,113965700
2015-08-04,176.0138702392578,176.74522568913056,175.5262956636104,176.28286938229277,81820800
2015-08-05,176.59397888183594,177.63636856921735,176.30815035501078,176.91341467609735,85786800
2015-08-06,175.1480712890625,176.88819659370753,174.55961060104406,176.77890883841243,116030800
2015-08-07,174.811767578125,175.13961794436378,173.90387129611028,174.98830831096058,117858000
2015-08-10,177.0142822265625,177.09833886802545,175.92984508593076,175.92984508593076,80270700
2015-08-11,175.41708374023438,176.08960112919328,174.65209504995357,175.66927936449426,126081400
2015-08-12,175.62725830078125,175.8122009178287,172.6345691553999,174.10569544642075,172123700
2015-08-13,175.40869140625,176.15686367477633,174.8622653862772,175.4675297863438,89383300
2015-08-14,176.0475311279297,176.12318595189458,175.07238175060533,175.2152895827167,72786500
2015-08-17,177.03109741210938,177.03109741210938,174.98834002772386,175.4506964811447,79072600
2015-08-18,176.518310546875,177.10675840479385,176.28293140370747,176.75368969004256,71692700
2015-08-19,175.12277221679688,176.5434482441847,174.3073474047248,175.7700581514639,172946000
2015-08-20,171.46600341796875,175.0975755600656,171.40715223386357,173.60123161267967,194327900
2015-08-21,166.30450439453125,171.44083666946375,166.04390696305836,169.5830088988704,346588500
2015-08-24,159.3018798828125,166.01020875275333,153.3333082761134,157.61219173773023,507244300
2015-08-25,157.42730712890625,164.30376459621561,157.1330767818242,164.28694813510197,369833100
2015-08-26,163.47154235839844,163.74894342835313,158.35201364134647,161.47080670283324,339257000
2015-08-27,167.51499938964844,167.64109075783887,164.10198953383542,165.62355190359648,274143900
2015-08-28,167.5234375,167.99419581283564,166.38016181431257,166.86773658895007,160414400
2015-08-31,166.1699676513672,167.39731257301148,165.61513996786226,166.5398527737038,163298800
2015-09-01,161.21018981933594,163.7321200413892,160.33591349245856,162.34505072293965,256000400
2015-09-02,164.27011108398438,164.31214581461668,161.7565829876793,163.60599569071098,160269300
2015-09-03,164.38775634765625,166.4893640411134,163.89178001052727,164.98460574936865,152087800
2015-09-04,161.89955139160156,162.9671723786029,161.07572423717397,162.11812694179923,207081000
2015-09-08,165.9682159423828,166.1195384205494,164.06836652611346,164.71566551871496,116025700
2015-09-09,163.74887084960938,167.68308739700353,163.37899864454167,167.5569960574573,149347700
2015-09-10,164.6400146484375,165.79169199912812,163.29498008060006,163.5555774816585,158611100
2015-09-11,165.38821411132812,165.45546713356222,163.53038625031772,164.24493838775305,119691200
2015-09-14,164.77450561523438,165.61514900196477,164.28693091166673,165.56471245111297,79452000
2015-09-15,166.83412170410156,167.2796617517532,164.73251286529106,165.27892603250083,113806200
2015-09-16,168.27999877929688,168.47335600736517,166.7920691162037,167.13673600742004,99581600
2015-09-17,167.90167236328125,170.55810810599277,167.52338546704908,168.14546608847837,276046600
2015-09-18,165.1579132080078,167.88730365242108,164.74386477687324,165.377625006293,223657500
2015-09-21,166.01136779785156,167.0422724670472,164.95510085976912,165.99446391655485,105726200
2015-09-22,163.85665893554688,164.32141918908403,162.71588493994568,163.83130954843483,153890900
2015-09-23,163.59466552734375,164.49882352601284,163.01160398263207,164.02561789375017,92790600
2015-09-24,163.00320434570312,163.46796464986647,161.02587457223476,162.36944381108702,159378800
2015-09-25,162.9608917236328,164.7776659599966,162.0820702846037,164.47346052246886,155054800
2015-09-28,158.87103271484375,162.16659412220878,158.5583817490203,162.05673820713056,178515900
2015-09-29,158.96401977539062,160.3329511390272,157.95845111422506,159.0907796039273,159045600
2015-09-30,161.93002319335938,162.09902340022813,160.07944062750653,160.8652973916965,163452000
2015-10-01,162.3524932861328,162.65669874696522,160.40051361824428,162.3102400205393,131079000
2015-10-02,164.7777099609375,164.80305934634347,159.8090241191479,160.3582908886843,211003300
2015-10-05,167.70989990234375,167.93805725221586,165.90157077843796,166.0114267050223,126320800
2015-10-06,167.13528442382812,168.1408529725957,166.46772915282048,167.57469523797198,110274500
2015-10-07,168.50421142578125,168.85911568814876,166.8733280243079,168.07324611913742,124307300
2015-10-08,170.0252227783203,170.3125243595775,167.81127797938987,168.1154834459818,153055200
2015-10-09,170.12660217285156,170.60825325552733,169.4928419261462,170.1688554347423,107069200
2015-10-12,170.28717041015625,170.48996545318602,169.77171151931188,170.20266387963636,56395600
2015-10-13,169.2139892578125,170.82796847959804,169.04498910075156,169.5519895719343,88038700
2015-10-14,168.40277099609375,169.73789416079018,168.10702394375383,169.1548326572452,99106200
2015-10-15,170.98854064941406,170.99698614527193,168.69854767102385,169.0703557909591,134142200
2015-10-16,171.76597595214844,171.7828669462425,170.62520205025535,171.39416777986065,114580100
2015-10-19,171.8504180908203,171.8504180908203,170.80260943997638,171.11526035754952,76523900
2015-10-20,171.63075256347656,172.24760902406024,171.15754690089798,171.41105361839,78448500
2015-10-21,170.56602478027344,172.20534056852264,170.397011720926,172.05324428777334,102038000
2015-10-22,173.44752502441406,173.65877847085542,170.56603781430815,171.52089462437985,174911700
2015-10-23,175.3488006591797,175.72060877652393,174.3263412303698,175.1291017234248,144442300
2015-10-26,174.91786193847656,175.2305129279747,174.54605379210705,175.17136866499104,69033000
2015-10-27,174.5798797607422,174.91788016873,173.89540765964992,174.2418664588653,77905800
2015-10-28,176.56561279296875,176.59096217285366,174.25028347090608,174.91783863101895,135906700
2015-10-29,176.46421813964844,176.83602624251435,175.9403137550026,176.05861516101572,90525500
2015-10-30,175.70364379882812,176.97962238459098,175.5431020711469,176.65851314146408,131076900
2015-11-02,177.78245544433594,177.97680501086583,175.90652374962136,176.03328355779195,86270800
2015-11-03,178.29788208007812,178.85559418964777,177.1993617444096,177.42751904266723,95246100
2015-11-04,177.75706481933594,178.72037982604718,177.21625662072407,178.59363294117117,96224500
2015-11-05,177.57958984375,178.28095262751887,176.68387755653873,177.8161926028668,78408700
2015-11-06,177.48667907714844,177.7232947851253,176.1515687235888,177.23318527197023,110471500
2015-11-09,175.83041381835938,177.0218859695149,174.87554441998725,176.8697768319353,131008700
2015-11-10,176.23605346679688,176.26986123503872,175.07838883528441,175.3487865117908,75874600
2015-11-11,175.5431671142578,176.55718107041326,175.4755644646625,176.50648230668855,67846000
2015-11-12,173.09259033203125,174.96852163793656,173.07569934288605,174.49531606417392,121315200
2015-11-13,171.14907836914062,172.94896177340303,171.06458473090825,172.67856407961838,153577100
2015-11-16,173.751708984375,173.81086613111793,170.8448598583252,170.9631741518111,117645200
2015-11-17,173.6249237060547,174.95158818729223,173.12636883894746,174.06433433337966,121123700
2015-11-18,176.3796844482422,176.52333521243082,174.06435544511623,174.10659580984847,121342500
2015-11-19,176.22764587402344,176.65015281071786,175.93188586078196,176.26144075564807,88220500
2015-11-20,176.8697967529297,177.55425571442166,176.48954320697683,176.98809814264578,94011500
2015-11-23,176.66700744628906,177.43596005734491,176.20224736671582,176.928959610989,64931200
2015-11-24,176.90362548828125,177.30922845911928,175.2642968265415,175.65299591287788,98874400
2015-11-25,176.87826538085938,177.23316957055357,176.61630031557266,177.0303616504918,51980100
2015-11-27,177.08106994628906,177.28387787727596,176.48956293160126,176.97121403860208,37317800
2015-11-30,176.34593200683594,177.3599459881839,176.2360760867784,177.24164457192478,112822700
2015-12-01,178.02749633789062,178.14581064479455,176.70083141290684,176.97968750656543,97858400
2015-12-02,176.21070861816406,178.29789352170627,175.95720192537496,177.97678418458102,108441300
2015-12-03,173.7432861328125,176.73462928049517,173.01657375658976,176.46423157211942,166224200
2015-12-04,177.1317596435547,177.42751958271052,173.743259501859,173.743259501859,192913900
2015-12-07,176.0586395263672,177.224749863054,175.08686586959217,176.8022429411226,102027100
2015-12-08,174.8756103515625,176.00792579448606,173.88694571313926,174.48691120853516,103372400
2015-12-09,173.51512145996094,176.33746430880015,172.53490240904745,174.2333883096911,162401500
2015-12-10,173.96298217773438,175.28120160708093,173.34612573069649,173.5827285567901,116128900
2015-12-11,170.5913848876953,172.5011113758808,170.27872102335024,171.83355616747073,211173300
2015-12-14,171.45326232910156,171.58002211138123,168.96047467088675,170.75191235480392,182385200
2015-12-15,173.25314331054688,174.16575957707082,171.42791077749897,172.9742872657297,154069600
2015-12-16,175.78819274902344,176.0923981859969,173.05880220504932,174.3854669622077,197017000
2015-12-17,173.10951232910156,176.16845788949902,173.0926084443027,176.1008552441898,173092500
2015-12-18,170.02554321289062,172.49915759369918,169.8640330258002,172.36316062039023,251393500
2015-12-21,171.42813110351562,171.606645799823,170.0850619137647,171.20712464341378,99094300
2015-12-22,172.98373413085938,173.2812543409563,171.32615303183866,172.3207016912511,111026200
2015-12-23,175.12582397460938,175.16832870938626,173.9017602485296,173.99526547678914,110987200
2015-12-24,174.8367919921875,175.38932757912085,174.61578553978822,174.87080096678642,48539600
2015-12-28,174.43728637695312,174.47977813988942,173.35772840352485,174.1397662126574,65899900
2015-12-29,176.2989044189453,176.63042065396215,175.5083706933768,175.54236670464402,92640700
2015-12-30,175.04930114746094,176.1373678244634,174.90479543324437,176.05235835933684,63317700
2015-12-31,173.29823303222656,175.01532323441057,173.29823303222656,174.36929533279044,114877900
2016-01-04,170.8756103515625,170.88410611029028,168.8099995658019,170.42508869713458,222353500
2016-01-05,171.1646270751953,171.6236445025089,170.0510730281827,171.19862308177895,110845800
2016-01-06,169.00550842285156,170.05955314813002,167.96845521399013,168.59747855762453,152112600
2016-01-07,164.95082092285156,167.83246572293604,164.55979549698657,166.0388747548783,213436100
2016-01-08,163.1402130126953,166.48088796947076,162.8512015729485,165.91985660716895,209817200
2016-01-11,163.30169677734375,164.4067548351924,161.35510478293372,164.06672998705804,187941300
2016-01-12,164.61929321289062,165.37583079273833,162.47718170622258,164.75530317503996,172330500
2016-01-13,160.51364135742188,165.6394002519842,160.13112455362125,165.29087946536717,221168900
2016-01-14,163.14869689941406,164.279255300346,159.51902373763684,161.1256039977774,240795600
2016-01-15,159.64659118652344,160.45412953057325,157.6999982110506,158.76255207707095,324846400
2016-01-19,159.85906982421875,161.60166040831524,158.27798947059043,161.47415915827492,195244400
2016-01-20,157.8104705810547,159.38305524774967,153.87478049016278,157.28344809563586,286547800
2016-01-21,158.69447326660156,160.5475601211948,156.95188314265673,158.28645640358857,195772900
2016-01-22,161.95018005371094,162.15418205243324,160.55611018973113,161.3211436261909,168319600
2016-01-25,159.50205993652344,161.63566308921975,159.306553688184,161.44015684088035,130371700
2016-01-26,161.6781463623047,161.95866205734754,159.82505918796772,160.16507113737606,141036800
2016-01-27,159.91851806640625,162.83415795081086,159.00896626090955,161.1510772390281,185681700
2016-01-28,160.75160217285156,161.6781457565486,159.0940212271036,161.4741437759177,143798800
2016-01-29,164.67027282714844,164.80628277205275,161.40611197317813,161.52511743231386,210529300
2016-02-01,164.6107940673828,165.40134066910602,163.07221857153536,163.65875021815668,136061600
2016-02-02,161.64418029785156,163.1827560554534,161.1171448168312,163.17426029486305,182564900
2016-02-03,162.61322021484375,163.0212372022945,159.04304239074096,162.7067254589081,205054900
2016-02-04,162.86819458007812,163.8457385452768,161.47412500181224,162.11165705840864,139531800
2016-02-05,159.76556396484375,162.9277246598461,159.12803177586144,162.34970170106908,180788300
2016-02-08,157.6149139404297,158.2099412289923,155.38780624440008,157.91243407002204,191526700
2016-02-09,157.62344360351562,158.90701664204184,155.7278516298352,155.86386160236938,184513100
2016-02-10,157.4874267578125,160.0970513025413,157.35991256064443,158.45647499142285,148214100
2016-02-11,155.43881225585938,156.49286989779756,153.9342330100932,154.99678640980497,219058900
2016-02-12,158.64344787597656,158.66043938841068,156.3738357864843,157.22387835051677,127632400
2016-02-16,161.32113647460938,161.3466367233192,159.49354947373848,160.4625978365869,120250700
2016-02-17,163.956298828125,164.3303198253359,162.3667095899788,162.49422382300625,136009500
2016-02-18,163.28472900390625,164.28778631814478,162.9702172979637,164.22827709235855,102343000
2016-02-19,163.20823669433594,163.36123819033673,161.89066760606391,162.5026995313177,114793000
2016-02-22,165.57135009765625,165.71585582988135,164.72980298227196,164.79780796872348,103640300
2016-02-23,163.4802703857422,165.18035632750426,163.3612519180175,164.90833635092167,111455300
2016-02-24,164.22825622558594,164.5087718887403,160.93009918525513,162.04365310919883,150812200
2016-02-25,166.2173614501953,166.22587017929445,163.91375275283525,164.67878607558887,110728300
2016-02-26,165.83480834960938,167.1863729757832,165.6732981796979,167.09288074122472,129833700
2016-02-29,164.53427124023438,166.8038838073,164.338765041142,165.85184008585244,125918100
2016-03-01,168.4019775390625,168.48698700625812,165.2908178166834,165.7668397034821,141799700
2016-03-02,169.1585693359375,169.20956984435642,167.67099397745562,168.08751974725655,102415000
2016-03-03,169.82154846191406,169.83855294958013,168.4019785514539,168.9800014258634,95172200
2016-03-04,170.3740692138672,171.15611999040968,169.18401450282173,170.01705280055356,129293600
2016-03-07,170.5100860595703,170.9181159518012,169.37103179432987,169.44753253513915,100219000
2016-03-08,168.6484832763672,169.9405519407336,168.48698604261696,169.43053405234778,123974900
2016-03-09,169.48155212402344,169.8300598441853,168.67400101838945,169.464547634793,94801200
2016-03-10,169.61749267578125,170.91806977125478,167.7814105393316,169.97452197767316,156838700
2016-03-11,172.35464477539062,172.39714950244175,169.60051486293094,171.07958078758622,137964500
2016-03-14,172.13363647460938,172.59265379813488,171.51310897242553,171.84462508681102,73612000
2016-03-15,171.85317993164062,172.15919590941468,170.90113598773289,171.1646472243055,93169100
2016-03-16,172.84767150878906,173.25570132476085,171.3261008532536,171.3686055804117,129303200
2016-03-17,173.94424438476562,174.4542622298197,172.36316442091533,172.76268553338338,134278500
2016-03-18,174.62779235839844,174.96955793933162,174.13222313978048,174.44835695401974,138372400
2016-03-21,174.87559509277344,175.10629406305057,174.13224767885308,174.3629466491302,72926700
2016-03-22,174.78163146972656,175.3540961473156,173.9357568590095,174.09808708061922,97471900
2016-03-23,173.62808227539062,174.5850361552696,173.45718647896757,174.39706120921926,81052500
2016-03-24,173.55120849609375,173.58539287719003,172.37210809869978,172.59425442574005,84360900
2016-03-28,173.6537322998047,174.18347281937423,173.200887074201,173.96986608890003,62408200
2016-03-29,175.26004028320312,175.37111995140276,172.93599808907942,173.24359229234636,92922900
2016-03-30,176.029052734375,176.7553078558545,175.66164234790315,176.26829124939428,86365300
2016-03-31,175.6018524169922,176.3622919762726,175.43950919014767,175.9350784477438,94584100
2016-04-01,176.7980499267578,176.98602492746346,174.2860322241666,174.60217910945659,114423500
2016-04-04,176.22549438476562,176.92613048711507,175.91790027306612,176.72106340014346,63497000
2016-04-05,174.46542358398438,176.23408041435152,174.209092917078,174.87554482852295,99662200
2016-04-06,176.3708038330078,176.43061997561117,174.28600005545374,174.46543544574362,91839800
2016-04-07,174.26040649414062,175.6360346628769,173.5255986579674,175.27717684114435,113859000
2016-04-08,174.73031616210938,175.88379779187986,174.19202299654702,175.44803169117853,95040600
2016-04-11,174.32020568847656,176.07178370122472,174.22621819401138,175.37114728111675,83757500
2016-04-12,175.94361877441406,176.22558126894705,174.04678965666287,174.49109537873204,115350600
2016-04-13,177.7207794189453,177.80622731636572,176.72964117395054,176.86635259481577,96336400
2016-04-14,177.7293701171875,178.2334919969478,177.379064927044,177.78064669290058,65212900
2016-04-15,177.53285217285156,177.86607820229005,177.208165720442,177.7293667446942,75761600
2016-04-18,178.7803192138672,178.81449055908573,176.8663979435785,177.5328499942772,82531000
2016-04-19,179.34423828125,179.60056901190305,178.52399558818732,179.20753985742124,88316100
2016-04-20,179.51512145996094,180.21574483428532,178.90847254147184,179.38694958491706,81100300
2016-04-21,178.54965209960938,179.64331786692688,178.27622913901783,179.53223815949602,85695000
2016-04-22,178.54965209960938,178.82306202267657,177.64396135831745,178.19079424197622,99251700
2016-04-25,178.2420196533203,178.28474361146263,177.327776491657,177.94296498384577,66166500
2016-04-26,178.5068817138672,179.01954311290305,178.0284046947782,178.60940877866597,75864200
2016-04-27,178.8743438720703,179.26737309258618,177.76358587763355,178.12244374583162,77329400
2016-04-28,177.25086975097656,179.2245939370778,176.8322088857555,178.11384932218704,97216200
2016-04-29,176.29391479492188,176.97745896489553,175.1831571484048,176.62714078512494,142424100
2016-05-02,177.6951904296875,177.87461280493244,176.36228634920914,176.79803944089727,62188000
2016-05-03,176.148681640625,176.69551442455406,175.3967816736518,176.4562758964302,106422100
2016-05-04,175.1660614013672,175.88378993589942,174.66195263828888,175.14898224966717,92243800
2016-05-05,175.1319122314453,175.99487885227765,174.70469870949466,175.63602105834175,67619200
2016-05-06,175.77267456054688,175.81539850615988,174.20053244712315,174.35432300630868,89315000
2016-05-09,175.9179229736328,176.353675922472,175.46507783929476,175.64451319323888,74374900
2016-05-10,178.10523986816406,178.1223320523675,176.55872965442597,176.62708535372315,77472200
2016-05-11,176.43917846679688,178.18220383959616,176.43917846679688,177.6439236860596,81727000
2016-05-12,176.49044799804688,177.2850719279174,175.4736777304011,177.1141760892204,89586300
2016-05-13,174.95248413085938,176.7467862130845,174.62781070611655,176.19141382633617,96474600
2016-05-16,176.67845153808594,177.1569286736964,175.06358468663856,175.12340084735195,77486800
2016-05-17,175.0293731689453,176.69550318292107,174.49961957249883,176.40500113689887,114924900
2016-05-18,175.08065795898438,176.2683110913494,173.9869923279226,174.67907618409984,120062100
2016-05-19,174.47401428222656,174.76451637233222,173.2607293433825,174.35439500762286,115430500
2016-05-20,175.57623291015625,176.0974339728619,175.03793965460957,175.0892031956096,104990400
2016-05-23,175.3369598388672,175.87523995091027,175.14898486719483,175.59327749340173,58682600
2016-05-24,177.60977172851562,177.92591864706117,176.13161637431793,176.1572481464265,93537800
2016-05-25,178.81446838378906,179.23314227654683,177.60972327326766,178.29326743056833,76621400
2016-05-26,178.8657684326172,179.18191532945895,178.54963457329848,178.95121635879562,55280700
2016-05-27,179.6347198486328,179.64325942430153,178.9768074715792,179.02807100063168,64211200
2016-05-31,179.29295349121094,180.01922163572365,178.7290285581202,179.90814195685155,109879400
2016-06-01,179.66036987304688,179.83979224296624,178.48125643491977,178.6777709954338,69936200
2016-06-02,180.20721435546875,180.22429350965288,178.78032272975668,179.25879979735805,63044700
2016-06-03,179.66891479492188,180.01923300616767,178.4556299770303,179.64328302702796,101757100
2016-06-06,180.58314514160156,180.9420029041356,179.86541657901265,180.02775978915156,64887000
2016-06-07,180.86508178710938,181.42900667589203,180.71129120154316,180.7369229658042,60974800
2016-06-08,181.45465087890625,181.5828227465176,180.87364679913495,181.00180562922543,66170900
2016-06-09,181.20692443847656,181.32654372649253,180.446484742334,180.71989467028857,73786900
2016-06-10,179.48947143554688,180.1644629737095,178.94262568435045,179.82269741673204,113829200
2016-06-13,178.10523986816406,179.7457375387462,178.01980502218004,178.88277128046312,117751200
2016-06-14,177.75502014160156,178.3531295819776,176.7980658970379,177.7208487918059,125059300
2016-06-15,177.50723266601562,178.88286083898365,177.31925765821705,177.75501079219208,109124500
2016-06-16,178.03689575195312,178.2077915300728,175.66159045628484,177.50715534483092,149533100
2016-06-17,177.37391662597656,177.95794220066702,176.71258275613533,177.9321771373908,117055700
2016-06-20,178.51620483398438,180.02781190958166,178.43031255813352,179.34931010951667,82789600
2016-06-21,179.02294921875,179.435203343438,178.45609160647757,178.9027078863276,72461700
2016-06-22,178.73098754882812,179.9334012169782,178.5849680056071,179.20335592217745,95560500
2016-06-23,181.05850219726562,181.11003233445211,179.73584728995482,180.19963162995802,102731400
2016-06-24,174.5568389892578,181.09284378824398,174.11022267549896,174.89179794824614,333444400
2016-06-27,171.43052673339844,173.14826742970374,170.61458941839624,173.13967033881647,230775800
2016-06-28,174.52244567871094,174.54821073977834,172.73599384788574,173.0451876860155,159382400
2016-06-29,177.49417114257812,177.7260567292911,175.8279603652137,175.931020625975,137328600
2016-06-30,179.91615295410156,179.96768307702015,177.40825316460106,177.96652674196858,165021900
2016-07-01,180.29409790039062,180.78366038711437,179.7530052793431,179.9161927749177,106055300
2016-07-05,178.99716186523438,179.5726033919787,178.3959552779881,179.46094605958984,109803700
2016-07-06,180.07073974609375,180.1909810568715,177.83767185414163,178.49900561607916,96021500
2016-07-07,179.95913696289062,180.92106774065965,179.18615874580107,180.25114979109566,85593800
2016-07-08,182.63877868652344,182.88785843246018,181.0326952905411,181.26459395961146,133971000
2016-07-11,183.2829132080078,183.85836783048174,182.89642420159973,183.10255778750027,73633900
2016-07-12,184.6142578125,184.91486780527865,183.30877065448075,184.25353368436188,101275600
2016-07-13,184.5884552001953,185.0436555387487,184.09890580632583,185.03507155125078,87324100
2016-07-14,185.6190643310547,186.09144566620674,185.22399129097997,185.85954699161897,91230900
2016-07-15,185.3699951171875,186.383455871912,184.92337885147273,186.18591935461046,107155400
2016-07-18,185.86813354492188,186.03132100647886,185.232564774995,185.49022849822597,58725900
2016-07-19,185.67921447753906,185.71356353100896,185.19824909701825,185.4473157743152,54345700
2016-07-20,186.4521484375,186.6926310706957,185.67917041727392,185.67917041727392,58159500
2016-07-21,185.74794006347656,186.56386447609304,185.30132370186524,186.34056284794977,67777300
2016-07-22,186.5809783935547,186.6325085118597,185.6018668297992,185.86811451125516,62787500
2016-07-25,186.07427978515625,186.42641981878455,185.49025416332478,186.37488968807273,55873100
2016-07-26,186.16015625,186.5208802396451,185.3098698495581,185.97120371656845,70080500
2016-07-27,185.9626007080078,186.60675343190812,185.18960957613507,186.5380422353869,84083900
2016-07-28,186.17730712890625,186.46931986763647,185.30125580739562,185.76503997447776,65035700
2016-07-29,186.47792053222656,186.8386444956275,185.62764729896762,185.9110760784943,79519400
2016-08-01,186.3233184814453,186.9331090342013,185.86811828674456,186.53803604895776,73311400
2016-08-02,185.12948608398438,186.22883896194494,184.28779690358456,186.07423550128044,92295500
2016-08-03,185.6706085205078,185.73073574286406,184.7688050277489,185.06940182356084,53993600
2016-08-04,185.86813354492188,186.1859113772246,184.01297046404457,185.78224126873775,46585500
2016-08-05,187.38833618164062,187.43128232238428,185.8681450208286,185.8681450208286,71892200
2016-08-08,187.2766876220703,187.68035774616894,187.01043990305246,187.5772843896974,39906500
2016-08-09,187.38833618164062,187.8864825825581,187.0619743436977,187.34540314621916,51251700
2016-08-10,186.9244842529297,187.57722079779168,186.57234437378736,187.49992563563384,57941100
2016-08-11,187.79200744628906,188.04108720090932,187.19080078822296,187.45704851498635,72504300
2016-08-12,187.62881469726562,187.84353227591953,187.22514460097062,187.48279521109853,61313500
2016-08-15,188.1698760986328,188.5220160392448,187.9895206887816,187.99810467319173,49813500
2016-08-16,187.19940185546875,187.81777649881138,187.19940185546875,187.74907839813528,53213600
2016-08-17,187.55148315429688,187.68890553287332,186.3920162365213,187.23370537099325,75134300
2016-08-18,187.97239685058594,188.00674590400527,187.41413627158713,187.52578052419267,52989300
2016-08-19,187.69757080078125,187.87793938893762,187.01048482099029,187.5000342368576,75443000
2016-08-22,187.68894958496094,187.92084826507224,187.08774291923015,187.45705090484964,61368800
2016-08-23,188.06687927246094,188.60797189508708,188.0067520453584,188.30736197022276,53399200
2016-08-24,187.1049346923828,188.01533528186238,186.68408344965295,187.92085900718112,71728900
2016-08-25,186.97610473632812,187.39695599813592,186.5638505669049,186.7184409659422,69224800
2016-08-26,186.62393188476562,188.19566619200552,185.7307124904593,187.16502439693778,122506300
2016-08-29,187.5429229736328,187.80917067509304,186.71840170284275,186.7527638545079,70502200
2016-08-30,187.23373413085938,187.74046448621164,186.67547365195554,187.45703570135663,58114500
2016-08-31,186.7012481689453,187.01902601715432,185.91967297464112,186.89878468767074,85269500
2016-09-01,186.70986938476562,187.0018822281213,185.54180490601834,186.69268830417866,97844200
2016-09-02,187.55148315429688,187.98091825835877,186.97604168749223,187.56866422794874,79293900
2016-09-06,188.11837768554688,188.19567287422413,187.11350091677681,187.83494888840835,56702100
2016-09-07,188.1011962890625,188.28156483432502,187.49140566121497,187.9551898978128,76554900
2016-09-08,187.6717529296875,188.0410739899741,187.36255908364436,187.76622919112629,74102900
2016-09-09,183.17987060546875,186.40063447785295,183.1541055429154,186.34910435274628,221589100
2016-09-12,185.80799865722656,186.2116687490431,182.34675237615195,182.41546357319743,168110900
2016-09-13,183.13690185546875,184.7859311818967,182.5099302352092,184.51968349816948,182828800
2016-09-14,183.06822204589844,184.39947379807452,182.50996152336768,183.18846337868916,134185500
2016-09-15,184.89761352539062,185.2841025735859,182.72467252220102,182.90504106753048,134427900
2016-09-16,184.18289184570312,184.45912503563238,183.49233521392682,184.27784535830088,155236400
2016-09-19,184.21739196777344,185.48630994921973,183.88936841102594,184.83890335344185,80250500
2016-09-20,184.22601318359375,185.23596585881714,184.1914906284369,185.08059460333067,69665300
2016-09-21,186.29774475097656,186.4790112377266,184.24330342432887,184.93387315502343,110284400
2016-09-22,187.47171020507812,187.7738386009762,187.06601412337716,187.3163389190892,76678700
2016-09-23,186.4444580078125,187.21271324930578,186.34950452081804,187.07459669158297,73630900
2016-09-26,184.93386840820312,185.788436738277,184.73532088959132,185.60717025617964,89827300
2016-09-27,186.08192443847656,186.17686476033688,184.3986567674914,184.7698433948978,78494800
2016-09-28,187.00558471679688,187.16096917558943,185.33959778063343,186.3063875810382,87411000
2016-09-29,185.3136749267578,187.204104470085,184.76122177372574,186.79839524519184,128070600
2016-09-30,186.71205139160156,187.4198757027486,185.90063307596668,186.15095781281235,117202900
2016-10-03,186.26321411132812,186.4876436820414,185.62443478795925,186.29774984314398,83512100
2016-10-04,185.3136749267578,186.59986089200652,184.71807186720181,186.37543132629798,119948100
2016-10-05,186.13369750976562,186.56530186281225,185.87473226363375,185.94379054070356,72816000
2016-10-06,186.26321411132812,186.4876436820414,185.36548265695254,185.90929530358903,62927400
2016-10-07,185.62445068359375,186.71210241305084,184.89073096370655,186.53946325375526,89788300
2016-10-10,186.59124755859375,187.0573745905413,186.4445036194339,186.59124755859375,51855000
2016-10-11,184.23464965820312,186.22867306972515,183.50093007396097,186.15961478446923,130367400
2016-10-12,184.47637939453125,185.0029373491935,183.87212262868874,184.37278537013174,73866100
2016-10-13,183.87210083007812,184.37276351216602,182.31833553503682,183.1383812566466,101357000
2016-10-14,183.9670867919922,185.32233116275052,183.88940114783392,184.8561909547544,93346200
2016-10-17,183.3282928466797,184.2001290104698,183.14701319956384,183.9411637309563,58275700
2016-10-18,184.47637939453125,184.99429683043874,184.09656537195224,184.933879056768,76869700
2016-10-19,184.9683837890625,185.27913948926386,184.38140811730509,184.7439542389531,66519200
2016-10-20,184.62313842773438,185.18421898874132,183.95846383385452,184.61449790827288,73639800
2016-10-21,184.70945739746094,184.79578356572728,183.6563413679268,184.6231444007186,89089100
2016-10-24,185.49493408203125,185.86612070637128,185.14101532130536,185.58988757462794,60146600
2016-10-25,184.87344360351562,185.57264068643076,184.70943180944474,185.31367538903052,66542300
2016-10-26,184.5022735595703,185.08924928456864,183.80306329205536,184.04477389993266,75705500
2016-10-27,184.01022338867188,185.2618735488763,183.93253775569508,185.22735099139373,77220200
2016-10-28,183.4663848876953,184.66624454268074,182.74993320458125,183.9843154146544,140623200
2016-10-31,183.47500610351562,184.0274591274443,183.31099434818196,183.8030164426639,61272500
2016-11-01,182.14573669433594,183.85490009491568,180.92862194556074,183.803096487893,122781800
2016-11-02,181.04942321777344,182.22338774352528,180.60917828841565,181.83493323608693,103330800
2016-11-03,180.220703125,181.48099356507475,179.94448320276922,181.26519139990242,88939300
2016-11-04,180.02218627929688,181.17888283563045,179.875442373331,180.33294195414234,109122100
2016-11-07,183.99301147460938,184.0275472141153,180.02225758057966,180.02225758057966,109794900
2016-11-08,184.8216552734375,185.39137629987184,183.32830758734963,183.59590023480513,106772100
2016-11-09,186.78114318847656,187.40265464085343,183.2937719088595,183.31966712174832,258429000
2016-11-10,187.24720764160156,188.44706706688373,185.77975565817644,187.5752311239796,172113300
2016-11-11,186.81570434570312,187.0574018302833,185.8661822767167,186.52221642464505,100552700
2016-11-14,186.96241760253906,187.54940651978268,186.21143005388964,187.34223163636912,94580000
2016-11-15,188.42123413085938,188.42123413085938,187.1436886706669,187.35085037303622,91652600
2016-11-16,188.0673065185547,188.30037659432588,187.6788651732838,187.799713884513,65617700
2016-11-17,189.0341033935547,189.09452116149515,188.11046363792877,188.22268499891692,69797200
2016-11-18,188.61114501953125,189.2758195618598,188.42986535470618,189.10318041582607,86265800
2016-11-21,190.03541564941406,190.06131086018266,189.04273077922753,189.18947469742338,72402600
2016-11-22,190.40660095214844,190.5878674262554,189.67286819480196,190.34617001309869,67429000
2016-11-23,190.51022338867188,190.56201382115273,189.69017747416913,189.8887118558537,56620200
2016-11-25,191.218017578125,191.25254013474859,190.77777265916794,190.8554714617328,37872300
2016-11-28,190.3203125,191.1835214812592,190.2167316371365,190.9073014564486,76572500
2016-11-29,190.69151306152344,191.14901280109822,190.05273362724697,190.3548620612415,69886700
2016-11-30,190.23399353027344,191.47701653169193,190.17356258115177,191.31300472295985,113291800
2016-12-01,189.5347900390625,190.53610238199292,189.17223069951814,190.53610238199292,79040500
2016-12-02,189.62966918945312,190.12170444041334,189.26712313841233,189.62104184473262,74840300
2016-12-05,190.76914978027344,191.11442804067897,190.26848708262048,190.4670214237776,67837800
2016-12-06,191.3733673095703,191.40790303382946,190.47563605162605,190.95903081909753,59877400
2016-12-07,193.87672424316406,193.93714201698313,191.09719053094688,191.2180392501075,110738100
2016-12-08,194.35145568847656,194.82622316189423,193.58320038477197,193.85080617634992,99714400
2016-12-09,195.5254669189453,195.5427347870666,194.5414091804176,194.57594491666018,88005800
2016-12-12,195.3009796142578,195.91386362199685,194.87800258516916,195.43045565810115,102016100
2016-12-13,196.6044158935547,197.10507853827684,195.9483819995325,195.9656498621836,110477500
2016-12-14,194.98159790039062,197.01013057283234,194.54135300532806,196.3023062425377,142501800
2016-12-15,195.7843780517578,196.64758681750536,194.99022756785251,195.2232976226301,124972600
2016-12-16,195.4014892578125,196.304525271772,195.08022370913898,196.24373814139778,156420200
2016-12-19,195.82699584960938,196.25246609390283,195.43626490032224,195.58387378120145,90341100
2016-12-20,196.5823516845703,196.72997377089095,196.13084697647173,196.36527752712306,89838800
2016-12-21,196.0353546142578,196.6257900255581,196.0353546142578,196.4521333310084,67909000
2016-12-22,195.69674682617188,196.00933421979568,195.29732444853542,195.887773191673,56219100
2016-12-23,195.98326110839844,195.99193930601757,195.54911274262207,195.74012583433952,36697800
2016-12-27,196.46946716308594,196.868876162831,196.2350233811418,196.25239302217759,42672500
2016-12-28,194.84576416015625,196.7473359552306,194.73289460438693,196.72997956151562,64095000
2016-12-29,194.80235290527344,195.2712272526322,194.3595131475487,194.9152224569745,48696100
2016-12-30,194.09034729003906,195.21913557425907,193.3957073267379,195.13230061041318,108998300
2017-01-03,195.57510375976562,196.0873955027364,194.39422001799656,195.40143386459,91366500
2017-01-04,196.73867797851562,196.88628683519664,195.89642907633328,195.90510727408267,78744400
2017-01-05,196.5823516845703,196.738651967493,195.78352037506303,196.46948213212323,78379000
2017-01-06,197.28570556640625,197.75457997029636,196.14822572246666,196.69525690130232,71559900
2017-01-09,196.6344757080078,197.1641372228094,196.59973642062232,197.0252065715797,46939700
2017-01-10,196.6344757080078,197.49408095803474,196.24373159527977,196.6518321025444,63771900
2017-01-11,197.19017028808594,197.19017028808594,195.87903389522938,196.5476260111623,74650000
2017-01-12,196.6953125,196.8863388942514,195.33209314010816,196.66926465070756,72113200
2017-01-13,197.14675903320312,197.45065491429415,196.8341717060644,196.86889774278848,62717900
2017-01-17,196.45211791992188,196.912314086498,196.0613870755476,196.50421359928438,61240800
2017-01-18,196.8863525390625,196.9297700406123,196.14829476019972,196.70400433221783,54793300
2017-01-19,196.1569061279297,197.10334632918432,195.72275778799758,196.96441568060862,66608800
2017-01-20,196.8775634765625,197.37248561788775,196.20897142683168,196.84282419521986,129168600
2017-01-23,196.36532592773438,196.9384050244463,195.6012337146102,196.87763113494205,75061600
2017-01-24,197.6243438720703,198.04112259866295,196.46950761476683,196.58237718185342,95555300
2017-01-25,199.3348846435547,199.3348846435547,198.4144789898001,198.57945748669155,84437700
2017-01-26,199.12649536132812,199.456452366214,198.8486340416017,199.18726924429518,59970700
2017-01-27,198.8139190673828,199.35225884287104,198.63157091001807,199.2046499769842,59711100
2017-01-30,197.5809326171875,198.1453202178928,196.59107482958498,198.11927237473145,79737300
2017-01-31,197.5635528564453,197.6243399868142,196.51292123831283,197.08598700767755,75880800
2017-02-01,197.6416473388672,198.4838960133818,197.05121207174324,197.5635038327749,79117700
2017-02-02,197.77194213867188,198.05848163822307,196.9470629273824,197.64168968479072,69657600
2017-02-03,199.13516235351562,199.31751049046972,198.37107026557848,198.68365760810246,80563200
2017-02-06,198.77915954589844,199.1264861795411,198.44052435881957,198.72706386314113,57790100
2017-02-07,198.78782653808594,199.413001152579,198.59680022537114,199.16987916351556,57931200
2017-02-08,199.04832458496094,199.17856378003057,198.24080182806387,198.78783294566657,51566200
2017-02-09,200.22923278808594,200.5331286964451,199.0483486961758,199.0483486961758,65955200
2017-02-10,201.01934814453125,201.24511374790612,200.24656467340176,200.57652163270035,66015900
2017-02-13,202.11341857910156,202.37391022863542,201.4882439198826,201.5142917599204,55182100
2017-02-14,202.92092895507812,202.92962040123032,201.58375791405382,201.93107128209357,71109000
2017-02-15,203.9802703857422,204.17129673017433,202.65177742165497,202.70387310665336,86785800
2017-02-16,203.80662536621094,204.1886780769707,203.05121139212721,204.00632991986893,84722400
2017-02-17,204.12789916992188,204.12789916992188,203.12067166443725,203.13804131085132,77204100
2017-02-21,205.343505859375,205.5171625618119,204.4925654938671,204.50125694094106,88946100
2017-02-22,205.16116333007812,205.38691572451467,204.77043242660207,204.93541093564156,62115200
2017-02-23,205.30006408691406,205.69947313035786,204.53595878758776,205.68211673657723,74615900
2017-02-24,205.56056213378906,205.60396636874748,204.40572595195724,204.44914343607164,82381600
2017-02-27,205.8817901611328,206.05544681679845,205.22188956994208,205.47368973328417,56515400
2017-02-28,205.32618713378906,205.74296597282716,204.9354561441183,205.49984387929157,96961900
2017-03-01,208.2001953125,208.6690829807606,206.97589370545597,206.99326335035818,149158200
2017-03-02,206.88909912109375,208.01788770299723,206.8370034287097,208.00919625482734,70246000
2017-03-03,207.0193634033203,207.1843419486063,206.42023637008612,206.8022891593462,81974300
2017-03-06,206.40284729003906,206.75883892443025,205.79502890381963,206.2204991243416,55391500
2017-03-07,205.78631591796875,206.45490808029294,205.5779199422797,206.0989032569243,65103700
2017-03-08,205.40428161621094,206.3420437169103,205.26535095333165,206.08155203630093,78168800
2017-03-09,205.66477966308594,205.9947366853486,204.6922914911424,205.5258489959061,90683900
2017-03-10,206.3854522705078,206.6719917818577,205.43032056600813,206.6285742954429,81991700
2017-03-13,206.4896697998047,206.5330872917203,205.99474748961003,206.32469128002035,57256800
2017-03-14,205.69949340820312,205.9947243706002,205.08301013932834,205.9426154366547,59880800
2017-03-15,207.47947692871094,207.90494704677877,206.03810134422497,206.27254514390765,96081800
2017-03-16,207.0714111328125,207.69658587056568,206.7414673678342,207.61844234063588,78344000
2017-03-17,206.70777893066406,207.52753093611975,206.70777893066406,207.3356735175323,89002100
2017-03-20,206.4810333251953,206.9955539625542,206.08860255613848,206.70776785009983,52537000
2017-03-21,203.8299102783203,207.2135626190538,203.69910446382679,207.0914727565942,131809300
2017-03-22,204.3095703125,204.59735643447553,203.23692262644443,203.86481720042772,97569200
2017-03-23,204.0915069580078,205.23392193574253,203.71652147051114,204.30952548984405,100410300
2017-03-24,203.94325256347656,204.9722936293785,203.15839118462912,204.39673482806137,112504900
2017-03-27,203.73394775390625,203.9955726462541,201.98108359672682,202.26014039024835,87454500
2017-03-28,205.21649169921875,205.64379950873607,203.31536316664736,203.42873706229656,93483900
2017-03-29,205.4083251953125,205.64378892539085,204.70194731187206,204.92869509150106,61950400
2017-03-30,206.06239318847656,206.26297982205872,205.1728871443985,205.34729931146506,56737900
2017-03-31,205.5827178955078,206.2542052565486,205.53038228076855,205.72223961443518,73733100
2017-04-03,205.2252197265625,205.83566899521995,203.98687597962993,205.6350956584031,85546500
2017-04-04,205.35601806640625,205.44323080452804,204.55371144150894,204.93742619837192,56466200
2017-04-05,204.74554443359375,207.0216582368006,204.5362418711079,206.03621030193813,108800600
2017-04-06,205.32115173339844,205.84438826920933,204.44034827523623,204.8851146334912,69135800
2017-04-07,205.1118621826172,205.80952424820782,204.62350272874286,205.06825580849332,74412300
2017-04-10,205.2339630126953,206.03626977361657,204.70199715627172,205.25140822463646,67615300
2017-04-11,204.98977661132812,205.09442126597884,203.48980779628013,204.8502415339289,88045300
2017-04-12,204.0915069580078,204.90254281597214,203.86477247534435,204.71068544341261,81864400
2017-04-13,202.7659912109375,204.49270791016122,202.7659912109375,203.75143943058353,92880400
2017-04-17,204.56248474121094,204.56248474121094,203.08867697449617,203.2892503472046,68405400
2017-04-18,203.95191955566406,204.4926144244585,203.26298702687967,203.82111379285428,83225800
2017-04-19,203.57701110839844,204.89383840996135,203.35026329143756,204.5188528769826,68699900
2017-04-20,205.2339630126953,205.6787294230088,203.87352923083765,204.19619246436093,92572200
2017-04-21,204.57986450195312,205.2077589325431,204.17871785878427,205.15543661445977,110389800
2017-04-24,206.829833984375,207.03913658035975,204.55371981687566,206.83854993582582,119209900
2017-04-25,208.0332489013672,208.38207316781796,207.38790937096115,207.47512209097027,76698300
2017-04-26,207.90249633789062,208.88794450074894,207.85890327073167,207.99842503787505,84702500
2017-04-27,208.07687377929688,208.38209171290617,207.53617881934807,208.2251247710718,57410300
2017-04-28,207.62344360351562,208.3646987482414,207.49262447906003,208.33853758470974,63532800
2017-05-01,208.1466522216797,208.57397334662576,207.72806035460317,208.1466522216797,66882500
2017-05-02,208.22515869140625,208.408286820045,207.8152827563437,208.28619696535378,57375700
2017-05-03,207.97225952148438,208.3210971990334,207.29204268375975,208.225168501057,73137700
2017-05-04,208.21641540527344,208.35595046031875,207.36178648001257,208.27746698190398,61462700
2017-05-05,209.0361785888672,209.05362379839545,208.14665919806973,208.59142554686645,62001300
2017-05-08,209.00137329101562,209.22810786560672,208.5740520049164,209.0798568006663,48385700
2017-05-09,208.80943298339844,209.46348858455417,208.46059534537153,209.26291525943574,51363200
2017-05-10,209.18441772460938,209.18441772460938,208.55652328520603,208.7658258672722,54293800
2017-05-11,208.75709533691406,208.9227915394616,207.66700274835853,208.73093417933228,62358300
2017-05-12,208.40826416015625,208.80069484279565,208.13792331893342,208.50419284318318,53912700
2017-05-15,209.55943298339844,209.6815228391627,208.81816459046047,208.8356098003686,61918900
2017-05-16,209.36756896972656,209.88208953796666,208.97513825338743,209.85592837733046,51241800
2017-05-17,205.65252685546875,209.3675578431353,205.59147527936486,209.3675578431353,172174100
2017-05-18,206.4810333251953,207.3356624033098,205.31244366367815,205.57406861198194,107047700
2017-05-19,207.8240203857422,208.49552130998555,206.91706898583226,206.96939131375817,115011400
2017-05-22,208.87924194335938,209.04493819093952,208.2687925892204,208.33854682386664,61010600
2017-05-23,209.3413848876953,209.50708109144605,208.87045743421487,209.25417215725986,48341700
2017-05-24,209.8297576904297,209.9344023282237,209.23674036040805,209.57686204682906,46927700
2017-05-25,210.83267211914062,211.11174227464903,210.13502334396443,210.34431265379834,64071700
2017-05-26,210.78907775878906,210.95476069245956,210.56232993212893,210.6408134228356,46629900
2017-05-30,210.60594177246094,210.8588374624555,210.30943970645413,210.4664066919409,35201900
2017-05-31,210.55361938476562,210.937334202689,209.8559572891593,210.90244377916994,91796000
2017-06-01,212.2279510498047,212.24539625750512,210.72798255063688,211.0157685971185,68962000
2017-06-02,212.93434143066406,213.09132169559203,211.98378381051785,212.28028582485413,88666100
2017-06-05,212.77735900878906,213.04769984378936,212.57677239002578,212.7599138013326,44698800
2017-06-06,212.09716796875,212.76865550897688,212.0186711790905,212.21052856395417,50375400
2017-06-07,212.4895782470703,212.71631272246142,211.76575514777463,212.43725593019505,54144300
2017-06-08,212.59426879882812,213.0739123184404,212.06230295103953,212.58555284639792,65950700
2017-06-09,212.2715606689453,213.66687125008968,210.99832662319122,212.86456467190285,132256400
2017-06-12,212.2279510498047,212.28027336611143,211.3733221676073,212.02737773503068,86108100
2017-06-13,213.26571655273438,213.31803886786517,212.41980364000176,212.76862794540327,60067000
2017-06-14,212.995361328125,213.54475890667032,212.16688037188618,213.5360429570022,78602300
2017-06-15,212.58554077148438,212.70763063256027,211.35591290199363,211.6349697386827,66464900
2017-06-16,212.63194274902344,212.79844698717417,211.74685745931615,212.74586951653424,84553100
2017-06-19,214.40213012695312,214.46346605311797,213.3680574916564,213.46445397993247,65123800
2017-06-20,212.95620727539062,214.05161596273476,212.93869036400852,214.04285750704372,56906400
2017-06-21,212.90362548828125,213.46447418998125,212.43041482847005,213.3505607815512,55977600
2017-06-22,212.80723571777344,213.41190345953154,212.63197300014355,212.91240404570195,44148100
2017-06-23,213.06141662597656,213.39441183829777,212.48303751848988,212.86862359014768,66986800
2017-06-26,213.2015380859375,214.15674444607043,212.99122821497548,213.73609796077525,56700500
2017-06-27,211.4840087890625,213.28048191766698,211.46647850397218,212.98252055788987,82247700
2017-06-28,213.3768310546875,213.57838248756462,212.272650657868,212.50926265314172,70042600
2017-06-29,211.50155639648438,213.57844739818682,210.2834622308902,213.52586991029926,106949700
2017-06-30,211.8958740234375,212.69333481298895,211.70308101120114,212.31650724482185,86820700
2017-07-03,212.2551727294922,213.28047373506152,212.2551727294922,212.842310226441,39153800
2017-07-05,212.74588012695312,212.95619002000186,211.8082039481542,212.62319489877902,54427600
2017-07-06,210.8004150390625,212.09737496283415,210.61638052697535,211.97468974533797,65400800
2017-07-07,212.16749572753906,212.31646968851743,210.80918642584788,211.37880690549213,57972300
2017-07-10,212.39535522460938,212.77218276041182,211.86079525871835,212.16751503502994,36663300
2017-07-11,212.2376251220703,212.55310335739506,211.063350224018,212.3953575538887,50354600
2017-07-12,213.83255004882812,213.99905432109583,213.21036535652047,213.21036535652047,59610400
2017-07-13,214.1918182373047,214.3057450126829,213.61343927695148,213.84129282770792,39471600
2017-07-14,215.19082641601562,215.550123645858,214.09541781651097,214.19181430813487,60262700
2017-07-17,215.16458129882812,215.4975898595269,214.98931856171447,215.112003814863,33531900
2017-07-18,215.27847290039062,215.33105037576013,214.4109044417314,214.75267140332065,42742500
2017-07-19,216.4439697265625,216.45272818110283,215.58515980090186,215.5939316271285,51034300
2017-07-20,216.54042053222656,216.82083823640943,215.98833020890854,216.6981529836376,47135200
2017-07-21,216.3475799560547,216.37386869217812,215.73414045534344,215.9619939973288,82340800
2017-07-24,216.29502868652344,216.43523083893737,215.8218046356003,216.26872657552696,46622300
2017-07-25,216.82081604003906,217.15382456562457,216.59297584298434,217.0486562370938,54915600
2017-07-26,216.82955932617188,217.14503754631622,216.56667195245774,217.10999035371677,47575400
2017-07-27,216.6280059814453,217.32907017246814,215.29598535567067,217.29402298017627,70766600
2017-07-28,216.3739013671875,216.50534506765416,215.69036738138323,216.14604779079357,50088400
2017-07-31,216.25123596191406,216.87342069678778,216.0409126501834,216.7770241837058,65838700
2017-08-01,216.7332000732422,216.89093251484232,216.20739852453065,216.85588531838303,55050400
2017-08-02,216.8383331298828,216.9785486449335,215.90065691612952,216.86462186749387,47211200
2017-08-03,216.41766357421875,216.75065865187472,216.13723259126084,216.72436991868307,40856000
2017-08-04,216.8120574951172,217.14505264887754,216.4264714912689,216.90845399607926,60191800
2017-08-07,217.21514892578125,217.21514892578125,216.77698546670044,216.88215378962738,31995000
2017-08-08,216.68063354492188,218.1265812803518,216.30381931100672,216.89971531953032,61719400
2017-08-09,216.67184448242188,216.72442196143078,215.6290132431172,215.9883105119293,62632600
2017-08-10,213.6134796142578,215.96204309144204,213.56090213005865,215.83058600925438,120479500
2017-08-11,213.9289093017578,214.52481852127642,213.60467264171322,213.84128463855788,74869900
2017-08-14,216.0496368408203,216.26871857474214,215.18208173237005,215.21712892625487,73291900
2017-08-15,216.02334594726562,216.45275095527597,215.7166395458477,216.4352206726645,55242700
2017-08-16,216.400146484375,216.9522366584198,215.97074152993062,216.54912043876934,56715500
2017-08-17,213.02630615234375,216.10222217601435,213.02630615234375,215.78674395234782,128490400
2017-08-18,212.6933135986328,213.9902737020257,212.2463783095315,212.85980448196815,136748000
2017-08-21,212.85986328125,213.1227641053988,211.92220016687193,212.63202303188976,65469700
2017-08-22,215.08566284179688,215.24339525538875,213.42940564064983,213.4469359216111,63140100
2017-08-23,214.31451416015625,214.74391917426985,213.9639887330715,214.11296270816692,50203800
2017-08-24,213.81500244140625,214.85782020700387,213.60467917425805,214.7000877854081,50741700
2017-08-25,214.31451416015625,215.23466012086368,214.16554018506085,214.6124621103471,64445900
2017-08-28,214.3233184814453,214.875395444221,213.90267185914297,214.84910670178834,40565600
2017-08-29,214.56866455078125,214.83155194516272,212.8861049966093,213.0000317819669,51135700
2017-08-30,215.58522033691406,215.85689296418565,214.36712622945205,214.55116079996634,62030800
2017-08-31,216.8821563720703,217.1275268423422,215.6202434554218,216.20738089297868,103803900
2017-09-01,217.18887329101562,217.61827832062843,217.03989931054303,217.2589810533007,62007000
2017-09-05,215.62899780273438,216.9084409776514,214.65627439565748,216.68058742267732,91398800
2017-09-06,216.3651123046875,216.6981208149288,215.77797486989047,216.3125348286889,57916900
2017-09-07,216.3389129638672,216.68945190152292,215.92703806942998,216.6719216117168,58034700
2017-09-08,216.08470153808594,216.54915375314587,215.83933106113685,216.04964097184285,63832800
2017-09-11,218.3894500732422,218.46831629133553,217.34661883949113,217.36413575127517,71364800
2017-09-12,219.12554931640625,219.16059650971104,218.57345907712028,218.75749361411147,56896000
2017-09-13,219.23069763183594,219.26575819576706,218.72242642833217,218.83635320357754,59228000
2017-09-14,219.16058349609375,219.36214830361237,218.73119188809065,218.90645458758294,95446300
2017-09-15,219.45562744140625,219.5436869676829,218.9096126891291,219.01528949588013,95432400
2017-09-18,219.9224090576172,220.27467407801274,219.53490947235258,219.82553416130102,46235200
2017-09-19,220.142578125,220.23065109915152,219.81673230912787,220.16899732963563,47108100
2017-09-20,220.2218475341797,220.33633971909913,219.217877390105,220.23066289489648,59574100
2017-09-21,219.6317901611328,220.151385783237,219.45565764628978,220.06332624484025,48211400
2017-09-22,219.67581176757812,219.84314234866062,219.30592948005037,219.3323486835846,51214000
2017-09-25,219.22665405273438,219.7726822703158,218.4780875708016,219.4204038334813,57064400
2017-09-26,219.35873413085938,219.90474883727413,219.12094789759476,219.65816068353544,54082000
2017-09-27,220.2130126953125,220.60051224353407,219.17380813980478,220.06329940405377,81001400
2017-09-28,220.47718811035156,220.55644570585628,219.84310047022183,219.93115998587837,44778800
2017-09-29,221.25218200683594,221.3314530433761,220.28344666980541,220.4683810662905,85578000
2017-10-02,222.21217346191406,222.21217346191406,221.3050648242496,221.48121077365195,59023000
2017-10-03,222.68771362304688,222.7141328255976,222.13288349338526,222.21215453908556,66810200
2017-10-04,222.95191955566406,223.19850773868842,222.4235086274415,222.53800079743428,55953600
2017-10-05,224.27294921875,224.29055306302746,222.98715636989485,223.2865829792005,63522800
2017-10-06,224.0175323486328,224.30815701853285,223.55959053974334,223.82378256869947,80646000
2017-10-09,223.6476593017578,224.30816627750906,223.38345382384756,224.24652594755767,35803100
2017-10-10,224.2376708984375,224.61636848529244,223.67403891641214,224.2200670575951,43057400
2017-10-11,224.58998107910156,224.58998107910156,223.9735106111881,224.14082775115517,47674300
2017-10-12,224.25534057617188,224.6252228909848,224.01755428877445,224.27295785917715,47065100
2017-10-13,224.52830505371094,224.81012777570217,224.25529769056132,224.69563561513738,54800400
2017-10-16,224.82778930664062,225.0215391182128,224.413883914337,224.7573470461148,38221700
2017-10-17,224.9862823486328,225.0303188330236,224.55474630248017,224.7749152863859,31561000
2017-10-18,225.20645141601562,225.40900311863044,225.0127016350629,225.36496663422332,40888300
2017-10-19,225.26805114746094,225.30328570385626,223.99988931619401,224.42260992661633,61903800
2017-10-20,226.43057250976562,226.45701858837347,225.25048344213045,226.06951903413764,89176400
2017-10-23,225.5499267578125,226.78289470952075,225.47066913967694,226.75647550347557,63915300
2017-10-24,225.94618225097656,226.18395504279667,225.58510194600277,225.98141680846228,66935900
2017-10-25,224.82778930664062,225.72608266592513,223.69172308246795,225.61159047598238,103715300
2017-10-26,225.1183624267578,225.71721557032308,224.995068342021,225.44422163774232,69798000
2017-10-27,226.95896911621094,227.1175111973742,225.12717514675106,225.86693964649993,85562500
2017-10-30,226.11355590820312,226.8621358599445,225.81412930272614,225.86696771098102,54285700
2017-10-31,226.46578979492188,226.72119331711465,226.16636323060015,226.4922089954181,60304800
2017-11-01,226.76524353027344,227.59308107980502,226.39537467900877,227.24963143220214,54202700
2017-11-02,226.85333251953125,226.99424390770963,225.62039146809428,226.69481728636774,56449500
2017-11-03,227.61070251464844,227.65472556025642,226.59790370470265,227.0118224625833,59589700
2017-11-06,227.9629364013672,228.09503239626233,227.408106346715,227.47854858529487,49652600
2017-11-07,227.804443359375,228.40329651186104,227.2936362946524,228.06863537485555,57502200
2017-11-08,228.19192504882812,228.2888133757332,227.3464836897563,227.62830643481232,50469600
2017-11-09,227.36412048339844,227.55787026628883,225.77007229737904,226.9766209176176,95085500
2017-11-10,227.29360961914062,227.46975552618503,226.6595219803096,226.97657923777112,59984700
2017-11-13,227.50498962402344,227.73397395455186,226.57147533569324,226.60670989641187,50228600
2017-11-14,226.97662353515625,227.08230034957026,225.9109862789213,226.6948007793207,61315200
2017-11-15,225.84056091308594,226.52748713423264,225.12721548636048,225.99907614655842,80811500
2017-11-16,227.7604217529297,228.1303174966804,226.74764973289354,226.79167278224784,67777000
2017-11-17,227.091064453125,227.73396750658523,227.01180685082352,227.4081217384254,75756800
2017-11-20,227.4785919189453,227.6723417070642,227.09109234270758,227.33770741494766,48075500
2017-11-21,228.96690368652344,229.15186496423217,227.44335167972977,228.2535584042006,69176800
2017-11-22,228.7643585205078,229.10780811311338,228.59702796541256,228.9757121159574,45033400
2017-11-24,229.29278564453125,229.3984893382344,229.11666657388875,229.2575779560616,27856500
2017-11-27,229.17832946777344,229.63627132099487,228.9757643085663,229.3368447004925,52274900
2017-11-28,231.5032958984375,231.52971510340254,229.54819410272967,229.64508243833384,98971700
2017-11-29,231.3623809814453,232.1726147148354,230.9132545038959,231.63538838728257,77512100
2017-11-30,233.38795471191406,234.3038383985784,232.20785210032466,232.28710971497262,127894400
2017-12-01,232.90350341796875,233.65208318743103,229.64501923926701,233.16772227100375,164390900
2017-12-04,232.62176513671875,234.9643395812636,232.56889985216333,234.5328169534945,94040600
2017-12-05,231.78514099121094,233.5112585927258,231.65304495366408,231.78514099121094,77994500
2017-12-06,231.82913208007812,232.26068157803005,231.36237489436897,231.8819704878114,75898600
2017-12-07,232.56015014648438,232.87718065009292,231.5649818277647,232.56015014648438,77218600
2017-12-08,233.82827758789062,233.83706607155074,232.52486752041426,233.52003563346278,76563900
2017-12-11,234.53285217285156,234.5945059506764,233.80190282869185,234.53285217285156,83077500
2017-12-12,234.94671630859375,235.42228882148268,234.56803212059685,235.32540049659065,85195800
2017-12-13,234.92030334472656,235.63364869495462,234.8322303768757,235.19331073179674,102905400
2017-12-14,233.9604034423828,235.33425593484134,233.90756502929597,235.21976374778643,100666700
2017-12-15,235.90869140625,236.3778344548762,234.9172968139439,234.97040530899767,144610300
2017-12-18,237.40460205078125,237.7586676268272,237.2098619319352,237.31607890340177,83653600
2017-12-19,236.4928436279297,237.69667185309964,236.4220143126439,237.65242379114767,82382900
2017-12-20,236.3689422607422,237.5196621835246,236.0679851580679,237.4665536956099,76751500
2017-12-21,236.8558349609375,237.57285374392364,236.6079862876942,236.9974666332879,67032300
2017-12-22,236.7938690185547,236.90894642900167,236.25389663418267,236.87353176113876,78720900
2017-12-26,236.51055908203125,236.73185343896915,236.2450166590943,236.3866212756798,45244400
2017-12-27,236.6256561279297,236.98858214507518,236.35125326360784,236.67876461692916,57751000
2017-12-28,237.1124725341797,237.15674761351644,236.7407131431897,237.13019337130288,45116100
2017-12-29,236.2184600830078,237.7144122532801,236.0237469614916,237.69671842772613,96007400
2018-01-02,237.90908813476562,237.94450278978306,236.6963995817197,237.0858797465111,86655700
2018-01-03,239.4139862060547,239.5644782837666,238.07735938767658,238.07735938767658,90070400
2018-01-04,240.42303466796875,240.90989847444283,239.47591532497438,240.06013568466005,80636400
2018-01-05,242.0253143310547,242.14922517008898,240.72410194704705,241.21979933014697,83524000
2018-01-08,242.4678192138672,242.62714467178108,241.63575024902096,241.92784692186305,57319200
2018-01-09,243.01661682128906,243.6450852266759,242.60941575776872,242.8926790158339,57254000
2018-01-10,242.64488220214844,242.91045169331238,241.5826852779233,242.25540189255616,69574300
2018-01-11,244.4152069091797,244.4152069091797,243.0343321706455,243.20251805667615,62361500
2018-01-12,246.00856018066406,246.17671906522696,244.37980969297988,244.68079383624084,90816100
2018-01-16,245.1676025390625,247.9293518961884,244.46830478085678,247.27432921913152,106555100
2018-01-17,247.50445556640625,247.89393580821957,245.16760112899854,246.10588707151092,113258800
2018-01-18,247.0884552001953,247.81428020492635,246.5927309580643,247.3894123023468,100728000
2018-01-19,248.21266174316406,248.21266174316406,247.08849588120745,247.67268934343676,140920100
2018-01-22,250.23081970214844,250.23081970214844,247.9470467152669,248.0001822155531,91322400
2018-01-23,250.76197814941406,251.05407488113116,249.9476028445889,250.27511424524903,97084700
2018-01-24,250.66458129882812,252.0100685126902,249.47844658003856,251.40812722642116,134816100
2018-01-25,250.77073669433594,251.62935981890837,249.974082468545,251.53200327522552,84587300
2018-01-26,253.67416381835938,253.71843890279686,251.35500301962324,251.6117120662429,107743100
2018-01-29,251.99241638183594,253.54147757339797,251.833090856797,253.0988886615231,90118300
2018-01-30,249.40753173828125,252.04534245513017,248.9295284956686,250.15107733042103,131796400
2018-01-31,249.53160095214844,250.77084439264763,248.45168302253893,250.26631360816364,108364800
2018-02-01,249.24830627441406,250.55837889747363,248.4516518065779,248.79688405027753,90102500
2018-02-02,243.8220977783203,248.0532441863662,243.78668312259475,247.92044598076222,173174800
2018-02-05,233.62489318847656,244.17622096909975,233.07608745570695,242.05180035272843,294681800
2018-02-06,238.22776794433594,238.73232548194565,228.99537530974635,230.09298650303026,355026800
2018-02-07,236.93553161621094,241.08699026040955,236.85584184974414,237.67021723607462,167376100
2018-02-08,228.04832458496094,237.37810467355715,228.01290991483094,237.2364730065155,246449500
2018-02-09,231.47396850585938,233.341680486033,223.8791422204989,230.8543333105857,283565300
2018-02-12,234.87295532226562,236.35121338593257,231.6155091503573,233.53632887652546,143736000
2018-02-13,235.4572296142578,236.0060353761651,233.07609983038898,233.66032025826695,81223600
2018-02-14,238.63502502441406,238.99795108063518,233.9524279746534,233.9612883949318,120735700
2018-02-15,241.68003845214844,241.6888988724391,237.90917324112442,240.38768672310522,111200300
2018-02-16,241.75082397460938,243.70708577955176,241.0072780857276,241.05155317062778,160420100
2018-02-20,240.2371826171875,242.24655295225645,239.4405282217326,240.7948487980485,86369700
2018-02-21,239.04217529296875,243.17596614234594,238.94481873353052,240.6797590858948,98883700
2018-02-22,239.35203552246094,241.69775093504504,238.67931886535743,239.9716706941527,110511300
2018-02-23,243.16709899902344,243.16709899902347,240.10439246899782,240.58239587399885,92766400
2018-02-26,245.9908447265625,246.08822830762622,243.6539899562212,244.24704380883512,86491400
2018-02-27,242.9192352294922,246.89370025277262,242.85726632626165,246.17668168326605,99099200
2018-02-28,240.45851135253906,244.47722558323298,240.1398603542312,244.02577632215116,121907800
2018-03-01,236.96205139160156,241.80397388419357,235.4572386848418,240.24605268316944,176855100
2018-03-02,238.18353271484375,238.75005924064004,234.41269520471468,235.2801518038168,139083200
2018-03-05,240.93641662597656,241.55605155467993,236.88228937730867,236.98853334690455,97307400
2018-03-06,241.54725646972656,241.9987056688439,240.04244381498555,241.91901591672593,79213200
2018-03-07,241.45867919921875,241.8127447405527,239.1749334961659,239.36967359591995,87063500
2018-03-08,242.627197265625,242.75110808859392,241.1401053091307,242.14033335405557,66901200
2018-03-09,246.84945678710938,246.84945678710938,243.72478114474626,244.04345910683665,113625300
2018-03-12,246.53958129882812,247.76999075934336,246.150101110857,247.14152241608159,71924800
2018-03-13,244.94630432128906,248.21261126322244,244.33552972151472,247.70805363497897,91968900
2018-03-14,243.68931579589844,246.09699928964278,243.13167675180094,245.91111960827695,105895100
2018-03-15,243.42373657226562,244.84885893628,242.9191790714115,244.2026968514513,83433000
2018-03-16,243.6878204345703,244.74540281366646,243.63449923240321,243.9544264454057,100343700
2018-03-19,240.39059448242188,243.86550349457602,238.72868737262303,242.9323555080929,109208400
2018-03-20,240.79942321777344,241.4393046381475,240.1150893899907,240.7905273119589,59757300
2018-03-21,240.33724975585938,242.86121872251044,240.12396500764322,240.75495046889054,78709600
2018-03-22,234.3295135498047,238.95085506648576,234.05398457579776,238.09768891476452,148785900
2018-03-23,229.33489990234375,235.10272912118262,229.13937980811755,234.77390603581736,183534800
2018-03-26,235.60923767089844,235.89363541475672,230.54353507652343,232.96086165599547,141956100
2018-03-27,231.6011962890625,237.08460146790827,230.0370352850245,236.5513894180507,129941400
2018-03-28,230.91673278808594,233.41406772218113,229.80582977110555,231.73436934211202,146452300
2018-03-29,233.86732482910156,235.7425434424715,230.92565546876068,232.06321920519167,111601600
2018-04-02,228.81944274902344,233.8496166635803,226.33101638882164,233.3341422912118,186286300
2018-04-03,231.75216674804688,232.23208451320636,228.25949367872175,230.06359934815626,119956900
2018-04-04,234.23170471191406,234.94267187776452,228.04620357970649,228.1795065330961,123715300
2018-04-05,236.0802764892578,236.9689990591677,234.90715618777824,236.0002675909047,82652600
2018-04-06,230.819091796875,235.60929369136565,229.29048746225988,234.10737707814053,179521200
2018-04-09,231.9566192626953,235.36931109609853,231.01457539251095,232.28544231452105,105442900
2018-04-10,235.6448211669922,236.43579739740815,233.71630807413945,234.86274084261026,103529000
2018-04-11,234.4095001220703,236.08030308116454,234.08067707363097,234.1517629537002,91140200
2018-04-12,236.33804321289062,237.2889831000572,235.56485873102008,235.74261413631612,68890500
2018-04-13,235.6448211669922,237.76888146260518,234.63169138070813,237.65334317082176,85079200
2018-04-16,237.58218383789062,238.35539522712878,236.46241188421016,237.28891733426607,63405300
2018-04-17,240.1239776611328,240.7283025606984,238.84421486107436,239.3596620703125,64682000
2018-04-18,240.3017578125,241.1104716493528,239.83960462382296,240.56836378930137,57303900
2018-04-19,238.9686279296875,239.84845460633704,237.92881057592464,239.6440386488183,77655900
2018-04-20,236.94232177734375,239.11970301815262,236.05359916830528,238.897522365893,99953100
2018-04-23,236.90684509277344,238.0799657068254,235.82260218372562,237.5200659991339,65558000
2018-04-24,233.71629333496094,238.15990660538384,232.20545397435194,237.93772594186268,112885500
2018-04-25,234.2939453125,234.73830661616998,231.8232975489614,233.65406395034879,103840900
2018-04-26,236.67579650878906,237.51119821574554,234.88058599047343,235.32494744644302,67731900
2018-04-27,236.89793395996094,237.59113661977153,235.95589001513287,237.28897413951213,57053600
2018-04-30,235.07606506347656,238.0799523207147,235.00495205480453,237.52005264450372,82182300
2018-05-01,235.49375915527344,235.60040154358634,232.94310213368462,234.50726282004828,74203400
2018-05-02,233.91183471679688,236.11584974188295,233.52079454363667,235.29824001375923,86368900
2018-05-03,233.3963165283203,234.05396254987699,230.22357045055128,233.07638942215556,136311500
2018-05-04,236.41799926757812,237.10233309395733,232.08992412436334,232.41874717885847,91222100
2018-05-07,237.21788024902344,238.19545354325084,236.49798989421606,237.19121965230207,55304900
2018-05-08,237.21788024902344,237.582232696994,235.64482367746677,236.84460477325905,67499200
2018-05-09,239.5107879638672,239.83961105128967,237.3689628206107,237.8933060034826,59666100
2018-05-10,241.75035095214844,242.07920114948223,240.15066086232233,240.25730325208863,72063900
2018-05-11,242.48797607421875,242.75458201571308,241.3592809713471,241.87475528711937,59871500
2018-05-14,242.60353088378906,243.58110415030845,242.052500031057,242.92345803537776,54790600
2018-05-15,240.93272399902344,241.38595412314226,239.98178422211876,241.36818943333927,87036100
2018-05-16,241.94589233398438,242.40804555919962,240.94163120585822,240.9683189273143,53942600
2018-05-17,241.7415008544922,242.82574377037312,240.95942044019537,241.6792837484304,56536400
2018-05-18,241.13719177246094,241.75930870079023,240.78170800841824,241.3949290281028,64368000
2018-05-21,242.9501495361328,243.4922845519512,242.23918213883115,242.63022234384738,58025900
2018-05-22,242.27471923828125,243.73223770732946,241.94589612851684,243.4745004908917,52966400
2018-05-23,242.94117736816406,242.96786508081144,240.83490931512094,240.99489998270917,64694200
2018-05-24,242.4435272216797,242.81680266690321,240.64831723876975,242.54130081610177,76043800
2018-05-25,241.8658905029297,242.49687606009732,241.35931202724618,241.8658905029297,56374800
2018-05-29,239.0841064453125,240.9948814317973,237.9643345883461,240.23056601287198,115908600
2018-05-30,242.27471923828125,242.71908065616154,240.32844117990075,240.39952707322743,69678400
2018-05-31,240.79061889648438,242.1681287384711,240.18629374784985,241.86596616415383,93519900
2018-06-01,243.15452575683594,243.4566882073279,242.02583061818825,242.0969436192824,71258400
2018-06-04,244.30984497070312,244.56758212684406,243.74107659214565,243.98102193786585,45385200
2018-06-05,244.48765563964844,244.8697999468515,243.67001870357677,244.44320322520517,51135000
2018-06-06,246.53164672851562,246.6382891023098,244.47869966799232,245.10081634400737,62732200
2018-06-07,246.5050048828125,247.31374577447554,245.58962160924466,247.02047922423736,72969400
2018-06-08,247.23370361328125,247.28702479121256,245.87395933271875,246.0428187700536,72139700
2018-06-11,247.56265258789062,248.28251597801363,247.3404718595398,247.4560101777496,58892500
2018-06-12,247.8825225830078,248.24687498643988,247.23374531320746,247.980269051816,72329000
2018-06-13,247.09152221679688,248.3801807250203,246.8871062725177,248.12244359904378,79070600
2018-06-14,247.71363830566406,248.24685012150417,247.1181822824306,247.96247952694245,77097600
2018-06-15,247.39767456054688,247.73691001925954,245.8086457619335,246.9245375374612,120041600
2018-06-18,246.8887939453125,247.01378688714274,245.45153857495595,245.9335841531478,52917600
2018-06-19,245.9425048828125,246.16568319940308,244.1838586583409,244.60343498326907,97531500
2018-06-20,246.36209106445312,247.0316260410123,246.02285565071145,246.6298941576976,53785500
2018-06-21,244.8177490234375,246.37108908658135,244.3178316275961,246.3532173802232,71061400
2018-06-22,245.2641143798828,246.20147996251694,245.0409359902255,246.08542284094221,54898500
2018-06-25,241.9253387451172,244.26424356517674,240.2291886823104,244.1035616867265,137854200
2018-06-26,242.46092224121094,243.3179193263038,241.73782669387535,242.49663839909493,68547400
2018-06-27,240.45236206054688,244.48741685986784,240.3005887939629,243.05016134884588,105110700
2018-06-28,241.82711791992188,242.5948382779115,239.6845842139696,240.39877119710295,76650500
2018-06-29,242.17526245117188,244.29992445988526,242.05920536345172,242.92513835246228,97592500
2018-07-02,242.69300842285156,242.8537175111191,240.35410409229647,240.59515410297473,63554800
2018-07-03,241.8360595703125,243.6929187367211,241.40757456533476,243.59470609411272,42187100
2018-07-05,243.8088836669922,243.8713801280583,241.88955577746836,242.9697583412307,56925900
2018-07-06,245.87110900878906,246.24603333836018,243.45183635113958,243.8357237750595,66493700
2018-07-09,248.08511352539062,248.13867416397244,246.83531988605162,246.87994467038376,50550400
2018-07-10,248.97779846191406,249.07601111696587,248.24576682772764,248.54037754942811,51966800
2018-07-11,247.15660095214844,248.2100233928997,246.85308168733837,247.41549544756984,77054700
2018-07-12,249.39730834960938,249.45086896772284,247.81721562836714,248.42425412928472,60124700
2018-07-13,249.59375,249.89726930352268,248.763533030648,249.21882560765826,48216000
2018-07-16,249.37046813964844,249.7811085276948,248.92411160028982,249.63829840932826,48201000
2018-07-17,250.3793487548828,250.77214486231094,248.54036118076618,248.59392180964701,52315500
2018-07-18,250.90602111816406,251.0131423651172,250.01330773562069,250.45966442689237,44593500
2018-07-19,249.95970153808594,250.62030060281975,249.4776287712406,250.23644045674175,61412100
2018-07-20,249.67408752441406,250.38827462009297,249.51340564418084,249.75442846453066,82337700
2018-07-23,250.13824462890625,250.34355122507282,249.1205385240232,249.46870974204455,47047600
2018-07-24,251.3970184326172,252.2451070968884,250.5221766983712,251.55772755663054,68026900
2018-07-25,253.53953552246094,253.86089926208885,251.10241818981464,251.14704296139064,78882900
2018-07-26,252.94142150878906,253.62880104638194,252.71824314994632,252.81645579443216,57919500
2018-07-27,251.22743225097656,253.36993909222014,250.29900263050504,253.2717264456695,76768700
2018-07-30,249.91510009765625,251.46841252713094,249.38837527459845,251.3077306710021,63742500
2018-07-31,251.14707946777344,251.76305396838112,250.2990179804043,250.68287825079628,68570500
2018-08-01,250.7274932861328,251.86125683417313,250.07582988577897,251.35240361545203,53853300
2018-08-02,252.09332275390625,252.26291321753297,249.2098489770845,249.4151828444507,63426400
2018-08-03,253.17349243164062,253.22705304912878,252.03972912676397,252.21828268068944,53935400
2018-08-06,254.1019744873047,254.41440240619343,252.81646491452096,253.20926101973006,39400900
2018-08-07,254.94105529785156,255.32494272649618,254.6375360414092,254.77146483278077,43196600
2018-08-08,254.8339080810547,255.23563992731937,254.36970701442615,254.77143886069084,42114600
2018-08-09,254.4857940673828,255.2892306111022,254.3518925173377,254.89643456867074,35717000
2018-08-10,252.78076171875,253.58419843210382,252.06657456197095,253.0396562657983,77076000
2018-08-13,251.83444213867188,253.67342946497885,251.53983147607397,253.05745507240084,65732900
2018-08-14,253.44126892089844,253.6823189177448,252.1736314487849,252.56642743143982,43842000
2018-08-15,251.54872131347656,252.22719205503714,250.10253030620862,252.08435467557993,102925400
2018-08-16,253.58421325683594,254.45908235874043,252.95930286355332,252.99501903434387,69967900
2018-08-17,254.4768829345703,254.92323964037618,252.96819508947033,253.37883563064537,65618500
2018-08-20,255.02145385742188,255.289256985179,254.47688450638043,254.932177067019,39807500
2018-08-21,255.61949157714844,256.4854244612599,255.05707790844943,255.53915065925494,67272000
2018-08-22,255.4678192138672,255.99451687858652,254.9410943056955,255.20892468597043,44993300
2018-08-23,255.12857055664062,256.15518551932854,254.80717956561472,255.2892524304281,49204900
2018-08-24,256.6640625,256.8068999266529,255.65529190413824,255.7088525337014,57487400
2018-08-27,258.69049072265625,258.79761197284716,257.7085005234876,257.86918239877394,57072400
2018-08-28,258.8154602050781,259.26181686936127,258.3512318384164,259.15466838543637,46943500
2018-08-29,260.2081298828125,260.4402168575375,258.78871874651185,259.0297415737676,61485500
2018-08-30,259.1546936035156,260.100967644401,258.55659087150667,259.72604326625094,61229500
2018-08-31,259.16357421875,259.6099308313335,258.2530165367201,258.7439979131837,66140800
2018-09-04,258.71734619140625,259.07442621025643,257.70857538664654,258.74412651173355,57594400
2018-09-05,258.02093505859375,258.56550436150695,257.00325601960617,258.36017048607266,72452400
2018-09-06,257.2442321777344,258.43152871521755,256.2086816239088,258.12800950445825,65909900
2018-09-07,256.744384765625,257.72637497526324,255.9498567458195,256.19090680477024,73524800
2018-09-10,257.1907653808594,258.0299182522352,256.99436732067664,257.7620878555565,50210900
2018-09-11,258.0388488769531,258.48520566604554,256.1909524751373,256.53909660403207,50530500
2018-09-12,258.1012878417969,258.70832640123996,257.3067871008832,258.0477272185196,59810800
2018-09-13,259.62774658203125,259.8152359538671,258.88680667418197,259.17248141307624,51034200
2018-09-14,259.67242431640625,260.02056830363557,258.8868323283208,259.83310615666596,55079900
2018-09-17,258.2976379394531,259.6545522164094,258.0208990227281,259.618863303148,68244000
2018-09-18,259.69921875,260.2973213802056,258.4851145450664,258.5118948532331,61930400
2018-09-19,259.9759521484375,260.39552846308294,259.6277809062345,259.75277383731645,49080600
2018-09-20,262.0827941894531,262.40418518765625,259.99384805321336,261.24366863756245,100360600
2018-09-21,261.84332275390625,262.9463405779948,261.6819135211442,262.82975812096424,105479700
2018-09-24,260.97344970703125,261.4039016612901,260.39056483362805,261.26041767653714,53409600
2018-09-25,260.7314758300781,261.53854973160327,260.48936186965653,261.4309435269715,44370000
2018-09-26,259.95123291015625,262.06756067148837,259.52975714524297,260.87488907154767,79739700
2018-09-27,260.6776123046875,261.7716540761646,260.14853034336056,260.4265220964852,59249500
2018-09-28,260.70452880859375,261.20670925381296,260.01403753811275,260.0498880222129,70091400
2018-10-01,261.6102600097656,262.6863492359766,260.9376939808406,261.9510038096576,62078900
2018-10-02,261.45782470703125,262.1752175932064,261.0812030201638,261.45782470703125,47258200
2018-10-03,261.6012878417969,262.93744361635174,261.24259142738816,262.5159678035564,64694600
2018-10-04,259.556640625,261.17078787751586,257.9604186115469,261.1169847935505,111545900
2018-10-05,258.10394287109375,260.30097545367414,256.6691298858032,259.7808697719818,105951700
2018-10-08,258.10394287109375,258.462639275721,256.02346541076156,257.41342424123525,87742200
2018-10-09,257.7272033691406,259.03645710139944,257.16224373099027,257.71825443474444,74339000
2018-10-10,249.5668182373047,257.28789031666327,249.1901965944762,257.21613461636565,214731000
2018-10-11,244.06973266601562,250.10487413207375,242.44658152197326,248.4727740506656,274840500
2018-10-12,247.45945739746094,248.481743470971,244.24906041490266,248.19477541403546,183186500
2018-10-15,246.0694580078125,248.43690329980754,245.97977707400443,247.10072032965846,102263700
2018-10-16,251.44998168945312,251.8266306588255,247.56704635417736,248.04232519244593,118255800
2018-10-17,251.4947967529297,252.12250844862334,248.90316325324835,251.48582045105115,110626000
2018-10-18,247.86288452148438,251.1539848634457,246.58053243287875,250.55314743749204,134557500
2018-10-19,247.7284393310547,250.46352970546525,247.02897189114395,248.51758769747224,139901600
2018-10-22,246.61647033691406,248.7238215743317,246.07841214930215,248.40100308183028,82415800
2018-10-23,245.36094665527344,246.49086590325481,240.87717486712015,242.9756041467345,146352700
2018-10-24,237.9268798828125,245.49548907794653,237.37089654306104,245.10986389383362,177806700
2018-10-25,242.19546508789062,243.74686036437396,238.74298184599124,239.77424414032916,138061500
2018-10-26,237.93585205078125,243.02046194918,235.20973815956194,238.46496127210392,201574600
2018-10-29,236.6176300048828,242.34790441460515,233.021663057574,241.04759943865835,160749100
2018-10-30,240.1239471435547,240.4378166978318,235.9540441132332,236.44727551760465,157116000
2018-10-31,242.68865966796875,245.02022669677612,242.23130614395464,242.70658490481827,128296300
2018-11-01,245.27133178710938,245.46861887156703,242.46448582646087,243.5585274099487,99495000
2018-11-02,243.8186492919922,246.81380671547345,241.75609705538469,246.38335460606748,122634100
2018-11-05,245.16372680664062,245.7197102200329,243.33433995711144,244.3117990817488,65622500
2018-11-06,246.7151641845703,246.87657347268285,245.03823716890668,245.10101656987823,60085900
2018-11-07,251.9969940185547,252.07769864057167,248.4727279898258,248.90318000735877,102752100
2018-11-08,251.53965759277344,252.18532197966127,250.39181283461477,251.18991017343603,65584900
2018-11-09,249.08255004882812,250.40972925468202,247.66566254874814,250.22141846378213,98812600
2018-11-12,244.42840576171875,248.81352148681145,243.90827277285172,248.5714075989599,99673600
2018-11-13,243.9709930419922,246.90336999582976,243.2446241876767,244.89464895345333,98176600
2018-11-14,242.30308532714844,246.25774872779644,240.73376489722332,245.85422560873872,125335900
2018-11-15,244.83192443847656,245.29825433264102,239.4424480472042,241.0296937943665,135101400
2018-11-16,245.4687042236328,246.38338427864835,243.20886458557032,243.7289977012579,126668000
2018-11-19,241.31661987304688,245.15472769562118,240.3929639152032,244.8587834116556,103061700
2018-11-20,236.850830078125,239.43348780845145,235.9809769865467,237.962797069379,136021300
2018-11-21,237.6578826904297,239.56797427428896,237.648933754274,238.41115323380933,75563700
2018-11-23,236.07064819335938,237.47855948185563,235.90923893356168,236.00786880340075,42807900
2018-11-26,239.8818817138672,240.10607038836613,237.94488828218257,238.33946253864323,79981400
2018-11-27,240.68885803222656,240.68885803222656,238.23175991177905,238.8415462915328,75502400
2018-11-28,246.2308349609375,246.2308349609375,240.62611941805568,241.76501513110534,127629600
2018-11-29,245.69281005859375,247.10069383800422,244.30282415053588,245.45066882659407,82346400
2018-11-30,247.1903839111328,247.75534365100785,245.21754033973917,245.54035883865245,98204200
2018-12-03,250.46351623535156,251.44995164032227,248.85834541434582,251.34234548101182,103176300
2018-12-04,242.3479766845703,250.06007318285697,242.03410704159432,249.62962104105128,177986000
2018-12-06,241.98025512695312,242.09683760226312,235.3442766385494,238.4649924617953,204185400
2018-12-07,236.35763549804688,243.2178032663899,235.51468391691392,241.63950628609317,161018900
2018-12-10,236.8059844970703,237.78344368869855,231.9186611721517,236.1782453549932,151445900
2018-12-11,236.8597869873047,240.21364029390534,235.38014743243838,240.02532949846568,121504400
2018-12-12,238.05252075195312,241.22704039607325,237.97181610423624,239.85500665131715,97976700
2018-12-13,237.9717559814453,239.8728712921134,236.8508127683837,239.00301826410646,96662700
2018-12-14,233.57766723632812,236.77011136120362,233.02168377377242,235.81057738974627,116961100
2018-12-17,228.99522399902344,233.73904916590908,227.3541616626381,232.61810606865575,165492300
2018-12-18,228.74417114257812,231.31786621828294,227.13001008262503,230.6453002502516,134515100
2018-12-19,225.31851196289062,232.61809243710942,223.60572141003243,228.82482504964017,214992800
2018-12-20,221.6508331298828,225.64138836842406,219.39100770357825,224.06310519638,252053400
2018-12-21,217.10928344726562,225.23623313097644,216.45984866916038,222.55731811211578,255345600
2018-12-24,211.3726043701172,217.2355468890064,211.30947214605678,215.6119600541939,147311600
2018-12-26,222.05218505859375,222.05218505859375,210.84945610461992,212.8428626949543,218485400
2018-12-27,223.75698852539062,223.95541394927278,215.5398472271579,218.79603637255252,186267300
2018-12-28,223.4683380126953,226.76060065569771,222.2957466044703,225.11898369481835,153100200
2018-12-31,225.4256591796875,225.66920067915444,223.21578329503592,225.10094176816315,144299400
2019-01-02,225.66015625,226.58921986651146,221.84473725264507,221.87179588811404,126925200
2019-01-03,220.2752685546875,224.2079505863008,219.78818561793517,223.90126312996705,144140700
2019-01-04,227.6536102294922,228.30304514236153,222.9452139928378,223.32404873146214,142628800
2019-01-07,229.44857788085938,230.8646972290095,227.02221880062802,227.92421020512762,103139100
2019-01-08,231.6043243408203,232.091407409466,229.10581804572206,231.64944042725773,102512600
2019-01-09,232.68666076660156,233.5345346595669,231.08111760203465,232.31684108762002,95006600
2019-01-10,233.50747680664062,233.76003323135234,230.45874226981556,231.14426436256983,96823900
2019-01-11,233.59764099121094,233.62469962036798,231.83874751626004,232.42503616571668,73858100
2019-01-14,232.1725616455078,232.9843483330247,231.27959904189828,231.68547862236136,70908200
2019-01-15,234.83340454101562,235.14910695304488,232.5423392820038,232.5513680021316,85208300
2019-01-16,235.4017333984375,236.29469610595922,235.0589722506551,235.26641266261205,77636700
2019-01-17,237.18759155273438,238.05352289944625,234.48161802907856,234.52673410375783,96118400
2019-01-18,240.3445587158203,240.81361173980105,237.22367698460755,239.00962940531736,127900300
2019-01-22,237.09730529785156,239.08169620927862,235.4737327532852,238.86522721042354,115531200
2019-01-23,237.59353637695312,238.83828880004438,235.11306025245958,238.13473667306982,86030300
2019-01-24,237.71978759765625,238.30610394294712,236.39385933304047,237.41311386982125,59204100
2019-01-25,239.73123168945312,240.56107574549418,237.81901465674474,239.57788106629977,96883400
2019-01-28,237.90919494628906,237.97231340669396,236.13227127663515,237.5754626244623,85613700
2019-01-29,237.59353637695312,238.6217921656434,236.75469105759703,238.0535607576409,66136300
2019-01-30,241.3548583984375,242.20273255766025,238.35123900255712,239.11793723503655,92473700
2019-01-31,243.4744415283203,243.96152441078198,241.07514199263193,241.29163856627198,104012100
2019-02-01,243.59173583984375,244.62001899768347,242.7979791972839,243.67291174284378,85782500
2019-02-04,245.30548095703125,245.3686269376077,242.9602986958402,243.63679199080403,60744800
2019-02-05,246.33377075195312,246.64044441757986,245.23334052748848,245.7384533328247,79552800
2019-02-06,246.00909423828125,246.55029451454612,245.26948230486175,246.05421031848053,58347800
2019-02-07,243.66397094726562,244.93575460276222,241.99528134551989,244.3855530594077,95482000
2019-02-08,243.96157836914062,244.0607841954562,241.58030821850048,242.4101522933993,75788900
2019-02-11,244.0968475341797,244.88157545269004,243.56467604377133,244.6200178309107,68021400
2019-02-12,247.23582458496094,247.61464552181585,245.6483110643755,245.7204857843605,72270200
2019-02-13,248.03851318359375,248.88638698349692,247.6506636335439,248.07460053349547,65277200
2019-02-14,247.48837280273438,248.62489062859882,246.12635715596602,246.94717252724706,83234400
2019-02-15,250.18528747558594,250.22137482998247,249.06682722856837,249.2742675815297,97088700
2019-02-19,250.6183624267578,251.2767986537251,249.3736096598907,249.38263838407318,59120800
2019-02-20,251.1234588623047,251.58348333955996,250.0771454105963,250.58225845258016,76610800
2019-02-21,250.23043823242188,250.84378570924298,249.26530093629486,250.48299469502996,64214700
2019-02-22,251.7818145751953,251.98022619617322,250.21233130753473,250.8527372956106,78114600
2019-02-25,252.12461853027344,253.73919079448555,252.04344260993992,253.21604791013894,69030700
2019-02-26,251.94418334960938,252.82811709020677,251.5653349417917,251.77280282304739,56844100
2019-02-27,251.8359832763672,252.18774557136425,250.2845571312597,251.22260826897858,56921600
2019-02-28,251.36692810058594,252.0614790164565,251.04222444635286,251.61948456274163,69268300
2019-03-01,252.93629455566406,253.35120265281637,251.49310364306544,252.95432446368733,78880500
2019-03-04,252.01629638671875,254.24421540357778,249.70720147773724,254.00068772721033,106494600
2019-03-05,251.67352294921875,252.34101501800544,251.12332164314807,252.1425758937577,59114600
2019-03-06,250.14920043945312,251.79985970451483,249.82449682922953,251.79083098425767,75039800
2019-03-07,248.056640625,249.8425658136861,247.20876658582137,249.6982438999333,94885100
2019-03-08,247.56048583984375,247.73186636221394,245.72044369426757,246.18946918746795,85795800
2019-03-11,251.15037536621094,251.31272713926532,248.25499197375154,248.28205060259393,65098900
2019-03-12,252.0974884033203,252.62065866590467,251.52022840244396,251.70963882951136,79667500
2019-03-13,253.7662811279297,254.70435997992885,252.82820227593055,252.99058166346958,80639200
2019-03-14,253.60386657714844,254.21721402904817,253.16189966718966,253.79327703476096,67518400
2019-03-15,254.85682678222656,255.6721891602864,253.96897177403304,254.1592441922558,81309000
2019-03-18,255.7808380126953,256.0798216552888,254.84769607435865,255.0741871045164,62199800
2019-03-19,255.84426879882812,257.61995078011114,254.9473731433541,256.84990337578733,90268100
2019-03-20,255.07420349121094,256.84084469906776,253.9598852458596,255.62685601717183,84609200
2019-03-21,257.9552307128906,258.3628980680716,254.20452515820386,254.24983996289302,79550400
2019-03-22,252.9905242919922,257.1126506922261,252.92710015713675,256.58720357673894,122659300
2019-03-25,252.8002471923828,253.84210044782444,251.53190289672207,252.6462211199877,85575200
2019-03-26,254.68472290039062,255.64504300986204,253.27142056389155,254.56694309770887,68125900
2019-03-27,253.3529052734375,255.26450428036514,251.79464560653295,254.6756053803267,72224700
2019-03-28,254.31326293945312,254.76624514650106,252.82749567721262,253.98712902134173,56238500
2019-03-29,255.9168243408203,256.24295824197463,254.70283540679304,255.8352908655317,82186800
2019-04-01,258.9516906738281,259.25067429129643,257.6561687256748,257.9279745277213,77617900
2019-04-02,259.0785827636719,259.3141423024182,258.28132984591485,259.142006893001,40070400
2019-04-03,259.4862060546875,260.7001944268169,258.87919804471005,260.3015680780191,68243200
2019-04-04,260.1748046875,260.4284735696444,259.11484200590303,259.8124245198415,48997500
2019-04-05,261.43414306640625,261.4884987164008,260.5553565277104,260.84527175957334,58621700
2019-04-08,261.6334228515625,261.74213413764,260.3469414546982,261.0083053087824,53566300
2019-04-09,260.2926330566406,260.99021570081044,259.7400080361632,260.66408178338236,66142300
2019-04-10,261.1804504394531,261.2710523971649,260.29259549041524,260.70933131848636,52601500
2019-04-11,261.10791015625,261.6786719730382,260.53714833946185,261.6696034845715,55093100
2019-04-12,262.8746337890625,263.15548054141414,261.15330695753477,262.7296761672295,69727800
2019-04-15,262.70245361328125,263.04672445053893,261.8961321630898,262.947054006569,49596700
2019-04-16,262.8746337890625,263.64470905912054,262.2766939669412,263.5903534069131,52153200
2019-04-17,262.2314147949219,264.02520666809426,261.81465125151556,263.9980288411626,58268300
2019-04-18,262.7476806640625,263.01948646448693,261.51558284185586,262.8201732699737,68708500
2019-04-22,262.9742126464844,263.1282387221724,261.88707221889,261.97767416648105,40160100
2019-04-23,265.3388366699219,265.5743962423869,263.1101721655985,263.3457040902264,52246600
2019-04-24,264.74993896484375,265.5924790698789,264.6049813691655,265.25727672580047,50392900
2019-04-25,264.5868835449219,265.2482474891075,263.3910315873173,264.65030768638593,57770900
2019-04-26,265.81903076171875,265.89149575216976,263.853075753707,264.6322195522188,50916400
2019-04-29,266.2357177734375,266.7611925371126,265.8189819472313,265.9095839045376,57197700
2019-04-30,266.3715515136719,266.66146665765183,264.4690490448993,265.8913916523806,81111700
2019-05-01,264.369384765625,267.2141253423963,264.3603162772179,267.0057436438471,71671900
2019-05-02,263.7986145019531,265.17569759985037,262.294710809572,264.2515965425078,65030200
2019-05-03,266.380615234375,266.6614618851323,263.90732336227404,265.28440644761787,56543700
2019-05-06,265.284423828125,265.7283374056001,261.7330322648306,262.05012524066905,107198100
2019-05-07,260.8542785644531,263.4634600150778,258.93363878769736,262.86552029532345,144729900
2019-05-08,260.49188232421875,262.21320875485543,259.8939426413556,260.49188232421875,91568300
2019-05-09,259.7037048339844,260.31068537441627,256.65965069887955,258.4081826437886,103471100
2019-05-10,261.0082702636719,261.7692768118698,255.75366174349872,258.7614692776843,112429300
2019-05-13,254.44918823242188,256.83187940375865,253.6066478430587,255.86251835527594,127290500
2019-05-14,256.7502746582031,258.2904250127476,255.34604106564015,255.4728616895639,77003200
2019-05-15,258.25421142578125,258.8974384128037,254.9021320636245,255.11051383027777,73956400
2019-05-16,260.6458740234375,262.0138609687464,258.88830151564053,258.9607664762027,76749600
2019-05-17,258.9607849121094,261.46125477087065,258.30848962929474,258.32662660659844,100353000
2019-05-20,257.24853515625,259.0695043234481,256.4965694181352,257.3481779432257,62877600
2019-05-21,259.5677490234375,259.948238412645,258.69800369531,258.9516725040572,46847100
2019-05-22,258.7706604003906,259.7309806173533,258.2905002919093,258.60759341589,49482500
2019-05-23,255.60879516601562,256.5781560088645,254.18642449999925,256.5328688504666,98733800
2019-05-24,256.1885681152344,257.47504950828227,255.5634505743087,257.05828604910874,55268100
2019-05-28,253.80589294433594,257.429750141893,253.7877836115692,256.4694301963673,70029400
2019-05-29,252.10264587402344,253.0901435260312,250.6893439456607,252.68247622813792,104972900
2019-05-30,252.79115295410156,253.7061855106877,251.68587568450272,252.86361791454428,62523800
2019-05-31,249.3848419189453,251.06088180010875,249.35766408942777,250.2274099296752,86862800
2019-06-03,248.7505645751953,250.54435576254755,247.40972778091324,249.42096914842153,96428000
2019-06-04,254.1501007080078,254.28598978961395,250.60777785905083,251.0607598962909,77231900
2019-06-05,256.35162353515625,256.3788013553749,253.95989241241804,255.78086166273198,71169700
2019-06-06,258.01861572265625,258.6980889322291,255.9983330741412,256.65062846124454,69430400
2019-06-07,260.6005859375,261.6877539921499,258.8701910685622,259.04232647134563,74272200
2019-06-10,261.79656982421875,263.4726097245832,261.7059678421747,262.15895010455193,60799100
2019-06-11,261.7330322265625,263.9979425567471,261.0807369455561,263.6264939448571,58641300
2019-06-12,261.2711181640625,262.0593028636678,260.75471175816847,261.4976092914361,47096300
2019-06-13,262.34912109375,262.7115289199523,261.4794031361024,262.1860541606602,48945200
2019-06-14,262.0592041015625,262.66618461137944,261.28912902914146,262.0592041015625,52324700
2019-06-17,262.15887451171875,262.9289496652795,261.9867390898228,262.29476362168003,39205700
2019-06-18,264.9039306640625,265.96392095956946,263.6265178044859,263.9889256083802,85434800
2019-06-19,265.5018005371094,266.0363159650942,264.0613211333212,265.03975006214523,78674400
2019-06-20,268.0385437011719,268.44623863320896,265.5652792334985,268.20163826268595,116570000
2019-06-21,267.6489562988281,269.0327096086749,267.4304762452486,267.76730892195235,83309500
2019-06-24,267.3213195800781,268.17704265088236,267.1665443056568,267.85843506749274,47582700
2019-06-25,264.6993103027344,267.40311154194916,264.5900702982894,267.37580154083787,82028700
2019-06-26,264.43536376953125,266.11044243135495,264.32612373672,265.60063709003066,51584900
2019-06-27,265.3730163574219,265.8828216448209,264.81770365526756,265.20004372966457,40355200
2019-06-28,266.7385559082031,267.23924856917114,265.8372980055396,266.3561880748382,59350900
2019-07-01,269.16015625,270.30723201673015,267.9493478779395,270.08872419592666,78705600
2019-07-02,269.8611755371094,269.9157955556349,268.2680268380623,269.11466490751616,61504500
2019-07-03,272.01873779296875,272.03696298655746,270.39827915508937,270.5439417922626,40898900
2019-07-05,271.7091979980469,271.8730858184889,269.4788067261521,270.7806299996345,51677300
2019-07-08,270.2161865234375,271.52712230505483,269.669958650713,270.38915914617195,45841800
2019-07-09,270.552978515625,270.853388520212,268.9962529272571,269.0508729280911,41101300
2019-07-10,271.8457336425781,272.80163937906144,271.0901383185122,271.6272536032924,58448500
2019-07-11,272.4830017089844,272.72879175099376,271.4725037539752,272.4921143046416,50826100
2019-07-12,273.7028503417969,273.77569553059084,272.66504255102717,272.9745651476532,40326000
2019-07-15,273.7939453125,274.13989056970115,273.28414002261553,274.13989056970115,33900000
2019-07-16,272.9107971191406,273.9122099677923,272.6012745627021,273.70281480507106,36650100
2019-07-17,271.05377197265625,273.0474860918285,271.05377197265625,272.8836260283565,36036300
2019-07-18,272.0460510253906,272.4284189252906,270.1069848644142,270.5530575957078,51392600
2019-07-19,270.53485107421875,273.17492033239216,270.3618784327444,273.14761032491236,58678600
2019-07-22,271.199462890625,271.7456909414422,270.4165573175601,270.93544757263936,43638100
2019-07-23,273.1385498046875,273.1385498046875,271.4907808805274,272.3283342401068,44564500
2019-07-24,274.422119140625,274.422119140625,272.28274264879553,272.37378526633626,47213200
2019-07-25,273.1112365722656,274.0216073608398,272.300993234925,273.9669873361103,55394100
2019-07-26,274.94091796875,275.14120052766685,273.67549003234484,273.8029551981529,45084100
2019-07-29,274.4403076171875,274.9410281062082,273.88499489818696,274.8226754854887,38126500
2019-07-30,273.7666320800781,274.176309939262,272.646866305332,273.0292341593906,45849000
2019-07-31,270.77154541015625,274.20366066362965,268.74143656899406,274.01246281705534,104245200
2019-08-01,268.4136047363281,273.9031371234194,267.61247434114733,270.9262359244315,142646600
2019-08-02,266.3926696777344,267.75822572716487,264.826830963095,267.5124356398986,116749700
2019-08-05,258.38134765625,262.37785948293475,256.46956415575534,262.2686194741582,178745400
2019-08-06,262.0046081542969,262.22311595739524,258.800114125972,260.2840224259199,120711700
2019-08-07,262.159423828125,262.9332443976407,256.7609328165687,258.9093941055426,140572300
2019-08-08,267.3030090332031,267.3030090332031,263.106213935581,263.66152666172474,87713900
2019-08-09,265.482177734375,266.95697314906243,263.688747163877,266.3561254278386,93730000
2019-08-12,262.25048828125,265.4731804830485,261.2945823984996,263.9710744185074,65527600
2019-08-13,266.32891845703125,267.78551703113726,261.604092633462,261.95003792032173,94299800
2019-08-14,258.4541320800781,262.86032115959034,258.32669468020475,262.25038859433624,135622100
2019-08-15,259.136962890625,260.03824859714473,257.07954440795436,259.3463581117969,99556600
2019-08-16,262.96051025390625,263.39747028959056,259.19156325232086,260.8029367308108,83018300
2019-08-19,266.1286926269531,266.811470749754,265.31847703469884,266.0012551574997,53571800
2019-08-20,264.0893859863281,266.1559171055814,263.9619485578295,265.61880182213594,51596400
2019-08-21,266.2379150390625,266.6111425674127,265.5733344446257,266.2652250480225,49524700
2019-08-22,266.1559753417969,267.58526406668415,264.3716564762702,266.9480212201511,51666400
2019-08-23,259.31903076171875,266.5200644251494,258.0627150833286,264.84498611472975,149161500
2019-08-26,262.186767578125,262.186767578125,259.9836582096759,261.52218695034065,72423800
2019-08-27,261.1579895019531,263.9619462925079,260.39328159061193,263.5886910413228,66668900
2019-08-28,262.9969787597656,263.1608388017507,259.6832164051015,260.4934595832046,59696700
2019-08-29,266.3561706542969,266.8842010666801,264.5627397792798,265.5732654127437,57899400
2019-08-30,266.2379150390625,267.8674585441876,265.30023435502596,267.84926113231705,62901200
2019-09-03,264.68109130859375,265.4457991399068,263.34284565822065,264.5263438927749,69101400
2019-09-04,267.6853942871094,267.70359169851827,266.11044305755405,266.8660662567893,46887300
2019-09-05,271.1265563964844,272.04601173467717,267.64893432357485,270.1888758671191,83258100
2019-09-06,271.3359375,271.9823206084942,270.76242737756183,271.4452053056266,49584300
2019-09-09,271.4725036621094,272.4192690118055,270.5257105301094,272.3282541844799,51260300
2019-09-10,271.4088134765625,271.47254609149456,269.44240948690515,270.7078102769265,57947100
2019-09-11,273.3387451171875,273.42067512905817,271.0628188464366,271.718286723705,68821100
2019-09-12,274.28546142578125,275.3505790641733,273.4843311576224,274.24903883660255,72908700
2019-09-13,274.1034851074219,275.0867009296092,273.73022982143465,274.7316430542898,62104800
2019-09-16,273.2568359375,274.1490091052798,272.61048060637563,272.96551068488145,58191200
2019-09-17,273.9488220214844,274.039836885157,272.88367584982865,273.05664854251046,41475500
2019-09-18,274.1125793457031,274.2218193670064,271.5089051146563,273.5572388610056,73375800
2019-09-19,274.0943298339844,275.5054207367594,273.75749720408453,274.50400765982596,76560500
2019-09-20,272.79937744140625,274.9852246683,272.0037018100629,274.70168079504276,89565000
2019-09-23,272.73529052734375,273.45781229452876,271.87558814882044,272.1316679268528,43476800
2019-09-24,270.5951843261719,274.22604662995434,269.6257374762493,273.8327862477522,94869400
2019-09-25,272.1957092285156,272.6438418860954,269.18675074472736,270.67751192476294,71854000
2019-09-26,271.628662109375,272.41518288539714,270.2110826127758,272.20484858560644,56179700
2019-09-27,270.1653747558594,272.49755710771353,268.60145975302976,272.3877846931341,84746600
2019-09-30,271.4183654785156,272.1317327379734,270.6409991922596,270.68671677005966,51662400
2019-10-01,268.1898498535156,272.9639304367833,267.97036087838677,272.30543560079457,88242400
2019-10-02,263.452392578125,266.60768653795793,262.1537121008935,266.59853185933054,122539500
2019-10-03,265.6107482910156,265.6381844105957,260.48912532146375,263.2236942451471,85278800
2019-10-04,269.205078125,269.46115793370575,266.21440088658727,266.2693010483011,65091200
2019-10-07,268.0434875488281,270.0372812108232,267.7599716809966,268.400185008061,59610500
2019-10-08,263.8822021484375,266.9185964491006,263.8456113503111,266.17779327299803,95708100
2019-10-09,266.38818359375,267.3301944917825,265.2815559354261,265.91261476048356,62359400
2019-10-10,268.1898498535156,269.07698834213096,266.14121165737384,266.3058283887205,55296300
2019-10-11,270.9701843261719,273.22003021779375,270.8421583848394,270.9610296480038,98720400
2019-10-14,270.6683654785156,271.3268603104534,270.3208226629649,270.65005612363274,40394800
2019-10-15,273.34808349609375,274.09804142859525,271.6012425165079,271.72014169002694,46754500
2019-10-16,272.9090881347656,273.6041738464034,272.4701101363462,272.8816520098644,48928200
2019-10-17,273.7138366699219,274.5918203153761,273.0187511656973,274.0796608629781,45736600
2019-10-18,272.5158386230469,273.82367381339776,271.65613612756715,273.1743335576567,64304000
2019-10-21,274.36322021484375,274.564427739522,273.40292806696203,273.8419339146058,39048600
2019-10-22,273.4670715332031,275.1956037181807,273.3756084538055,274.9029330283537,48594700
2019-10-23,274.2626953125,274.3175675676159,273.0005776236182,273.2109398753011,34352200
2019-10-24,274.7107849121094,275.35099833544615,273.87851862601303,275.2046630412376,35453100
2019-10-25,275.83575439453125,276.38450483503277,274.07975856704786,274.13463082003733,45205400
2019-10-28,277.3905334472656,277.89356634772355,277.0338637787891,277.06129990713345,42147000
2019-10-29,277.30816650390625,278.2410504918372,276.9880598004124,277.116113646051,44284900
2019-10-30,278.1586608886719,278.533611817161,276.1923036745944,277.50929299361246,49643900
2019-10-31,277.41790771484375,278.14958415855267,275.95461064863076,278.14958415855267,69053800
2019-11-01,279.9878845214844,280.03360208774666,278.7074577389158,278.8721023807846,71141500
2019-11-04,281.1128234863281,281.68901001797076,280.7378445068368,281.5518293939142,60606900
2019-11-05,280.802001953125,281.61598721854693,280.50933121203275,281.3141617947274,42933200
2019-11-06,280.8658142089844,281.1401753748924,279.914648982842,280.8017873000736,46487100
2019-11-07,281.853515625,283.1979410318242,281.3779470122641,282.21021301749755,54272300
2019-11-08,282.5486755371094,282.60354777955826,280.80183472421595,281.5060471093776,49032100
2019-11-11,282.0090637207031,282.1828351153683,281.02130759201685,281.1585161008787,35797300
2019-11-12,282.6034851074219,283.5089048176377,281.82609129766104,282.3748415110566,46484600
2019-11-13,282.6950378417969,283.09745293195436,281.3780480759368,281.6066917448625,53917700
2019-11-14,283.1065368652344,283.18887313492166,281.7712658557054,282.411479196074,51219900
2019-11-15,285.15521240234375,285.20092996650834,283.75591442957733,284.4509721221235,62023600
2019-11-18,285.3655700683594,285.6033684069385,284.46015010315915,284.9174374246709,49228000
2019-11-19,285.283203125,285.9782886423749,284.6338630767457,285.9691339664313,67804700
2019-11-20,284.222412109375,285.21016856349394,282.6584969527305,284.6888542077428,79406200
2019-11-21,283.7651062011719,284.441910515816,282.96030384178533,284.33216600820003,54664700
2019-11-22,284.3961181640625,284.6521979431688,283.38095372529915,284.5150173312552,44850200
2019-11-25,286.60028076171875,286.60028076171875,285.3290363912753,285.3290363912753,48647200
2019-11-26,287.2496337890625,287.43255990877515,286.3167775639853,286.63688431817883,37569000
2019-11-27,288.5300598144531,288.5300598144531,287.51486730156836,287.7343563159836,44444600
2019-11-29,287.4599914550781,288.20994945909956,287.2313477643843,287.9629964103619,36592700
2019-12-02,285.0180969238281,287.7801027027671,284.58824566217993,287.7160757698264,75767800
2019-12-03,283.1065368652344,283.18887313492166,280.89328211483974,282.28342536376033,73941700
2019-12-04,284.8534240722656,285.4570467146916,283.81082344306037,284.1583662896636,49080000
2019-12-05,285.3655700683594,285.5759322840719,284.04858034955737,285.55765083902855,40709000
2019-12-06,287.97210693359375,288.3745220003597,287.27702128907026,287.28617596668846,48927000
2019-12-09,287.0667419433594,288.2556780160251,286.9935603296092,287.5789015971792,34838500
2019-12-10,286.74658203125,287.6794381040934,286.0880871825951,287.0118164883673,52649800
2019-12-11,287.56060791015625,287.8166877261671,286.6643145988148,287.20391035717324,53429100
2019-12-12,290.0390930175781,290.82561390029235,287.3319595904277,287.5697300446449,96389600
2019-12-13,290.2127990722656,291.44748028058166,289.0238354266058,289.8012293659603,81503900
2019-12-16,292.2065124511719,292.8009802120678,290.14872010996646,291.9504327429123,82749700
2019-12-17,292.27056884765625,292.8924727860981,292.18826049497403,292.59067549293,61097700
2019-12-18,292.28887939453125,292.89250195157234,292.23400715394575,292.6638583122659,48133000
2019-12-19,293.487060546875,293.56024216400937,292.22494280209366,292.48102264084577,85310500
2019-12-20,294.77374267578125,295.91338209132607,293.54219052237613,294.5255754787754,147142100
2019-12-23,295.2240905761719,295.6192845123512,295.0770357992103,295.56414247696944,52990000
2019-12-24,295.2332763671875,295.49978684304347,294.92996713903483,295.4538444983316,20270000
2019-12-26,296.8049011230469,296.81410081176347,295.61011959881233,295.6192912396974,30911200
2019-12-27,296.7313537597656,297.59528304685966,296.1983047336887,297.5401410113286,42528800
2019-12-30,295.0953674316406,296.95190919918286,294.6082608194079,296.814054129273,49729100
2019-12-31,295.812255859375,296.06042304479854,294.2406518922823,294.58990345115365,57077300
2020-01-02,298.57855224609375,298.5969516142937,296.42792975300534,297.35620031694566,59151200
2020-01-03,296.3177795410156,297.4482473309102,295.1137983885776,295.1689404224427,77709700
2020-01-06,297.4482116699219,297.53092471080305,294.43363125828694,294.55311499994644,55653900
2020-01-07,296.61187744140625,297.356322917187,296.1615134520832,296.8783879120139,40496400
2020-01-08,298.19268798828125,299.4150404495262,296.55674223194177,296.80488138030074,68296000
2020-01-09,300.2146301269531,300.2881715366581,299.17607508555085,299.7642941718717,48473300
2020-01-10,299.3507995605469,300.95917484216056,298.8820921224357,300.8029483787365,53029300
2020-01-13,301.4093933105469,301.41856494947825,299.5436800075611,299.97564456775115,47086800
2020-01-14,300.94989013671875,302.0251877856642,300.3892420928779,300.96826146438474,62832800
2020-01-15,301.6299743652344,302.3927911075288,300.7752448949001,300.8579579357879,72056600
2020-01-16,304.1390380859375,304.1390380859375,302.78800237002895,303.0177701581234,54050300
2020-01-17,305.085693359375,305.2970617828952,304.074709438756,304.85592556140824,95846000
2020-01-21,304.4883117675781,305.2970990026753,304.04717549231077,304.1206888555786,77742400
2020-01-22,304.5250549316406,306.004774181987,304.36882853088946,305.3522134207883,48914900
2020-01-23,304.8742980957031,305.2878913528124,302.7512458779067,303.87251385833906,51963000
2020-01-24,302.1629943847656,305.61871068388916,300.8671007725943,305.53599765091957,87578400
2020-01-27,297.31951904296875,298.80840982842204,296.54750263746797,296.8875544776239,84062500
2020-01-28,300.4352111816406,301.3175117188692,297.411458947893,298.7532951052364,63834000
2020-01-29,300.18701171875,302.03435368828247,299.9848149457274,301.8045859029307,53888900
2020-01-30,301.16119384765625,301.3725902856109,297.35625429923044,298.10987124117054,75491800
2020-01-31,295.6927490234375,300.6924979485136,294.7736779423253,300.53624352368223,113845600
2020-02-03,297.8893127441406,299.7642255930663,297.06215438508684,297.18163811265015,69083000
2020-02-04,302.4295959472656,303.30272489046473,301.1980437864263,301.5197243469643,62573200
2020-02-05,305.92205810546875,306.13345460075504,303.9093177713517,305.3798094066005,65951100
2020-02-06,306.9513854980469,307.14438258158077,305.8668602504077,306.88704378759394,50359700
2020-02-07,305.31549072265625,306.9606081209682,304.764042344571,305.88531042914013,64139400
2020-02-10,307.59478759765625,307.6591293225714,304.38723761452826,304.42400832131284,42070000
2020-02-11,308.1277770996094,309.74532311656867,307.59470017015906,308.9549354562556,54864500
2020-02-12,310.113037109375,310.3244055487138,309.20313748880835,309.5707603835023,43992700
2020-02-13,309.7821350097656,310.7563482334788,308.40352821607786,308.6792383556846,54501900
2020-02-14,310.2784729003906,310.3979566556613,308.9917787048406,310.19575985008703,64582200
2020-02-18,309.4788818359375,310.3428110819151,308.0818755414224,309.2766850326698,57226200
2020-02-19,310.9586181640625,311.638722033622,310.1682302127186,310.45314010660616,48814700
2020-02-20,309.6810607910156,311.23429340663733,306.6756799316654,310.40710686505196,74163400
2020-02-21,306.49188232421875,308.633305938221,305.6646957831488,308.32082508734413,113788200
2020-02-24,296.3269348144531,306.5653729197201,295.242409532723,296.9886671694809,161088400
2020-02-25,287.34759521484375,298.3396785364402,286.4652947464969,297.7239165603431,218913200
2020-02-26,286.29071044921875,292.3657582898536,285.5554646270687,288.75381480603454,194773800
2020-02-27,273.4328308105469,286.34576754874786,273.4328308105469,280.7394286623357,284353500
2020-02-28,272.2840576171875,273.78214824298317,262.431612691045,265.3358812080312,384975800
2020-03-02,284.0757751464844,284.140116875848,270.6297561011494,274.07627384491605,238703600
2020-03-03,275.94189453125,288.44126693967274,273.48799043266723,284.4525017828348,300139100
2020-03-04,287.5405578613281,287.7611539878585,278.7818117968944,281.3460279031607,176613400
2020-03-05,277.9822692871094,283.5058962139264,275.7305616596984,280.2983466782864,186366800
2020-03-06,273.3868713378906,274.60005187603963,266.74200548377416,269.42567728872103,228667200
2020-03-09,252.0369415283203,261.19088414370844,251.32006701111217,253.02032653743,309417300
2020-03-10,265.07855224609375,265.17043693629023,251.36599633877958,261.60446391220955,276444100
2020-03-11,252.1563720703125,259.12294777980156,248.95802210411344,257.9833084169332,255316300
2020-03-12,228.03073120117188,245.07950291239092,227.6355233357043,235.28220161982645,392220700
2020-03-13,247.5242156982422,249.5094124821013,228.40753553378113,241.79839310339173,329566100
2020-03-16,220.43922424316406,236.1093763665513,218.15073199673313,221.66157654995334,297240000
2020-03-17,232.3411865234375,235.43846579518808,217.88420144738603,225.20918551626332,262070500
2020-03-18,220.57711791992188,228.2697404197262,209.56664737711543,217.1306004524231,327597100
2020-03-19,221.04580688476562,227.35983549708297,213.426712889275,219.88778223383576,289322000
2020-03-20,211.52003479003906,226.00656675527406,211.24268926950347,224.21308170970707,347158800
2020-03-23,206.11183166503906,212.33354848714328,201.77603885524522,210.956088874792,326025200
2020-03-24,224.7862548828125,225.66451805974856,216.14241577965612,216.71558618449495,235494500
2020-03-25,228.15135192871094,236.9893514752033,221.64304920373777,226.37636027644552,299430300
2020-03-26,241.47305297851562,242.9521914600299,230.24066527818374,230.67516996563705,257632800
2020-03-27,234.28057861328125,241.11245196766592,232.08957620077558,234.14191293136693,224341200
2020-03-30,241.8890380859375,242.61012793433616,234.38230063523434,236.38841101925405,171369500
2020-03-31,238.28358459472656,243.44214600085613,236.86913806298492,240.88135875947594,194881100
2020-04-01,227.55966186523438,238.20038498234587,225.47959177832593,229.25145389535197,189554600
2020-04-02,232.81068420410156,233.5964799738239,226.11747600710618,226.67216699098591,177660400
2020-04-03,229.4456024169922,234.18816677961962,226.6999087445635,231.82149738398877,135561200
2020-04-06,244.85659790039062,246.83498925904706,229.42711173202002,238.36678923826204,188061200
2020-04-07,245.1062469482422,254.25855073917043,244.88438180824085,253.50047389381993,201427200
2020-04-08,253.33413696289062,255.15535566626556,245.21723945824976,247.7225613190215,153774500
2020-04-09,257.18914794921875,259.96257501604964,254.6653191618094,256.6159493233561,189999200
2020-04-13,254.84092712402344,256.5512124912939,250.91190613480268,256.2091610603906,114839100
2020-04-14,262.3569030761719,263.38305731179486,254.7022472679955,259.75912924719097,134143400
2020-04-15,256.7823791503906,262.4956321984379,254.65606811529943,256.6067265105817,121775000
2020-04-16,258.02117919921875,258.88093484810514,254.9334336786974,258.0673917001335,131798300
2020-04-17,264.9916076660156,265.6017365232871,261.07181329614934,263.8267597857315,146684800
2020-04-20,260.3231201171875,265.1304052480041,260.10125496777647,261.2660752149449,100109300
2020-04-21,252.4188232421875,257.0412011967476,251.47584008329335,255.8301404296733,126385700
2020-04-22,258.02117919921875,259.7776774253793,255.99657511457667,257.3278224089375,92951600
2020-04-23,258.0026550292969,262.49562141188665,257.6975904748147,259.3061690966915,104709700
2020-04-24,261.5989074707031,262.2737849334773,257.4664996865415,259.5280907921517,85063200
2020-04-27,265.3706970214844,266.4985583281309,263.1242281918314,263.5864659697561,77896600
2020-04-28,264.15045166015625,269.39221307490243,263.8453588803083,269.04090779520334,105270000
2020-04-29,271.0655212402344,272.6094081249225,268.4770004780296,269.5124087829115,118745600
2020-04-30,268.5417785644531,271.1672868226774,266.79450551292405,269.6788659032897,122901700
2020-05-01,261.4324035644531,268.7080203732415,260.25830176242374,263.7620713917929,125180000
2020-05-04,262.153564453125,262.45862900123217,258.04889034750136,259.5372825883171,80873200
2020-05-05,264.5757141113281,267.4046076168223,262.283004121062,264.99173947915517,79569900
2020-05-06,262.7822265625,266.6742614908185,262.347721840377,266.2859974829062,73632600
2020-05-07,265.9530944824219,267.8944985976931,265.44464426276255,266.01781453590644,75250400
2020-05-08,270.3536071777344,270.82509869285366,267.96844467945675,269.10555965772886,76452400
2020-05-11,270.4090576171875,271.7957707331731,267.9869365553061,268.4121873446382,79514200
2020-05-12,265.0194091796875,272.0176674098095,264.8807152817734,271.60167035432886,95870800
2020-05-13,260.3323669433594,265.5001828038208,257.89173751403956,264.4555207320025,144721100
2020-05-14,263.4478454589844,263.5772573883642,252.37261624396686,257.88251181493416,121977900
2020-05-15,264.658935546875,264.7051480525822,260.0920227575904,261.044231719815,111146300
2020-05-18,272.72027587890625,274.3381080239506,270.5939934876637,270.91753734646966,119703800
2020-05-19,269.9190979003906,273.83886477501505,269.9006185480062,272.1193539824587,95189300
2020-05-20,274.5045471191406,275.37355648442514,273.24727378122304,273.4783926929953,85861700
2020-05-21,272.6093444824219,275.18863906983813,271.5092163621271,274.37509610228363,78293900
2020-05-22,273.1270446777344,273.3026972802053,271.0747079339589,272.32275550471144,63958200
2020-05-26,276.4920959472656,279.3672291714681,273.1454994439647,279.1268565344075,88951400
2020-05-27,280.6060791015625,280.64306602531383,274.4490681901454,279.3025651137045,104817400
2020-05-28,280.0884094238281,283.6661259386108,279.4135319930636,281.64152185907705,90405200
2020-05-29,281.33648681640625,281.92813666742114,276.8527734707125,279.6169471297195,119090800
2020-06-01,282.4736022949219,283.08375977949754,280.17166631297823,280.6893705642365,55758300
2020-06-02,284.8124694824219,284.85871019641536,282.0575498728841,283.3980227490103,74267200
2020-06-03,288.6028137207031,289.5642763365017,286.5319972061454,286.8093286276454,92567600
2020-06-04,287.8446960449219,289.36084950136456,285.7368929023039,287.6135771555438,75794400
2020-06-05,295.2220153808594,297.0062464009273,293.2066654759302,293.2713855347524,150524700
2020-06-08,298.7904968261719,298.9846287841616,295.49011247657876,296.03554964324275,73641200
2020-06-09,296.5625305175781,298.86446569386305,295.24050899064486,296.1095182967034,77479200
2020-06-10,294.90765380859375,298.0416389695576,294.1865641221486,297.14489669937257,95000800
2020-06-11,277.90667724609375,288.57513666656223,277.3520142952883,287.9372460603715,209243600
2020-06-12,281.2347106933594,285.73690229235734,276.0484161874025,284.9603461840579,194678900
2020-06-15,283.8601989746094,284.9973140281865,274.3288585585223,275.51218610329806,135782700
2020-06-16,289.3238525390625,291.8014683889085,284.4333973227197,291.6535489193092,137627500
2020-06-17,288.1220703125,290.645898869627,287.38247290117295,290.35005990509615,83398900
2020-06-18,288.2330017089844,288.71371886484155,286.1344522516145,286.5966900520467,80828700
2020-06-19,286.5857238769531,291.9155553255382,284.62648205298444,291.72056909463714,135549600
2020-06-22,288.4242858886719,288.8235529429476,284.8308257263718,285.9822110315052,74649400
2020-06-23,289.7520751953125,292.0270187909269,289.3435136651866,291.0891805053778,68471200
2020-06-24,282.36090087890625,288.32216496828954,280.5131076529364,287.70002810968066,132813500
2020-06-25,285.387939453125,285.65722508649236,279.75167184836454,281.785185014913,89468000
2020-06-26,278.609619140625,284.496613106318,278.02466021675593,284.28303778251814,127961000
2020-06-29,282.7044677734375,282.84374369101283,277.5696211414801,279.8724202140657,79773300
2020-06-30,286.3257141113281,288.03425941034106,282.1101462280734,282.2679827842067,113394800
2020-07-01,288.3314514160156,289.60358040521163,286.9850797174508,287.4493516832136,72396500
2020-07-02,289.919189453125,293.14123700111566,289.250636902228,291.78554289099765,69344200
2020-07-06,294.3948059082031,294.9797930469439,293.0112846883872,293.7634029133658,61713800
2020-07-07,291.3585205078125,294.8312658250423,290.9778140865629,292.84419650034664,82910000
2020-07-08,293.5869445800781,293.69836529181094,290.35563059220567,292.1291241487949,54638600
2020-07-09,291.9156494140625,294.4412900731896,288.4800254892582,294.1998595801316,83354200
2020-07-10,294.8962707519531,295.1655564327674,290.41141592539316,291.8506477183594,57550400
2020-07-13,292.3428039550781,299.6504410610136,291.68354561695094,297.25480989129045,102997500
2020-07-14,296.1311950683594,296.9111684438746,289.70565963638995,290.91275521677863,93657000
2020-07-15,298.851806640625,299.95677595172276,296.4561479367519,299.371788865035,87196500
2020-07-16,297.8675842285156,298.32256163903685,296.2890483770897,296.93904039518486,54622500
2020-07-17,298.7311096191406,299.52037750899143,296.892582711396,298.879680026152,62774900
2020-07-20,301.1452941894531,301.89741230602556,297.7096712262448,298.4617893428172,56308800
2020-07-21,301.7860107421875,303.56879885867374,300.7924621371037,303.12311599800523,57292200
2020-07-22,303.5037841796875,303.8195139783243,301.3124346205255,301.423855332089,57792900
2020-07-23,299.88250732421875,303.8474076129059,298.508280591799,303.1417052344792,75738000
2020-07-24,297.9511413574219,298.98181138159134,296.4376104179371,298.0161462247771,73766600
2020-07-27,300.12396240234375,300.3003880114199,297.84901849809495,298.64758099237304,48293000
2020-07-28,298.22039794921875,300.51390206285504,297.92325715902894,299.3903437631197,57495000
2020-07-29,301.8881530761719,302.4545795243995,299.06537201457814,299.10252170058675,48454200
2020-07-30,300.8110656738281,301.22892175215213,296.79977767170465,298.89826755915107,61861700
2020-07-31,303.1881103515625,303.2902649044099,298.36896577887273,302.6124177314105,84986800
2020-08-03,305.2958984375,306.0665772588921,304.31164435865924,304.85948175447396,53077900
2020-08-04,306.4752197265625,306.4752197265625,304.43241166276096,304.43241166276096,41917900
2020-08-05,308.378662109375,308.63868157199465,307.5151231922137,307.7844088235645,42697700
2020-08-06,310.44000244140625,310.56071765619,307.4686796065293,307.7936755685843,43679400
2020-08-07,310.66290283203125,310.950749140174,308.5550902916796,309.4650734077841,57308300
2020-08-10,311.59149169921875,311.7771834820634,309.16797731988265,311.11792522967806,44282100
2020-08-11,309.0193786621094,313.42069573344673,308.28584943097746,312.779998216801,69601100
2020-08-12,313.32781982421875,314.1077932100277,311.44287705762025,311.47073223793814,53774400
2020-08-13,312.7613525390625,314.07989702140344,311.83280886715886,312.55707179776755,41816100
2020-08-14,312.7707214355469,313.3092927620155,311.637896752908,312.37145436252035,47260400
2020-08-17,313.7642517089844,314.1635187584789,312.7799975076258,313.7921068906489,35481000
2020-08-18,314.4420471191406,314.8691692799468,312.55707623498836,314.1634670114722,38733900
2020-08-19,313.13287353515625,315.34278424193514,312.5664470138411,314.82280191835054,68054200
2020-08-20,314.1078186035156,314.59065121369554,311.26647663375564,311.3964580401114,42207800
2020-08-21,315.2220153808594,315.44485679391227,313.4299045612122,313.77348952220746,55106600
2020-08-24,318.4163513183594,318.4906223772011,315.19430219756816,317.6734990453587,48588700
2020-08-25,319.530517578125,319.61408312745186,317.81270572131115,318.98268008570847,38463400
2020-08-26,322.7339782714844,323.003235573334,319.5769349904524,320.124772436954,50790200
2020-08-27,323.43963623046875,324.8974567380326,321.76826879321163,323.6067956437199,58034100
2020-08-28,325.52886962890625,325.6588793613014,323.2725150186851,324.47034444285134,48588900
2020-08-31,324.3496398925781,326.19743302881955,324.11750393729517,325.31533340088953,66099200
2020-09-01,327.4046325683594,327.50675881054,324.28470987403904,325.18539872190576,54908700
2020-09-02,332.1401062011719,333.11506579067486,328.1752063068728,329.3266198103394,69540000
2020-09-03,320.709716796875,330.9144028219021,318.1097774780861,330.4408364749893,148011100
2020-09-04,318.09130859375,322.9754305145686,310.94150882507284,321.39692279754075,139156300
2020-09-08,309.40008544921875,318.15627540940744,309.0936784498061,312.6499888940206,114465300
2020-09-09,315.50994873046875,317.98914514563717,312.55715750804563,313.42999106593817,91462300
2020-09-10,310.0315856933594,318.05419153042294,309.0658919493992,317.3949331908815,90569500
2020-09-11,310.1893615722656,312.8914276224348,307.348019609595,311.82360784404324,84680200
2020-09-14,314.2748718261719,316.0576880796133,310.33785586832187,313.37418336371246,65605700
2020-09-15,315.8627624511719,317.5805458417575,314.2842266287377,316.7448620744899,52920900
2020-09-16,314.60919189453125,318.54620822308874,314.33061177472035,317.1069767832356,82096000
2020-09-17,311.8421630859375,313.56926938158966,309.19580744688415,309.7250842420767,91523300
2020-09-18,308.2519836425781,312.7641218537304,305.7535318848086,312.652255125821,105877900
2020-09-21,304.8213806152344,304.97054578942647,299.9363420744222,303.63741938616636,99450800
2020-09-22,307.92578125,308.4851435116045,303.78654034461164,306.31298801029516,63612100
2020-09-23,300.7846374511719,308.7647876041219,300.2812086542762,308.4850922945836,93112200
2020-09-24,301.5863037109375,304.6627523068344,298.1369281152531,299.460750683693,76681300
2020-09-25,306.4620666503906,307.2544654760629,299.85234177697765,300.7286406506503,71069400
2020-09-28,311.5522766113281,312.27010727179874,309.6504563838113,310.64798238822726,64584600
2020-09-29,309.8554992675781,312.0929193655389,309.15630370881917,311.3471221496653,51304000
2020-09-30,312.2048034667969,315.37448419721386,310.3309503317547,310.52671711516024,104081100
2020-10-01,314.2091979980469,315.7940243382801,312.31670965183065,314.81516184726377,88698700
2020-10-02,311.2259216308594,314.181200691042,308.75543636307634,309.2308984439791,89431100
2020-10-05,316.744873046875,316.9313080981373,313.24889576942803,313.2954974196596,45713100
2020-10-06,312.2420959472656,318.99168333486006,311.7293638988455,316.8847648697731,90128900
2020-10-07,317.6772155761719,318.488277961641,315.188066594585,315.21603328200314,56999600
2020-10-08,320.4925842285156,320.55784930598804,318.7026311556404,319.6255886004015,45242500
2020-10-09,323.3546142578125,323.82074458586175,321.52739133795404,322.15199004535106,59528600
2020-10-12,328.556640625,330.0389317643469,325.4149265324529,325.90902357890184,80388500
2020-10-13,326.41241455078125,328.59390098164715,325.44285554250655,328.41676918829876,73255500
2020-10-14,324.3614501953125,328.09049289957363,323.6249847454643,326.9904321298977,57727900
2020-10-15,323.9606018066406,324.4453671413226,319.88662699209056,320.42732569422276,60357700
2020-10-16,323.7648010253906,326.9904148278045,323.5876692302838,325.32166033985203,89501900
2020-10-19,318.8425598144531,325.6666879866406,317.9382656025847,325.0327574021243,68425600
2020-10-20,320.11962890625,323.38254079756484,319.4297652104788,320.19419723133313,60051900
2020-10-21,319.51373291015625,322.25458175533123,319.2060709344901,320.07306659256756,63575000
2020-10-22,321.266357421875,321.85368623549795,317.5746128866816,319.7281329030727,55399300
2020-10-23,322.3572082519531,322.5529750963476,319.88672228581527,322.4970417122349,49143900
2020-10-26,316.3999938964844,319.746806620405,312.8853526130255,318.95437928207303,91473000
2020-10-27,315.3092956542969,317.080585746798,315.0948653963875,316.7449854652139,65994100
2020-10-28,304.53228759765625,315.3371858357557,304.03819055830706,309.60378814699163,127094300
2020-10-29,307.62744140625,310.81575753836887,303.06867225462327,304.765393806988,90597700
2020-10-30,304.4204406738281,307.3570564176711,300.7473309534802,306.0425653141652,120287300
2020-11-02,307.83258056640625,309.846239204972,305.0730676388152,307.83258056640625,86068300
2020-11-03,313.267578125,315.33719812431735,307.9164105336659,311.0860913879369,93294200
2020-11-04,320.26885986328125,324.3708013943451,316.5864185914475,317.770379479061,126959700
2020-11-05,326.5149841308594,328.33290390754655,325.2284597904764,325.58272341467915,82039700
2020-11-06,326.4403991699219,327.69895676274945,324.10041578734894,326.2259689739967,74973000
2020-11-09,330.54229736328125,339.69710276553224,330.0761670896473,339.31487252711236,172304200
2020-11-10,330.0576171875,331.12037969112043,326.76673774549005,329.544856684147,85552000
2020-11-11,332.5093994140625,333.33909655062894,331.00844505978364,332.2576708448364,58649000
2020-11-12,329.2838439941406,332.55608865324723,327.4659524226816,331.49329763734,67546200
2020-11-13,333.84259033203125,334.5883875743845,330.6822126380673,331.20427639778285,62892200
2020-11-16,338.0097961425781,338.2055629393037,335.23164878994646,336.52750492383075,74541100
2020-11-17,336.1918640136719,337.4038200477033,334.06631066128045,335.58590022182614,66111000
2020-11-18,332.1459045410156,337.0123074631445,332.1086061397919,336.4622769590578,70591300
2020-11-19,333.54425048828125,333.9171490987625,330.16013940874217,331.5119288783694,59940900
2020-11-20,331.26019287109375,333.48830967329087,331.1856245307985,333.2832111745545,70417300
2020-11-23,333.2459716796875,334.5138612915198,330.831419374816,333.07817154661024,63230600
2020-11-24,338.61578369140625,339.16581417336886,334.9520054155988,335.8096694568364,62415900
2020-11-25,338.0937194824219,338.559849902193,336.99365851984436,338.53188321502046,45330900
2020-11-27,339.0352478027344,339.51068139459466,338.0190586438531,339.1937161832419,28514100
2020-11-30,337.53436279296875,338.52255702297106,334.84014371693416,338.25219340899883,83872700
2020-12-01,341.22607421875,342.77363049931466,340.20991340115773,340.8065739456196,74231400
2020-12-02,341.9439392089844,342.10240760927593,339.529387204614,340.10738433573124,45927000
2020-12-03,341.8506164550781,343.2490072518508,340.7412241469451,341.84128474565955,62882000
2020-12-04,344.79669189453125,344.79669189453125,342.3448412299502,342.43807300794776,50749900
2020-12-07,344.0881652832031,344.58226241230454,342.81097242780953,344.02290019342604,48944300
2020-12-08,345.0949401855469,345.66360553059275,342.76428854125237,342.81089019400326,42458900
2020-12-09,341.9998474121094,345.91532532686597,341.1608184625429,345.756856938236,74098300
2020-12-10,341.8879699707031,342.9414006425205,339.74375333303715,340.62008064967955,57735400
2020-12-11,341.48712158203125,341.89731861236754,338.65306921832496,340.18196214475313,57698600
2020-12-14,339.9582214355469,344.75002707857266,339.7810896102844,343.66862960375323,69216200
2020-12-15,344.5542297363281,344.5542297363281,341.13284888921686,342.5125765211541,63865300
2020-12-16,345.0949401855469,346.0178691325795,343.8829842603113,344.7686432652782,58420500
2020-12-17,347.0247497558594,347.2298482690858,345.9153571320904,346.7450828970696,64119500
2020-12-18,345.63909912109375,347.48348251320584,343.61682886083776,347.31496713442135,136542300
2020-12-21,344.4034118652344,354.32750911205545,338.9451740938772,341.6977074272996,96386700
2020-12-22,343.8228759765625,344.84336853092265,342.69003981205185,344.7310249207722,47949000
2020-12-23,344.13177490234375,346.05104449361977,343.80408706266854,344.7964934994354,46201400
2020-12-24,345.47064208984375,345.49872799105134,344.01948957475344,344.6092935001129,26457900
2020-12-28,348.4384460449219,348.8316485795175,347.4085822635312,348.0358434497332,39000400
2020-12-29,347.7738037109375,350.1518483279783,347.1839711596743,349.97396141341886,53680500
2020-12-30,348.2699279785156,349.309163326104,347.87672541470425,348.59761582943503,49455300
2020-12-31,350.0393981933594,350.76966004136113,347.55838220794396,348.07329981131994,78520700
2021-01-04,345.2740173339844,351.5093441232009,341.5571642779558,351.37825754538835,110210800
2021-01-05,347.6520080566406,348.7474151939953,344.58115947645473,344.6279883530067,66426200
2021-01-06,349.7304992675781,352.941806356625,345.58298594705474,346.13536105228667,107997700
2021-01-07,354.9266662597656,355.6756427721252,351.9400745592641,352.1179614809834,68766800
2021-01-08,356.94879150390625,357.16410716326504,353.0540523710122,356.3215017877144,71677200
2021-01-11,354.54266357421875,356.3121320142301,353.6345149190095,353.75622998181245,51034700
2021-01-12,354.6175231933594,355.63801534649735,352.36119467121426,354.7298953309491,52547700
2021-01-13,355.5725402832031,356.57428957260373,353.75624290642565,354.54267652756454,45303600
2021-01-14,354.3274230957031,356.82718264450693,353.99039227381644,356.32160784005754,49989100
2021-01-15,351.743408203125,353.50350553896874,349.8709386967397,352.6983573655993,107160000
2021-01-19,354.50531005859375,355.04834225610796,352.72646960899704,354.21507954915734,51233300
2021-01-20,359.4111328125,360.25373828155864,356.41517050960914,356.80837306175,61836100
2021-01-21,359.7387390136719,360.4034860873941,358.8118759915989,359.9727976411941,47840100
2021-01-22,358.465576171875,359.6358696437213,357.49188400324584,357.8757436906056,52860500
2021-01-25,359.8792419433594,360.2349871014211,354.327348891495,359.20515186913644,70402000
2021-01-26,359.3174743652344,361.2461152977036,359.08341572224913,360.8341698003207,42665300
2021-01-27,350.53564453125,356.068795148532,348.2886869202177,355.97516596231895,123351100
2021-01-28,353.55029296875,357.57609050684005,351.9212538321037,352.361256685765,94198100
2021-01-29,346.47235107421875,352.6515052518927,344.7871116230642,351.67781325155534,126765100
2021-02-01,352.2396545410156,353.278861529727,346.76267485095025,349.88969588030034,75817600
2021-02-02,357.2203369140625,358.78386142826054,352.32384773866625,355.4414967055677,64450700
2021-02-03,357.5012512207031,359.2332912526561,356.21861416234987,358.05362630421786,52427100
2021-02-04,361.56439208984375,361.61119238467893,357.61348148538445,358.54034446734624,47142600
2021-02-05,362.9875183105469,363.6990657681727,361.5176516643229,363.4462927053067,48669800
2021-02-08,365.6090087890625,365.65580909374563,363.586738480656,364.4480583738054,38365200
2021-02-09,365.3655090332031,365.96471282004507,364.35438835741877,364.7663052463612,35551100
2021-02-10,365.2063903808594,367.2661179869432,362.79091761700954,367.11631701817225,59154400
2021-02-11,365.7962646484375,366.7137849728556,363.3527057088948,366.292467914223,42913300
2021-02-12,367.6031799316406,367.8465815074679,364.91616253538814,364.9910773061147,50593300
2021-02-16,367.28485107421875,369.03563391424353,366.56396066123074,368.83900406119835,50972400
2021-02-17,367.3691101074219,367.6218831648104,364.5042059322884,365.5247267940273,52290600
2021-02-18,365.8056335449219,366.5546098976063,363.01564377368203,364.7476837323332,59712800
2021-02-19,365.1595458984375,367.3597027179233,364.7101430464968,367.06947230467307,83241000
2021-02-22,362.35089111328125,364.7757353991889,362.0793750679764,362.3789770095808,67414200
2021-02-23,362.7909240722656,364.1484757329235,355.9564226087111,360.1320211154006,107284100
2021-02-24,366.7886657714844,367.2193543140166,360.7031400947551,361.69554661169246,72433900
2021-02-25,357.95062255859375,366.8916816430611,356.4994701119192,365.51541540553666,146670500
2021-02-26,356.1061706542969,360.99331629817215,354.11201500173956,359.8417660521564,152701600
2021-03-01,364.73828125,365.9928608201491,356.3028265082272,361.0027141509435,105348800
2021-03-02,361.89215087890625,365.1970580621201,361.3865761660831,364.9629993988001,79595300
2021-03-03,357.0986633300781,362.16366807695084,356.9956626525254,361.1900045292003,119940200
2021-03-04,352.6795959472656,359.51409730594685,348.166938181186,356.91136618185686,183433000
2021-03-05,359.1676940917969,360.2256437904817,348.878484696464,356.199817756297,152039600
2021-03-08,357.37945556640625,362.9594055155438,357.09859662848083,360.1319874445202,123149200
2021-03-09,362.4819641113281,365.04723778272904,360.74055289108605,361.24612757717085,113633600
2021-03-10,364.73828125,366.4422351649294,363.41821554059374,364.8412819184215,109899400
2021-03-11,368.43646240234375,370.421275513694,366.76059418897574,367.2193686481361,86245000
2021-03-12,368.9326477050781,369.073077197319,366.25503014763297,367.0695497742458,64653600
2021-03-15,371.1327819824219,371.3949265422265,367.03206963349646,369.18539790534726,73427200
2021-03-16,370.6647033691406,372.46225808936504,369.8876125263924,371.75073910793407,73722500
2021-03-17,371.9285583496094,372.7337063739402,368.22104884168846,369.3726276607322,97959300
2021-03-18,366.51708984375,371.4229494473451,365.8336283776362,369.3257933245764,115349100
2021-03-19,365.8389892578125,367.802125044602,363.6504017230037,366.2147039509197,113624500
2021-03-22,368.7601623535156,370.1503381009731,366.2991984120199,366.3555541766961,73778600
2021-03-23,365.8576965332031,369.5773200301121,365.0686872256884,368.1214151171721,90686600
2021-03-24,363.9979553222656,368.91051044021407,363.9510017329088,367.2667334999967,97588600
2021-03-25,366.04559326171875,366.8439761405142,360.59763052907954,362.5513925660226,116128600
2021-03-26,371.9444580078125,372.3483505991138,366.59983248275023,367.2009702777949,114409100
2021-03-29,371.756591796875,372.6677150192703,368.96686635636115,370.460351679942,108107600
2021-03-30,370.7702941894531,371.44659205631615,369.1640688399087,370.4791131725585,76262200
2021-03-31,372.2731628417969,373.8418081671427,371.3150861152096,371.34326399936833,112734200
2021-04-01,376.29345703125,376.349841477788,374.0109618914249,374.2176093114008,99682900
2021-04-05,381.6943359375,382.2391465633513,378.89523733741964,378.9703688038174,91684800
2021-04-06,381.4689636230469,382.52097628372144,380.7926656747282,381.1308289814851,62021000
2021-04-07,381.9104309082031,382.2579677288621,380.83964255982676,381.2998909260838,55836300
2021-04-08,383.7232360839844,383.7795918510456,382.2297509264768,383.1690519310872,57863100
2021-04-09,386.5129699707031,386.68206594090964,383.4790460028009,383.6011597225974,61104600
2021-04-12,386.6539611816406,386.92633789172277,385.30136515533724,385.9119052045941,56704900
2021-04-13,387.7998046875,388.42914898249666,386.1654300883869,386.55054694574426,56551000
2021-04-14,386.4754333496094,388.8330595224319,385.9306226812486,387.7716447361507,61659900
2021-04-15,390.62713623046875,390.8995415703954,388.57946675216493,388.6264203401687,60229800
2021-04-16,391.9327697753906,392.54330973183005,390.49564029907293,391.92336759192136,82037300
2021-04-19,390.0071716308594,391.44430105643295,388.67338022421853,390.9934549089228,78498500
2021-04-20,387.1517639160156,389.89450719534887,385.66765206065935,388.78613872856624,81851800
2021-04-21,390.81500244140625,391.0216498230792,386.39087376993405,386.53179186236076,66793000
2021-04-22,387.2456359863281,391.48189292118855,386.1748476885306,390.6459298873599,97582800
2021-04-23,391.44427490234375,392.86262853206887,387.7340532904559,387.8091847549569,73209200
2021-04-26,392.2614440917969,392.8344325598446,391.5100148206276,392.1017789876383,52182400
2021-04-27,392.1770324707031,392.75942330203213,391.03108384324634,392.5621494081892,51303100
2021-04-28,392.0643310546875,393.5766209539504,391.59468043563174,392.44944800213705,51238900
2021-04-29,394.5627746582031,395.1827167562843,391.1625096341873,394.80700209037826,78544300
2021-04-30,391.9703369140625,393.1350897684638,391.068615885812,392.2803223290576,85527000
2021-05-03,392.81573486328125,394.3561737746238,392.317906422609,393.9710568804894,68128300
2021-05-04,390.3922424316406,391.31276764951997,386.68202100960644,390.81493931025204,101591200
2021-05-05,390.514404296875,392.28029482456407,389.950817944286,392.04546956641803,60162200
2021-05-06,393.6329650878906,393.7644523514322,388.57011780497794,390.58960967412344,74321400
2021-05-07,396.49774169921875,397.1552638788367,393.71741870821324,394.4031187718038,67733800
2021-05-10,392.57147216796875,397.0801056159915,392.44935844844775,396.85468254314804,81852400
2021-05-11,389.0678405761719,390.0634972953382,385.1697473456406,388.0252302753278,116888000
2021-05-12,380.8019714355469,387.5461448430415,379.4775537610632,386.2687094114528,134811000
2021-05-13,385.37646484375,387.320825054293,382.31433400000765,382.3613162554268,106394000
2021-05-14,391.2940673828125,392.1488348842711,388.10044914930353,388.1286270376946,82201600
2021-05-17,390.2983093261719,391.11552520819356,388.2694158920418,390.1762242849031,65129200
2021-05-18,386.93572998046875,390.8056462516172,386.7760361673479,390.5614187722078,59810200
2021-05-19,385.9211730957031,386.09964256874224,380.7268400084887,382.220353738698,106467100
2021-05-20,390.0729064941406,391.3409685393417,386.6820437446114,386.80412879220756,78022200
2021-05-21,389.7535705566406,392.81570107846534,389.29332222613044,391.56641465966277,76578700
2021-05-24,393.7268371582031,394.8070276420391,391.7636727212955,392.00790016927687,51376700
2021-05-25,392.853271484375,395.1733462806178,392.27090940571543,394.81640728655066,57451400
2021-05-26,393.6329650878906,394.1401671025201,392.402482795589,393.4450933797477,43088600
2021-05-27,393.839599609375,395.182793416517,393.55779205638487,394.6661892338307,56707700
2021-05-28,394.5440368652344,395.680583154986,394.3092115933323,395.41757999706346,58520200
2021-06-01,394.1964111328125,397.0612673377322,393.75493857460907,396.9203779394094,54216600
2021-06-02,394.81640625,395.66180014538963,393.83955377586835,394.8539863190647,49097100
2021-06-03,393.35113525390625,394.49708381221865,391.01228454550323,392.4869942418522,58138800
2021-06-04,396.9486083984375,397.249191598133,393.4168274649943,395.21089581511285,55938800
2021-06-07,396.56341552734375,397.11759957137497,395.62411470725294,396.9391301223428,51555000
2021-06-08,396.6480407714844,397.5215838562783,394.8070187651546,397.42764801953655,47134300
2021-06-09,396.05633544921875,397.5686252497102,395.8309123396586,397.4934651030588,48436300
2021-06-10,397.8973083496094,398.8554137767314,395.96235045882463,397.2867683935218,51020100
2021-06-11,398.5548400878906,398.6675516313781,397.1552906475976,398.4515307280918,45570800
2021-06-14,399.4471435546875,399.5504529030993,397.418249999959,398.66750768950845,42358500
2021-06-15,398.7144775390625,399.6349741242568,397.8315323529279,399.59742272519713,51508500
2021-06-16,396.4883728027344,399.0808530066341,394.4313297696512,398.8554299159279,80386100
2021-06-17,396.35687255859375,397.3431272132893,393.86773046301494,396.0750937044504,90949700
2021-06-18,391.0098876953125,393.75217111287947,390.8025642358117,393.0548234577296,118676300
2021-06-21,396.6075134277344,396.7959997339808,391.961616444382,392.7814772345062,72822000
2021-06-22,398.7278747558594,399.56660147363755,395.872482504178,396.59812893618243,57700300
2021-06-23,398.247314453125,399.61373969091704,398.1625042322118,398.8033117406512,49445400
2021-06-24,400.6032409667969,401.02729206202724,400.1508910395755,400.40535045568936,45110300
2021-06-25,402.02618408203125,402.4785339842304,401.02726987877713,401.35710655169476,58129500
2021-06-28,402.8366394042969,403.0062598324487,401.3477010477857,402.55393869071054,53159600
2021-06-29,403.0533752441406,403.86380308775733,402.51621515673565,403.22299566364563,35970500
2021-06-30,403.39263916015625,404.0711496359645,402.5633453831712,402.59161545470596,64827900
2021-07-01,405.62603759765625,405.78625383305746,404.0899633622855,404.15593644503736,53441000
2021-07-02,408.7264099121094,409.0845165962925,405.71080192222274,406.79455491666175,57697700
2021-07-06,407.98199462890625,408.99977471807125,405.2302784805173,408.78301833118127,68710400
2021-07-07,409.4238586425781,409.706588138466,406.6438721996936,408.6699708381631,63549500
2021-07-08,406.0877990722656,406.85111967834933,402.8837046044413,404.0711049956696,97595200
2021-07-09,410.4227600097656,410.72432662563244,405.8899428637395,407.60507063763464,76238600
2021-07-12,411.8928527832031,412.1473121921227,409.9044572663973,410.33794129336883,52889600
2021-07-13,410.48870849609375,412.6090501060507,410.2248449127692,411.10124587606435,52911300
2021-07-14,411.1011962890625,412.68440635701694,409.84785160919256,412.1943535049717,64130400
2021-07-15,409.6971740722656,410.4322247810816,407.7841556404127,409.75371422225317,55126400
2021-07-16,406.4836120605469,410.93161864795053,406.0878310715976,410.8845114498762,75874700
2021-07-19,400.4806823730469,406.5495732707812,397.65356035580317,401.6303798104182,147987000
2021-07-20,406.21978759765625,407.50143136098563,400.3487864518047,401.14981020901354,99608200
2021-07-21,409.5086975097656,409.6500766470875,406.1727135449441,407.4260585782282,64724400
2021-07-22,410.3661804199219,410.6112068666337,408.69818876700634,409.68766997892743,47878500
2021-07-23,414.5881042480469,414.927345152791,411.61963129562355,412.30754604990295,63766600
2021-07-26,415.60577392578125,415.61520686871586,413.9472152307123,413.9943224274407,43719200
2021-07-27,413.7116394042969,414.5880403654888,410.8656513777973,414.55977029444944,67397100
2021-07-28,413.5419921875,414.9272831929667,412.1095939830681,414.3430158827244,52472400
2021-07-29,415.25714111328125,416.34086557570345,414.46555032093,414.47498326479524,47435300
2021-07-30,413.240478515625,414.7011468766554,412.54310212092867,412.6750483001058,68951200
2021-08-02,412.3734436035156,415.5209693765124,412.0153368747902,414.9649721562708,58783300
2021-08-03,415.728271484375,415.85078470201967,410.9692944352204,413.17444607590994,58053900
2021-08-04,413.68328857421875,415.69995368560154,413.4476951085592,414.43717616074224,46732200
2021-08-05,416.3031311035156,416.3879413091103,414.53146345161576,414.8518671479637,38969700
2021-08-06,416.9910888671875,417.4151686980422,416.3408484646631,416.62357793822423,46930000
2021-08-09,416.65185546875,417.2832299956223,415.87910182307905,416.96282626036293,41222600
2021-08-10,417.170166015625,417.8863795453643,416.4162782277763,417.10419292546993,43339300
2021-08-11,418.20672607421875,418.3009692245495,417.1135688001206,418.2444290861454,44034300
2021-08-12,419.4600830078125,419.60146211690204,417.15128393197523,418.05595493169636,38909400
2021-08-13,420.22344970703125,420.2422868348311,419.42242601144585,419.9124501650049,39470300
2021-08-16,421.212890625,421.3448080249147,417.3491516319457,418.9134958587519,73740000
2021-08-17,418.4517822265625,419.31875024963404,415.445606699074,418.6402397816341,92673900
2021-08-18,413.8717956542969,419.0077453243153,413.6267979767696,417.4339681312967,89351900
2021-08-19,414.51263427734375,415.7189006654439,410.9881645464059,411.1295149015822,92812200
2021-08-20,417.81103515625,418.14087189671477,414.37137488335713,414.86142790084074,72008700
2021-08-23,421.4862060546875,422.400309988542,417.8863304587678,419.50721489532515,54973000
2021-08-24,422.15533447265625,422.69249462166556,421.63704021173714,422.15533447265625,38744700
2021-08-25,423.0411376953125,423.5594319185599,421.9668174753797,422.3437901020763,40529700
2021-08-26,420.5438537597656,422.9940032884355,420.4496106027459,422.75840977537314,57829600
2021-08-27,424.30389404296875,424.68083789165667,421.29771867840407,421.35425881775865,77235100
2021-08-30,426.1697692871094,426.9613599308619,424.7373425192974,424.98236894199573,48357400
2021-08-31,425.5384216308594,426.41482259090867,424.9353171964827,426.07558173887935,59300200
2021-09-01,425.7645568847656,426.99906451009645,425.5289633874281,426.48077031954267,48721400
2021-09-02,427.0745544433594,427.88498242912203,425.8683166503557,427.1970676874811,42501000
2021-09-03,426.9707946777344,427.48911762754767,425.52896362358746,425.9342062960515,47170500
2021-09-07,425.4441833496094,426.71639407724444,424.76567287880226,426.6221509198319,51671500
2021-09-08,424.92584228515625,425.6420556917791,422.9939584275475,424.90700515933963,56181900
2021-09-09,423.10711669921875,426.4902361306357,422.8620902402333,424.72800123617645,57970400
2021-09-10,419.7711486816406,425.47250085352704,419.6486354392436,425.04844973635716,89948200
2021-09-13,420.84539794921875,423.0505785726506,418.5177328546844,422.7867149843986,83738600
2021-09-14,418.57421875,422.50390172285444,417.67895206080516,422.29657831898663,78197100
2021-09-15,422.070556640625,422.5700138107552,417.88641293807143,418.99840757964773,78792200
2021-09-16,421.4014892578125,422.5228881124278,418.4329874812529,421.54283963789186,77786700
2021-09-17,417.2964782714844,421.04968976002243,416.9372243033912,420.62428020657444,118425000
2021-09-20,410.3385009765625,412.7208816188772,405.44134193513526,411.13262785733406,166445500
2021-09-21,409.9508361816406,413.99711770891486,409.42141832581854,412.69247054595706,92526100
2021-09-22,413.9498291015625,416.0013449230814,410.0642771196357,412.2386698152154,102350100
2021-09-23,418.9793395996094,420.59598269867746,415.594844733839,415.8311930271532,76396000
2021-09-24,419.66943359375,420.3879415463402,417.1168608103632,417.33431159893826,62094800
2021-09-27,418.4688415527344,419.801820517325,417.7692309966468,418.6295422330679,61371100
2021-09-28,410.035888671875,416.01077987427567,409.2984832219723,415.6798865253601,130436300
2021-09-29,410.7260437011719,413.1746083672385,410.15880207113577,411.4256253625887,82329200
2021-09-30,405.7060241699219,412.9193495615743,405.36566763843695,412.210304709682,140506000
2021-10-01,410.5274658203125,412.21972744584093,403.9002802066604,407.4455041184316,129240100
2021-10-04,405.23333740234375,410.26280707989173,403.07781330339657,409.3552377258311,128570000
2021-10-05,409.44976806640625,411.7092426318,405.94236765217715,406.745928727263,90682500
2021-10-06,411.15142822265625,411.35941584595423,404.1933492816089,405.8288607796688,113032200
2021-10-07,414.70611572265625,417.56119232624303,414.27124300116697,414.4508699874333,72437500
2021-10-08,413.9498291015625,415.86900488520456,413.31643185029856,415.4813902331716,74557400
2021-10-11,410.9529113769531,416.21875764307975,410.8867269385169,413.28803338816016,65233300
2021-10-12,409.94134521484375,412.2859304538344,409.1472184849697,411.87941835123945,71181200
2021-10-13,411.4161682128906,412.23865560546676,407.97495228229155,410.97183229549677,72974000
2021-10-14,418.3364562988281,418.4877226604138,414.63050256774966,415.1031991285393,70236800
2021-10-15,421.5224304199219,421.8911475892967,419.8396318019155,420.4635947300898,66260200
2021-10-18,422.7704162597656,423.1107439864514,419.06446196843666,419.7262487940317,62213200
2021-10-19,426.0319519042969,426.09810749313067,423.7913460672184,424.4058746508031,46996800
2021-10-20,427.705322265625,428.0078550005876,426.3817776140506,426.4952201768842,49571600
2021-10-21,428.8208923339844,429.04777746656447,426.6653970211421,427.1002698089574,41305400
2021-10-22,428.3764953613281,429.8418719034651,426.41952481825643,428.38595852420775,58845100
2021-10-25,430.6737976074219,431.00469094915405,427.6863809221838,429.47315880576673,45214500
2021-10-26,431.0614318847656,433.45327528530197,430.6832804131563,432.2337389531949,56075100
2021-10-27,429.1517333984375,432.19590024422723,429.07608579606,431.52467924143804,72438000
2021-10-28,433.2926330566406,433.3682518207188,430.57935909671465,430.58879341027955,51437900
2021-10-29,434.1717834472656,434.4648530017108,430.68328058191975,430.9763501363649,70162400
2021-11-01,434.9186096191406,435.54257246962413,433.17908993799193,435.1643921836789,48433600
2021-11-02,436.67706298828125,436.98905886494975,434.95644063829457,435.08880951957394,48908400
2021-11-03,439.3431396484375,439.74965180996986,435.66554616325567,436.10988213201085,52509800
2021-11-04,441.4134826660156,441.49856458035435,439.598315273468,439.94810609389634,52847100
2021-11-05,442.945068359375,444.94929729786503,441.42299917818394,443.654113248998,66390600
2021-11-08,443.3232116699219,444.55224009988586,442.6330931214879,444.05118287452416,50405200
2021-11-09,441.85784912109375,443.92826239983964,440.43975941516413,443.69191411551805,51149100
2021-11-10,438.3031005859375,441.85778751890786,436.80939233176025,440.1560627983752,69429700
2021-11-11,438.4450378417969,439.882054114274,438.42614036230617,439.8064064940838,34848500
2021-11-12,441.7538146972656,442.3115931530803,438.7663690983288,439.72122534276286,53466700
2021-11-15,441.9051208496094,443.20976803542936,440.77066636058623,443.0490673537616,46980500
2021-11-16,443.654052734375,444.7979702552916,441.56474215624644,441.6403609063365,48857500
2021-11-17,442.5763854980469,443.569036815363,441.95242252532125,443.3894097996794,47858300
2021-11-18,444.07952880859375,444.3442377330162,440.8746322243383,443.61626655252275,50625600
2021-11-19,443.2853698730469,445.22341412362175,442.91665272768785,443.9660251855124,57315600
2021-11-22,442.0374450683594,447.6814428554644,441.8294574387249,445.176156987895,72762000
2021-11-23,442.6236267089844,443.4839379483123,439.0878655163852,441.70659418804007,73206500
2021-11-24,443.8053894042969,443.9282951373852,439.7874682745276,440.6099557484438,61858800
2021-11-26,433.90704345703125,438.5678242063692,432.77256027189844,437.09301337636003,112669600
2021-11-29,439.22967529296875,441.0826378394203,436.5164014943158,438.7286180637866,86268800
2021-11-30,430.6832275390625,438.69070730581495,430.43741612969563,436.771560693177,148559600
2021-12-01,425.89959716796875,439.2958302661636,425.7010726926602,436.43129028942224,131939200
2021-12-02,432.4228515625,434.0016709289296,425.7200171180111,426.1170949635271,127637800
2021-12-03,428.66015625,435.1644366060928,424.40588725877814,434.09616662767235,137331600
2021-12-06,433.73687744140625,435.6276635063296,428.79246149523357,431.22212851292545,98977500
2021-12-07,442.7086181640625,443.2758597154203,433.604479260636,439.04995199190506,95484700
2021-12-08,443.8810119628906,444.3348110925341,441.3379019062083,443.105811453361,72238800
2021-12-09,440.88409423828125,443.9849825667613,440.6855697582594,442.58579034068646,61272600
2021-12-10,445.0343017578125,445.1855681034019,441.0353077411324,443.6067779139412,77159800
2021-12-13,441.0920715332031,444.8641808206626,440.8084362887176,444.5143899851278,87724700
2021-12-14,438.057373046875,440.3074134469163,435.11721408540126,437.8021272729205,97264100
2021-12-15,444.9020080566406,445.1477906490949,435.58041689056216,438.1140923790866,116899300
2021-12-16,440.9786682128906,447.0480763800699,439.4187463571933,446.7644699614581,116568600
2021-12-17,436.28533935546875,440.9055744108569,434.5681683996154,437.8791727919841,135511600
2021-12-20,431.6460876464844,432.04453148065267,428.00302782890236,431.1717304470211,107134800
2021-12-21,439.3117370605469,439.454038446027,432.9079141417177,435.08994592566444,69806300
2021-12-22,443.7042541503906,443.81809524961324,438.8563083570705,439.05555923317684,58890200
2021-12-23,446.465087890625,447.97354060106966,444.60561541738446,444.709960124174,56439700
2021-12-27,452.78350830078125,452.83093244654975,447.8027569913504,447.8501811371189,56808600
2021-12-28,452.4135437011719,454.25405241065744,451.6450871624403,453.2199569320245,47274600
2021-12-29,452.9922180175781,454.01681695689126,451.51222568719845,452.5178607590598,54503000
2021-12-30,451.7398681640625,454.4342136811117,451.2750073564015,453.41908228859734,55329000
2021-12-31,450.60150146484375,452.404053506979,450.3263950624863,451.2466494298753,65237400
2022-01-03,453.2103576660156,453.34319158205653,449.54833390042785,451.87266685894554,72668200
2022-01-04,453.0586242675781,455.3640226406569,451.1896554356825,454.64299031389396,71178700
2022-01-05,444.3588562011719,453.46652025004556,444.26397897048724,452.68856749188376,104538900
2022-01-06,443.94146728515625,446.6737696888694,441.5601846155021,443.89404314094736,86858900
2022-01-07,442.1863708496094,445.13688822021396,440.82021955139874,443.95099500666106,85111600
2022-01-10,441.6361083984375,441.8542942099038,433.1830584948898,438.97022289575784,119362000
2022-01-11,445.65863037109375,445.7535076103093,438.35351723852057,441.37045131175284,74303100
2022-01-12,446.863525390625,448.93174515271585,444.89021182829805,447.40429964297095,67605400
2022-01-13,440.70635986328125,448.6281319864739,439.6722644989379,447.97351664398144,91173100
2022-01-14,440.88665771484375,441.23767749053474,436.31384631496036,437.5376962768734,95890900
2022-01-18,433.0787048339844,436.3707455502833,431.9592285898754,436.16202718676544,109709100
2022-01-19,428.5817565917969,436.03863833780343,428.3066212921638,434.63455946891924,109357600
2022-01-20,423.8382263183594,435.2133045377482,421.70361857528985,430.4792281856868,122379700
2022-01-21,415.5179138183594,425.0809415519598,415.4894535464797,422.70915572044083,202271200
2022-01-24,417.2825927734375,417.79490672310317,399.18113239410206,409.8731346569895,251783900
2022-01-25,412.18798828125,417.16873938580625,405.24339122116197,410.85029736744434,167997300
2022-01-26,411.15386962890625,421.2671690579367,406.8656618202091,418.1174301609658,186391100
2022-01-27,409.1236877441406,418.94288995436074,407.425509402355,415.78368297579794,149878300
2022-01-28,419.28436279296875,419.3317869344857,405.87902298097157,410.4897613111664,164457400
2022-01-31,426.8361511230469,427.1871708613704,417.2541287264487,418.61078353495793,152251400
2022-02-01,429.7202453613281,430.3653642742449,424.01846193819864,427.56664491170966,123155400
2022-02-02,433.89459228515625,434.6250920439681,429.81510247040995,432.1394646295369,117361000
2022-02-03,423.6959533691406,429.73926084170694,422.8515834635683,427.8228677399466,118024400
2022-02-04,425.688232421875,429.5589750673006,421.0679682188153,423.45874742706604,118454400
2022-02-07,424.32208251953125,427.86076929165415,422.9843915183171,426.4566902752509,84472900
2022-02-08,427.8133239746094,428.7430746184262,422.3866758127271,423.81924398935524,81012000
2022-02-09,434.0747985839844,434.3973580085875,431.67455228851054,431.8737742076106,92589900
2022-02-10,426.27642822265625,434.2361282356735,424.26515801061765,428.19282118927464,140103700
2022-02-11,417.87078857421875,428.4489496615166,416.4287529294626,426.3617950929856,153214600
2022-02-14,416.50457763671875,418.952276956094,413.0133156589304,417.3584437426426,123006300
2022-02-15,423.2215576171875,423.3923192839922,420.4512984505421,420.97310881351615,88482700
2022-02-16,423.6959533691406,425.08106860204714,419.27493978352175,421.16287260489605,84863600
2022-02-17,414.6451721191406,423.66745660673814,414.0380098723644,420.48925712577056,102259100
2022-02-18,411.960205078125,416.1630023169987,409.6738002287078,414.9011961331173,132642900
2022-02-22,407.5393371582031,413.16520778053655,404.0195851508486,409.7403619760291,124391800
2022-02-23,400.3100891113281,411.0400476361501,399.7408546290032,410.47081315382513,132578000
2022-02-24,406.3343811035156,406.7708105895787,389.5801096524119,389.9405968177941,213942900
2022-02-25,415.29974365234375,415.3851244771424,405.916943999085,407.57719425925995,121804500
2022-02-28,414.23724365234375,415.7267324626076,408.6113732508044,409.8731508786104,145615000
2022-03-01,407.9282531738281,414.74951244471936,405.2054183586272,412.72874601628865,137785900
2022-03-02,415.4326477050781,417.16878267401864,409.4367645189232,410.19572461357524,117726500
2022-03-03,413.3643798828125,418.4874323079745,411.5523317433492,417.8802700932544,105501700
2022-03-04,410.0060119628906,411.14445214067825,405.9360181175535,409.60753908155766,113978200
2022-03-07,397.91925048828125,410.12919946724656,397.85283353558765,409.4176637090088,137896600
2022-03-08,394.90240478515625,405.3003074447001,393.8303527836148,398.09956797048136,164772700
2022-03-09,405.4900817871094,407.4823880957403,401.1354855574779,403.33651022134575,116990800
2022-03-10,403.65899658203125,404.56025785314716,398.87746809778616,400.8507812288038,93972700
2022-03-11,398.52655029296875,406.78034996887305,398.01423630057667,406.16369126732127,95636300
2022-03-14,395.61395263671875,402.7767356418395,394.4660161806034,399.3044659961506,95729200
2022-03-15,404.3136291503906,404.94925158589535,396.9610925401468,398.2418338199585,106219100
2022-03-16,413.2790222167969,413.33594277285255,403.01392397187186,407.8429064461944,144954800
2022-03-17,418.44952392578125,418.44952392578125,410.97364881074105,411.3531288315489,102676900
2022-03-18,423.03271484375,423.35627638745905,416.08559496003465,416.8278900408766,106345500
2022-03-21,422.908935546875,424.8788530946301,419.3782499068009,422.8613350388213,88349800
2022-03-22,427.85760498046875,428.79974082442425,424.30789617875917,424.30789617875917,74650400
2022-03-23,422.34747314453125,426.81076907660247,422.2618270720981,425.3071562898667,79426100
2022-03-24,428.714111328125,428.7236372396159,423.2611078478265,424.3840617920597,64736900
2022-03-25,430.80780029296875,431.0837903582013,426.75371156457226,429.3517588407497,77101300
2022-03-28,433.8721923828125,433.8721923828125,428.3049643044695,430.20828815741294,68529800
2022-03-29,439.2394714355469,439.73435413532684,435.0807142126773,437.7834301119864,86581500
2022-03-30,436.52728271484375,438.9064372335808,434.4050664288614,438.0879929770802,79666900
2022-03-31,429.80853271484375,436.58435982271715,429.3517246131938,435.75641873543657,121699900
2022-04-01,431.0266418457031,431.54051826735866,427.4293616820586,431.3977748168988,89048800
2022-04-04,434.7190856933594,434.8237835903003,430.39856216040056,431.2265032549893,59601000
2022-04-05,429.22796630859375,435.6992541147236,428.0764638078297,433.2154310706281,74214500
2022-04-06,424.9360656738281,427.2295743624278,422.0335084647764,425.28820497622104,106898000
2022-04-07,427.0772399902344,428.90444335840795,422.0905416332628,424.05096254653387,78097200
2022-04-08,425.9352111816406,428.84729350397276,424.38399804709985,426.31587003273074,79272700
2022-04-11,418.6550598144531,423.4894888409876,418.1506802366311,422.6424959229476,89770500
2022-04-12,417.1038513183594,424.2032400930323,415.54311205270096,421.6622903518392,84363600
2022-04-13,421.8811950683594,422.6425129001169,416.6756038010192,416.85642186848395,74070400
2022-04-14,416.62799072265625,423.23252535418777,416.5232928318569,422.1095424572288,97869500
2022-04-18,416.7992858886719,418.493242593528,414.5533491208519,415.6953548051551,66002500
2022-04-19,423.5275573730469,424.2508005610737,416.5233117244911,416.69460387093864,77821000
2022-04-20,423.2135009765625,425.93526876250127,422.04297557728086,425.31669441555556,65224400
2022-04-21,416.885009765625,428.25738109236596,415.971422473118,426.858436937082,85417300
2022-04-22,405.44598388671875,416.9039705531427,404.87498102290607,415.79054255899945,132471800
2022-04-25,407.796630859375,407.9679230231289,398.5940479410627,403.190590965364,119647700
2022-04-26,395.9864807128906,405.44600132647787,395.9579320205926,405.2461314379784,103996300
2022-04-27,397.0998840332031,402.4767961013641,394.9491482483503,397.0713353426824,122030000
2022-04-28,407.13043212890625,408.8719894857778,397.4139732876912,401.8772694508292,105449100
2022-04-29,392.0846862792969,405.2842316293402,391.33286527809867,403.11444375046204,145491100
2022-05-02,394.4447937011719,395.8151890178917,385.44205215391776,392.15128527586165,158312500
2022-05-03,396.2529296875,398.67965556718195,393.3788925749156,394.9491577184404,100028200
2022-05-04,408.3200378417969,408.8910407697949,393.7120223923879,396.9191182335441,144247900
2022-05-05,393.80712890625,404.4562257378947,389.6483718907425,404.0279663525022,172929100
2022-05-06,391.4565734863281,394.7493152847315,386.1177645628525,391.22818394080616,151770800
2022-05-09,378.9231872558594,386.7648711026346,377.3338992897729,385.5181964825986,155586100
2022-05-10,379.7987060546875,386.45081277425265,375.7351206049353,384.9376739902595,132497200
2022-05-11,373.7651672363281,384.5094369547044,373.01334629193383,378.82801491865814,142361000
2022-05-12,373.3749694824219,376.6677110229419,366.5325191403808,370.54853290829357,125090800
2022-05-13,382.30157470703125,383.69099278588993,376.4869060792322,377.5337398547064,104174400
2022-05-16,380.7503356933594,384.44278782949095,378.3807072940259,380.64566684407026,78622400
2022-05-17,388.5826110839844,388.8205265694576,383.1200517886738,386.8791280761187,83029700
2022-05-18,372.9181823730469,384.2810266909841,371.6715077271893,383.99553976537305,117674500
2022-05-19,370.6341857910156,375.0879849586097,368.39777481712775,369.8347933871943,98510700
2022-05-20,370.7959899902344,377.8382814677449,362.1453877550972,374.24100104281246,131432200
2022-05-23,377.7336120605469,378.50445579030895,371.5097357957892,373.841289765687,76414900
2022-05-24,374.85009765625,376.0491718307928,368.25505900539866,373.5843711400361,91448800
2022-05-25,378.1617736816406,380.14124611702533,372.94668658581674,373.3463682028795,91472900
2022-05-26,385.7179870605469,387.36437219602,379.1896019799716,379.39896870793694,82168300
2022-05-27,395.1871032714844,395.30129804500666,387.9925421154357,388.1923829690997,84768700
2022-05-31,392.96966552734375,396.3290302240646,390.2098523586559,393.5596911446426,95937000
2022-06-01,389.7911682128906,396.1197136185281,387.2597442421527,395.10145752548357,86585800
2022-06-02,397.2141418457031,397.26171331984006,387.36443617900545,389.6293959622701,79609600
2022-06-03,390.6952209472656,394.0260370549625,389.71501051155417,392.46529785271264,71874300
2022-06-06,391.8848571777344,396.4718454078393,390.70477668721037,394.7303169306343,57508900
2022-06-07,395.6439208984375,396.1007290794309,387.906904772214,388.3732388660668,59272400
2022-06-08,391.3423767089844,395.7200269110218,390.542984261338,393.9213721220069,64350000
2022-06-09,382.0351257324219,391.83723092273254,382.0351257324219,389.5532483489374,86289800
2022-06-10,370.9577941894531,376.64874276355926,370.91022271178053,375.7922528685387,132893900
2022-06-13,356.8731689453125,363.35398336996633,355.25533229579526,361.4887344054878,170004900
2022-06-14,355.79779052734375,359.6710610018392,352.6763410025152,358.63375313073595,104011800
2022-06-15,360.87017822265625,365.3429714065082,354.1323961900005,359.11909489488215,125666800
2022-06-16,348.92681884765625,353.0094564020741,346.48104087143184,352.6002487681296,134473300
2022-06-17,349.6789855957031,353.0433241630427,346.1522111714354,349.3444884854048,111113900
2022-06-21,358.481689453125,359.87710948987325,355.36586097952295,355.4423391329134,76811900
2022-06-22,357.831787109375,361.97027043609603,353.80796268216653,354.22850504115206,90059400
2022-06-23,361.33941650390625,362.07535096592636,356.39808809001744,359.9822356344284,79292100
2022-06-24,372.8277893066406,372.8373563670331,364.5030175396714,364.5316895529819,98050300
2022-06-27,371.4037170410156,374.0511969698246,370.3045842487309,373.7549097606314,66009600
2022-06-28,363.8149108886719,375.7716379636104,363.7002228194044,372.97123065680324,86548900
2022-06-29,363.5185852050781,365.36321951572495,361.6835179551487,364.3692369086249,65676000
2022-06-30,360.5653381347656,363.82452732885247,356.0827607560022,359.5999981409631,112508300
2022-07-01,364.3787536621094,364.81843007945116,357.26780285347036,359.9057446860557,74839700
2022-07-05,365.06695556640625,365.0860896890599,356.40765668655513,359.2558700143146,81438000
2022-07-06,366.2998962402344,368.80401610866414,362.8113316334249,365.21030133498977,70426200
2022-07-07,371.78594970703125,372.5887951376937,366.3189296305425,368.08711465696166,64525900
2022-07-08,371.480224609375,373.36309817992276,368.60333916624654,370.1421193637249,72397800
2022-07-11,367.23651123046875,369.7597356902965,366.5387867422361,368.78485815297785,58366900
2022-07-12,363.9868469238281,369.08113094291025,362.2282289341885,366.6821325117179,62219200
2022-07-13,362.07537841796875,365.02874188620655,358.0898223804103,358.5103647242688,84224600
2022-07-14,361.196044921875,362.28561057335287,354.62989149668186,357.0862050345725,89704800
2022-07-15,368.09674072265625,368.21142877858375,363.7097475762236,365.63083084874444,79060400
2022-07-18,365.0574035644531,371.8816056458765,363.82444858360634,371.2030151789039,63203600
2022-07-19,374.92095947265625,375.4944289460288,368.34526757064066,369.0047239219697,78506000
2022-07-20,377.3103942871094,378.73451550468235,373.7358135711647,375.1121286509885,71843800
2022-07-21,381.1525573730469,381.2003343351553,374.3092221636945,376.72732563724503,64903900
2022-07-22,377.6161804199219,382.4810592912711,375.3796761107741,381.2768056896463,72197300
2022-07-25,378.07501220703125,378.93520179951645,375.81937347807474,378.2470442919547,53631500
2022-07-26,373.60198974609375,376.6317727497876,372.70356111063364,376.4215015974913,52946400
2022-07-27,383.3030700683594,385.0616882366238,376.6221994395501,376.9184866263418,82342100
2022-07-28,388.110595703125,388.8082910499079,380.5408637013214,384.1154731425541,73966600
2022-07-29,393.7688293457031,394.76284123179397,388.77969412741766,389.55386776750754,87003700
2022-08-01,392.6027526855469,395.1260066861507,390.3375759887455,391.05440553420766,69997500
2022-08-02,390.01263427734375,394.7341540955972,388.8274853760052,391.0257510803338,63435400
2022-08-03,396.1199951171875,397.2955768349463,391.8667950645836,392.1535151987035,67820600
2022-08-04,395.85235595703125,396.73165042697985,394.1988588361224,396.04349297891054,45656600
2022-08-05,395.183349609375,395.8332680618183,391.48451383201046,391.5418578620573,56814900
2022-08-08,394.7245178222656,399.149749639254,393.61581810308274,396.88457323790334,53886100
2022-08-09,393.1571350097656,394.4952110549971,392.07710711215617,393.988652653307,44931800
2022-08-10,401.4150085449219,401.55839779907825,398.2896419924181,400.25853162505905,68665700
2022-08-11,401.4150085449219,406.15566262914354,400.66950692836724,404.2823269421121,59489700
2022-08-12,408.21044921875,408.31557019539997,402.40890302073876,403.3646755409569,61694500
2022-08-15,409.89263916015625,410.4183316112989,405.92618854962876,405.98353257442744,54048300
2022-08-16,410.695556640625,412.63577412947495,408.00027052275385,408.8126831825494,59289000
2022-08-17,407.7804260253906,410.5043841167824,405.76375958246024,407.073163544798,63563400
2022-08-18,408.96563720703125,409.6537656215628,406.6813262154895,407.98116322232164,49023200
2022-08-19,403.4698486328125,406.4518543986367,402.59052503034076,406.18423924446955,68016900
2022-08-22,395.06866455078125,398.7770674172841,394.16066878836006,398.6050061579676,77695600
2022-08-23,394.1128845214844,397.04711375427405,393.55852001325957,394.6385478471304,49105200
2022-08-24,395.3744812011719,396.75076696965255,393.1953207466003,393.8834490469075,49177800
2022-08-25,400.9562072753906,401.00398424235743,395.7759065035921,396.8750392546362,50942300
2022-08-26,387.3841552734375,401.3862167684298,387.3268112560328,400.8414486030849,103087000
2022-08-29,384.8227844238281,387.89080676379103,383.45603640076416,384.4118091443674,65370800
2022-08-30,380.5982666015625,386.22778221783756,378.48601694671703,385.9888390253207,85652400
2022-08-31,377.7022399902344,383.4942200869952,377.5684469825705,382.24216021191813,76029700
2022-09-01,378.8874206542969,379.2314848203502,372.78958625661124,375.5135442426701,78740100
2022-09-02,374.8922424316406,383.8000502336139,373.06671323072214,382.57666244902407,99632100
2022-09-06,373.4777526855469,376.6891349836244,371.2412480491283,375.74292933648877,76637400
2022-09-07,380.1872863769531,380.9614599772315,372.94254170772115,373.16235077454724,70964200
2022-09-08,382.6722717285156,383.13102394921066,376.6891253954325,377.90297537104567,80821700
2022-09-09,388.6172180175781,389.48697474715556,384.6603047094701,384.92791992104236,76706900
2022-09-12,392.7939147949219,393.52031139378676,390.3949159407844,390.7007702106084,69256300
2022-09-13,375.7142333984375,385.2719598691794,374.5864286751779,384.0581099399607,122947100
2022-09-14,377.14794921875,378.67719151815356,373.8218494051375,377.023694089042,85023700
2022-09-15,372.865966796875,378.44767475307367,371.5852351340906,375.5803572241308,87633800
2022-09-16,370.021484375,370.683678921136,366.7105116443199,368.65872841605665,103084800
2022-09-19,372.8910217285156,372.8910217285156,366.77774399777655,366.854536316204,73278500
2022-09-20,368.6107482910156,370.5589358934029,365.8372336897968,369.5416573988176,77274900
2022-09-21,362.1807556152344,373.6203492709987,362.1711492548727,370.5493012990479,106746600
2022-09-22,359.138427734375,363.0539853153731,358.3898639635513,361.40330247616214,89472600
2022-09-23,353.1212158203125,355.6835954375833,348.6490155096755,355.6451992816999,122346900
2022-09-26,349.6278991699219,355.29011674552225,348.39948576610453,351.6432726901012,92581200
2022-09-27,348.7353515625,355.4724265356737,346.32649822363004,353.1883387257356,108294100
2022-09-28,355.5972900390625,357.29594682457025,347.98688355422325,349.6951467023519,110802200
2022-09-29,348.1691589355469,352.315035767772,345.20369296146373,352.0271378237581,112952300
2022-09-30,342.7851867675781,351.1633672586334,342.6508441744176,347.2189902324546,153711200
2022-10-03,351.8352355957031,353.69705399482245,344.7334688681012,346.52810130831574,89756500
2022-10-04,362.7373962402344,362.76618603587264,351.796834582404,357.3918663111372,103602800
2022-10-05,361.8927917480469,364.16727305945165,356.0002567564414,358.3419240082062,88065700
2022-10-06,358.15960693359375,363.4571338112663,357.6605448092148,360.4820616483239,82333500
2022-10-07,348.1691589355469,358.2459970036233,346.3937101803012,354.10009088371316,107789500
2022-10-10,345.5107421875,349.53188239491976,343.2554734979914,349.2919577013395,76042800
2022-10-11,343.3226623535156,348.3994775463755,341.37447483043223,343.80251178568085,92482800
2022-10-12,342.19024658203125,345.31887445166694,341.9407154893059,343.73537708190366,76991800
2022-10-13,351.2209777832031,352.69892216426666,334.0807416549414,335.13641621284387,147254500
2022-10-14,343.21710205078125,355.338103128939,342.5740909391228,353.69699701959405,123737000
2022-10-17,352.0367736816406,353.1500279712491,342.88123755495064,349.34002199190445,93168200
2022-10-18,356.173095703125,360.31900242552274,352.70856707236874,360.0118917154883,97162900
2022-10-19,353.6490173339844,356.8640142581937,350.8178940825872,354.119260386603,79746900
2022-10-20,350.6835632324219,357.65098631388133,349.91578657337567,353.1979695544679,88283100
2022-10-21,359.2056884765625,359.6951149713161,348.8889259048477,350.4052371915977,131038400
2022-10-24,363.6011047363281,364.7431487300743,358.07322989518246,360.7412208592873,85436900
2022-10-25,369.40728759765625,369.7239753258904,363.4091698928235,363.5243290667268,78846300
2022-10-26,366.6241455078125,371.96006879080073,365.98116367700555,366.2402718239104,104087300
2022-10-27,364.6663818359375,369.48405954935214,364.04255414940764,367.63184778636986,81971800
2022-10-28,373.342041015625,373.82189044696423,364.37845715272994,364.56080227965367,100302000
2022-10-31,370.6452941894531,372.74703706801625,369.73359783111874,370.86603547419617,96631300
2022-11-01,369.0234069824219,374.65686407361704,367.84299609074304,374.4169393508939,85407600
2022-11-02,359.7622985839844,372.96776396211317,359.65674576993126,368.4283779164603,126990400
2022-11-03,356.057861328125,359.1193028445847,353.927328819612,356.4993145757821,87100100
2022-11-04,361.1826171875,363.60104740533137,355.08852449073106,361.8064154946098,103505200
2022-11-07,364.63763427734375,365.2326429509362,360.3957519560321,362.48788867533733,68286900
2022-11-08,366.6049499511719,369.599205589351,362.49744016511113,365.75080394162677,84641100
2022-11-09,359.0521545410156,365.7796532095322,358.5530923683433,364.61839645211097,78495500
2022-11-10,378.7835693359375,379.1194698157038,370.09830581909364,372.41115444470535,141455800
2022-11-11,382.4496154785156,383.25575903465506,377.7470674695065,379.64728182249047,93839900
2022-11-14,379.1961669921875,384.05224034438396,378.91784615297826,380.67411127388954,71903500
2022-11-15,382.4303894042969,386.0964460790681,378.5915939637452,384.9831918867859,93194500
2022-11-16,379.512939453125,381.74902499018623,378.87953466838616,380.78932609591885,68508500
2022-11-17,378.3516845703125,379.0330918757376,374.41694251455505,374.72402390359406,74496300
2022-11-18,380.069580078125,381.7778430649498,377.20008954377306,381.71065710832977,92922500
2022-11-21,378.68756103515625,379.8680011496598,376.8353493065511,378.73556354967485,51243200
2022-11-22,383.7835693359375,383.9467310291778,379.2249997381155,380.6453645984772,60429000
2022-11-23,386.2019958496094,386.69142231167814,383.2173174148681,383.44763574995926,68261600
2022-11-25,386.11566162109375,386.6723034073662,385.35752054567286,385.63581215112174,30545400
2022-11-28,379.954345703125,384.65686384529596,379.18656911015523,383.00618078001384,67881600
2022-11-29,379.30181884765625,381.28837337516256,377.4495776531365,380.0887497120294,52310000
2022-11-30,391.25,391.25,377.6222946040747,379.5512692776583,144566700
2022-12-01,390.96209716796875,393.4765033079562,388.4380846680373,392.29606325446656,76398200
2022-12-02,390.51104736328125,391.42274366267316,385.9332945705848,386.0388473818864,85342700
2022-12-05,383.4860534667969,388.61084172454196,382.1232975239638,387.67035561157707,77289800
2022-12-06,377.9582214355469,383.86997043269974,375.8565076972712,383.3229642944105,77972200
2022-12-07,377.315185546875,379.69524912594875,376.17314162633846,377.10405063834685,65927900
2022-12-08,380.27105712890625,381.3459151384176,377.4207504165452,379.2154118402189,60737900
2022-12-09,377.4303894042969,381.5954791950506,377.3056238588924,379.02349312314146,81447700
2022-12-12,382.87188720703125,382.87188720703125,377.55514710968646,378.2269187659114,75405800
2022-12-13,385.7701721191406,393.9467962907857,382.98705113699305,393.68768812858906,123782500
2022-12-14,383.3037109375,389.1578797205495,380.3382450356559,385.42463717389643,108111300
2022-12-15,373.92742919921875,379.3209314961328,372.2575627438176,378.4092059672174,117705900
2022-12-16,369.5128173828125,372.7040052098421,367.3628802905893,371.35426298155033,119858000
2022-12-19,366.3794250488281,370.0430442374048,364.70189060303363,369.70560136945863,79878100
2022-12-20,366.8808288574219,368.5101700109185,364.2873819052728,365.61785261496107,74427200
2022-12-21,372.3665771484375,373.50421488046874,368.953634530171,369.4935314003612,78167400
2022-12-22,367.05438232421875,372.34731405353006,361.31794071760254,369.3007360208056,100120900
2022-12-23,369.16571044921875,369.3103204171724,364.4608700106575,366.02271650889764,59857300
2022-12-27,367.70989990234375,369.3970848397503,366.02271496493717,369.0500209181256,51638200
2022-12-28,363.14007568359375,369.62851797947127,362.9086997184609,367.6424330641149,70911500
2022-12-29,369.6767272949219,370.5540670964372,365.4732107416271,366.00348658061273,66970900
2022-12-30,368.7030029296875,368.84761292658646,364.8465794274412,366.9772745963993,84022200
2023-01-03,367.1507568359375,372.55937594221024,364.26806065159514,370.5733204614803,74850700
2023-01-04,369.9852294921875,372.0291289605922,366.36018248200725,369.42603168461426,85934100
2023-01-05,365.762451171875,368.1341431242466,365.1647103029351,368.01845513957085,76970500
2023-01-06,374.1501770019531,375.27819376712574,365.79139594475265,368.8765169428409,104189600
2023-01-09,373.9380187988281,379.56842191990927,373.7548657861261,376.35793349581024,73978100
2023-01-10,376.5604248046875,376.6279192710031,372.4051312224063,373.3499654843039,65358100
2023-01-11,381.3230895996094,381.40023453480234,377.33170715744893,378.15120291638493,68881100
2023-01-12,382.7114562988281,384.1865370968042,378.3344368515017,382.43188678167706,90157700
2023-01-13,384.1961364746094,384.77460580166553,379.2213473374017,379.4912957670716,63903900
2023-01-17,383.4924011230469,385.86412286969926,382.80789415820544,384.17693751006607,62677300
2023-01-18,377.4377746582031,385.7580125174345,377.235320676035,384.6878691895141,99632300
2023-01-19,374.6900939941406,377.042485088787,373.359623276345,375.38422192811305,86958900
2023-01-20,381.67022705078125,381.8244875168139,374.4394332052365,376.0976964373685,91806400
2023-01-23,386.2497253417969,388.1972085363031,381.51596216179814,382.48006799669383,84178800
2023-01-24,385.8351745605469,386.751057468591,383.3670659279474,384.56254777187587,59524900
2023-01-25,385.979736328125,386.31717921931676,379.4334501588249,381.73767698475314,84800300
2023-01-26,390.2217712402344,390.3856821504385,385.6711912856974,388.65992475714745,72287400
2023-01-27,391.1184387207031,393.5094317262617,388.9588511170854,389.170955572596,68346200
2023-01-30,386.2111511230469,390.5881998318813,385.91228066935525,388.34181677031853,74202000
2023-01-31,391.8897399902344,391.9379335118338,386.3846746346884,386.73176802559715,86811800
2023-02-01,396.0546569824219,398.8216653857442,387.9079805000196,390.6653090079228,101459200
2023-02-02,401.8200378417969,403.2951186258931,398.0600308845101,399.9689416508841,101654500
2023-02-03,397.5491027832031,402.0032676589509,396.33431984538856,396.81637283059376,94736800
2023-02-06,395.1194152832031,396.5270307506839,393.4515312979903,395.08087224021995,60295300
2023-02-07,400.287109375,401.5404352084988,392.94062752096966,394.1939533544685,90990700
2023-02-08,395.9100341796875,399.6507693278752,395.2158768385581,398.3010271151718,76227500
2023-02-09,392.47784423828125,399.6893665385149,391.24378993568155,399.535106072918,78694900
2023-02-10,393.39373779296875,393.77937422747794,390.472498403855,391.2919647938718,70769700
2023-02-13,398.01177978515625,398.1467687182115,393.58653774588544,394.0493191164229,64913500
2023-02-14,397.8285827636719,400.1520515659019,393.8468215892589,396.47881127106575,88389300
2023-02-15,399.12054443359375,399.19765995468856,394.77241769972466,395.620835542643,61555700
2023-02-16,393.6251220703125,398.0889367137734,393.49016255536645,394.1168254524312,76431500
2023-02-17,392.6418151855469,392.88284168322065,389.5470137714464,391.4848762278409,89257800
2023-02-21,384.7649841308594,389.6530076482285,384.5046861541769,388.59248537293524,82655900
2023-02-22,384.2347412109375,386.73177175063176,382.7692815363674,385.17954608304234,83742300
2023-02-23,386.27862548828125,387.76335662823874,382.0269154662484,387.14631480616737,96242400
2023-02-24,382.15228271484375,382.991050099395,379.51064209275347,381.22674933418466,108194400
2023-02-27,383.453857421875,386.8860721367514,382.50902303009394,385.5170287872056,80444700
2023-02-28,382.0365905761719,384.9481796286304,381.93052363396237,382.97177442031335,96438600
2023-03-01,380.5710754394531,382.4510933274541,379.25990580721304,381.2170392056283,99706800
2023-03-02,383.53094482421875,384.3793626775315,378.2476341881557,378.5850771192018,85127800
2023-03-03,389.681884765625,389.9325616624166,384.7070958289793,385.3626806428656,90120000
2023-03-06,389.9518737792969,392.82491965289546,389.50839334987364,390.5110421970763,72795900
2023-03-07,383.9743957519531,390.14469623900044,383.35738335655236,389.90366979566807,108310600
2023-03-08,384.60113525390625,385.3627577243644,382.3547520498777,384.090160308204,74746600
2023-03-09,377.50531005859375,387.0692536896382,376.51228214214973,385.39168938896887,111945300
2023-03-10,372.0581359863281,379.047904223232,370.52521103468933,376.95578133622064,189253000
2023-03-13,371.52777099609375,376.3772510764091,366.986841233707,368.10520741419566,157790000
2023-03-14,377.6691589355469,379.32742201514975,373.15712163009624,376.48329826197124,149752400
2023-03-15,375.30712890625,375.5095828991275,369.9370521918167,372.03882533252363,172996900
2023-03-16,381.89190673828125,382.23900010074755,372.4244108267978,372.93538568701246,143254200
2023-03-17,377.4266357421875,381.69457309309325,376.0330223404849,380.5525933577855,140553400
2023-03-20,381.05572509765625,381.4718951688162,377.5039700470881,378.21043432230965,93055800
2023-03-21,386.0592346191406,386.54312726544555,382.8364930554503,384.4430201853183,91524200
2023-03-22,379.478271484375,389.5238874035855,379.4395813380372,385.8850348388219,111746600
2023-03-23,380.5041809082031,386.4270225535405,377.775019119637,382.3623122499542,119351300
2023-03-24,383.00103759765625,383.08813473168556,376.85559495356796,379.21699347990887,107682400
2023-03-27,383.71722412109375,386.06896509128705,382.8171907866008,385.2947190499491,74010400
2023-03-28,382.85589599609375,383.717209612336,381.0074224062795,383.0204029687121,62871700
2023-03-29,388.4206848144531,388.662631169821,385.8366847439588,387.0464165207981,77497900
2023-03-30,390.6949462890625,391.3240008414437,388.81744040170287,391.07236720670556,69840000
2023-03-31,396.2016906738281,396.50170179384793,391.51758321045924,391.6240549654968,112062600
2023-04-03,397.7113952636719,398.11784856510405,395.2822446216,395.6790401531173,67391100
2023-04-04,395.5048522949219,398.650154684929,394.12089679712534,398.35980135901855,66601500
2023-04-05,394.4692687988281,395.53383846720504,392.8046770085828,394.7692798597623,65200200
2023-04-06,396.0080871582031,396.28875317753113,392.6111511507287,393.6660336312441,63743300
2023-04-10,396.41455078125,396.49199015006326,392.8918273963524,393.5111946745305,63681000
2023-04-11,396.52099609375,397.9339543685014,395.74677966402794,397.0436084277674,59297900
2023-04-12,394.9048156738281,398.89211628047354,394.31448076382014,398.6017629434569,86420400
2023-04-13,400.1501770019531,400.5082528265482,394.8467030868495,395.99836992157907,85814800
2023-04-14,399.1727600097656,401.7180403512791,396.8500809438844,399.5114908085219,78161500
2023-04-17,400.6051025390625,400.62444761521954,397.84690816161174,399.0856723284132,66436400
2023-04-18,400.8663330078125,402.32769823327624,399.4824071441347,402.19219411738237,63560000
2023-04-19,400.7986145019531,401.7083055035842,398.8823889937934,398.94045374848343,55227300
2023-04-20,398.6114196777344,400.37279603669873,397.05326996496933,397.96299052247997,75840400
2023-04-21,398.92108154296875,399.38559954889513,396.95647871767505,398.9113942396915,73457400
2023-04-24,399.3372497558594,399.7630776470883,397.3726467945154,398.71785299244885,64332100
2023-04-25,392.99822998046875,397.9145956980485,392.9401652269469,397.35326370138665,97766700
2023-04-26,391.33367919921875,394.7015829292316,390.77237667811613,393.61766803712607,80447000
2023-04-27,399.12432861328125,399.3953073087713,393.6369731115294,393.88860673393543,92968400
2023-04-28,402.53094482421875,402.5406321285379,398.17591084348595,398.23397560047187,89433100
2023-05-01,402.12445068359375,404.16646334395324,401.8921621447779,402.0857310047142,62122300
2023-05-02,397.6048583984375,401.456654033597,394.68215779759754,401.40824705409256,103998500
2023-05-03,394.8757629394531,400.53731307308834,394.6338166049769,398.10816242391894,91531800
2023-05-04,392.0788879394531,394.1499332536064,390.73365211142163,393.82088977507607,94901900
2023-05-05,399.3372497558594,400.39213217998366,395.47579589188126,395.7370872883095,87891800
2023-05-08,399.4436950683594,399.92758771811395,398.0307368007259,399.6662963196533,50046800
2023-05-09,397.6920166015625,398.81465112294546,397.45975757453994,397.88558548039083,49220100
2023-05-10,399.5501403808594,401.18569979160225,395.69834451118453,400.5469579920404,96142900
2023-05-11,398.85333251953125,399.14365627544123,396.76291287359527,398.6791382659853,70157100
2023-05-12,398.3307189941406,400.3146964349357,395.8919108486453,400.1017825031055,70481500
2023-05-15,399.70501708984375,400.11147037744496,397.0145751312598,398.94045843149956,54289400
2023-05-16,397.0339050292969,399.5211202490128,397.02421772561735,398.5920251296523,57705500
2023-05-17,401.8534851074219,402.4631650137379,397.4113542974877,399.0662588264132,87287000
2023-05-18,405.72467041015625,406.1504983347822,401.3115714953653,401.5341432279205,97177200
2023-05-19,405.13427734375,407.16663237955544,403.9052006458144,406.6343622786256,103793300
2023-05-22,405.298828125,406.84729056564146,403.90521488186914,405.153666231854,60745400
2023-05-23,400.75018310546875,405.231033454368,400.35338761628196,403.6438514976209,86383500
2023-05-24,397.8468322753906,399.5211113793427,396.67582040020153,399.13400318876785,89213700
2023-05-25,401.2922058105469,402.75357119958005,399.12437598930535,401.37930295145753,90961600
2023-05-26,406.4892272949219,407.21506637031234,401.87290140784694,401.9503112473895,93830000
2023-05-30,406.64398193359375,408.96666052775464,405.250368870205,408.43439047671427,72216000
2023-05-31,404.38909912109375,405.71496027497034,402.8116043346985,404.8052397175947,110811800
2023-06-01,408.231201171875,409.29577090573645,403.36324230811454,404.62135138074683,88865000
2023-06-02,414.1347351074219,414.9282966772401,410.2926259460805,410.82489609425363,91426200
2023-06-05,413.34112548828125,415.77993391779177,412.6346315561914,414.48310510360614,65460200
2023-06-06,414.2411193847656,414.773389458492,412.26682920507506,412.9249456212799,64022200
2023-06-07,412.8088073730469,415.7799153285168,412.3829794788346,414.6379357642491,85373300
2023-06-08,415.30572509765625,415.7605853860068,412.10235800492956,412.87657445833014,61952800
2023-06-09,416.0509033203125,418.07357109575076,415.0540856217096,416.10896807677756,85742800
2023-06-12,419.82525634765625,419.902695711882,416.3122204755869,417.0380594592685,76104300
2023-06-13,422.5931396484375,423.241539270888,420.6285366382443,421.2963108690726,95899700
2023-06-14,423.0964050292969,424.91584626787477,419.62205906178525,422.9318980541187,100612100
2023-06-15,428.341796875,429.59990600169886,422.1770089921392,422.2737638984509,110303100
2023-06-16,426.88275146484375,430.9139735272386,426.4067846339422,430.34086274361755,114165800
2023-06-20,424.6679992675781,425.8239441058185,422.5795377145476,424.9302909003614,76160400
2023-06-21,422.4920959472656,424.48341344957873,421.89953862518064,423.6771809472652,76982300
2023-06-22,424.0172119140625,424.12404951475344,421.190491765927,421.5304807898792,70637200
2023-06-23,420.8116760253906,422.6087356141198,420.0928640475693,420.5396907112818,92074500
2023-06-26,419.0923156738281,422.1715745996257,418.84947060075757,420.2385373041195,72823600
2023-06-27,423.6869201660156,424.3085880868065,419.51969075563113,419.9762406410968,72813700
2023-06-28,423.9006652832031,424.92060274519406,421.9773216085118,422.59898958838187,75636000
2023-06-29,425.5714111328125,425.7365588280753,423.07498627889595,423.48294940619934,67882300
2023-06-30,430.59344482421875,431.58424202754236,428.48553659525265,428.8061086850334,104964000
2023-07-03,431.0888366699219,431.3705155902683,429.9620320560209,430.2437406205391,32793400
2023-07-05,430.4477233886719,431.18598184502025,429.252915041293,429.2626383296677,58418400
2023-07-06,427.0769958496094,427.5044054826828,424.5514015571309,426.84387410217636,80658300
2023-07-07,425.998779296875,429.9717504431965,425.75593424434135,426.07650631442175,86134200
2023-07-10,427.0769958496094,427.25183716018415,425.06623184549164,425.6393425707107,62443500
2023-07-11,429.79693603515625,430.292349493654,426.8633780864083,427.844481713888,64463800
2023-07-12,433.2550354003906,434.67327199747086,432.1768174849815,433.61447101636816,91924500
2023-07-13,436.69366455078125,437.4902034005816,434.64406663209144,435.08116991978426,72425200
2023-07-14,436.4217224121094,438.44218031125604,435.65432370566384,437.58739058280713,69815800
2023-07-17,437.9371032714844,438.99590427110684,436.22746440903154,436.2760512119092,52680200
2023-07-18,441.1911926269531,441.84200078561497,437.1696642128114,437.60679717753897,80668200
2023-07-19,442.1723327636719,443.36711158295185,441.1135021298131,441.98776813165426,65891700
2023-07-20,439.23870849609375,442.0751518318539,438.5198966067768,441.1717753259547,70591600
2023-07-21,439.23870849609375,441.1717753259547,439.2290148517599,440.9677641323602,71275600
2023-07-24,441.20086669921875,442.01682245074034,439.35522073773876,440.3946045909577,54023400
2023-07-25,442.40545654296875,443.6682391048115,440.8803823217245,440.9289691243645,55191200
2023-07-26,442.47344970703125,443.91107357800564,440.4044049260487,441.4632058951924,71052900
2023-07-27,439.5398254394531,446.29092981349305,438.6267256628274,445.8829370784207,92194400
2023-07-28,443.84307861328125,444.678451402353,439.53984155934154,442.8328348489528,80011800
2023-07-31,444.6881408691406,445.04754679264636,442.99791919803175,444.3190116577011,62040400
2023-08-01,443.4156494140625,444.1636015046727,442.4539628470819,443.2116382259376,55291500
2023-08-02,437.2474060058594,440.5403697086572,436.48973058045846,440.278107707463,93933400
2023-08-03,435.9942932128906,437.88849649445615,434.56636310757074,435.2172008966529,64276100
2023-08-04,434.0224304199219,439.9381329025484,433.4978767564068,437.8205309585227,100128900
2023-08-07,437.8108215332031,437.9662459437654,435.1686658419951,435.8680608674377,58357500
2023-08-08,435.90692138671875,437.80112488049815,432.52650717960506,435.2560835247211,71361300
2023-08-09,432.99273681640625,436.34401046211,432.2253381355895,436.17886277984366,78789600
2023-08-10,433.1482238769531,438.772524513558,431.97286193088985,435.36296993239796,93005500
2023-08-11,432.89556884765625,433.91553581740834,430.6614063039198,431.26365726905726,68690900
2023-08-14,435.28521728515625,435.28521728515625,431.66198769446675,431.9728365088401,47867400
2023-08-15,430.2146301269531,433.85730620818447,429.6414896699664,433.49787060039694,75707500
2023-08-16,427.0576171875,431.46766207386327,426.95074994757056,429.79688689781284,80107200
2023-08-17,423.8034362792969,428.7963146272203,423.27888271979333,428.5340526695527,95711300
2023-08-18,424.0074768066406,425.046860783059,420.61736923881205,420.9670518976972,98852000
2023-08-21,426.76617431640625,427.5141263999167,422.8612365769356,425.0273954547556,68719000
2023-08-22,425.6101989746094,428.5534795892704,425.0468115413942,428.5534795892704,64994200
2023-08-23,430.3506164550781,430.972314081095,426.5330989611241,426.6788000784173,68441000
2023-08-24,424.38629150390625,432.4778751774902,424.35712164076006,431.9630448794611,88517300
2023-08-25,427.3782043457031,428.6701271392612,422.5504429269546,426.1251154214818,102325100
2023-08-28,430.0882873535156,430.70995523838275,427.3781284179281,429.58315070013066,61595400
2023-08-29,436.3051452636719,436.58685382919015,429.7968859008097,429.98145051502803,83081900
2023-08-30,438.1022033691406,438.7433178729009,435.93601480238254,436.6451330362777,69053900
2023-08-31,437.46112060546875,439.870124758318,437.2765559783813,438.7239031279027,66084600
2023-09-01,438.27703857421875,440.68607216281333,436.81024497348466,440.2003820586414,58944100
2023-09-05,436.38287353515625,438.15079278380387,436.3148994441883,437.8302503304079,55166200
2023-09-06,433.4493408203125,435.67381012145063,431.1083106202808,435.5669428680144,70758500
2023-09-07,432.11846923828125,432.79841756241575,430.078564977538,430.42824760523524,70355400
2023-09-08,432.7693176269531,434.3138086647215,431.80766066710197,432.1670666159687,61659700
2023-09-11,435.615478515625,435.92629766144836,433.6921349772212,435.4114673223435,60180100
2023-09-12,433.2258605957031,435.6931746876986,432.64305617128633,434.1584069631142,67565400
2023-09-13,433.73095703125,434.896595416064,432.3418608975301,433.4492484894813,60199300
2023-09-14,437.4708251953125,438.1702202090963,434.9063965742217,436.21776593058814,83430800
2023-09-15,432.2000427246094,436.2065137393471,431.76139755793423,435.8750830305015,111848900
2023-09-18,432.4534912109375,433.75972858927656,431.41044092604545,431.8880866785475,55752200
2023-09-19,431.5566711425781,432.12207569483604,428.8564672598676,431.52742813116754,66514600
2023-09-20,427.5892028808594,433.2430695466763,427.3844720654377,432.823909827221,82562600
2023-09-21,420.5218505859375,424.98645190638643,420.36587795373464,424.72326482320904,104095800
2023-09-22,419.5762634277344,423.1635445210309,419.1570739871224,421.55511960544146,100829700
2023-09-25,421.3406677246094,421.37963856954656,417.91908703660135,418.35776190640524,70874500
2023-09-26,415.1506652832031,418.99140590500656,414.31231608593083,418.279786333382,96168400
2023-09-27,415.3163757324219,416.8955875491146,411.6511228304859,416.3301830132182,104705800
2023-09-28,417.7241516113281,419.4105778926448,414.1661131466468,414.7607606962109,92258300
2023-09-29,416.7102966308594,420.9701963098104,415.1798432740386,420.79473827811637,115111300
2023-10-02,416.54461669921875,417.80212557556916,413.7664118672184,415.8719977478269,83798600
2023-10-03,410.96868896484375,416.60306962183216,409.59420816243806,414.3512688760517,103760600
2023-10-04,413.9614562988281,414.7120468199155,409.96474249764833,411.4367102747243,87453000
2023-10-05,413.8053894042969,414.65346636129954,410.55929661219454,413.6689022049589,70142700
2023-10-06,418.71844482421875,420.26838378364897,410.0036712419603,411.33915155455975,113273300
2023-10-09,421.399169921875,421.97430226851634,416.252192062559,416.80780923724586,80374400
2023-10-10,423.5924987792969,426.20497351561806,421.63312785268664,422.0328021572993,78607300
2023-10-11,425.32763671875,425.58106621387174,422.26672961556096,424.66477534883535,62451700
2023-10-12,422.7346496582031,426.3219309417066,420.3658766706237,425.9417718227219,81154200
2023-10-13,420.6290588378906,425.4543635328608,419.04987686462397,424.2455830882872,95143100
2023-10-16,425.0546875,426.1269807332246,422.6469139553336,422.89061561066933,75433200
2023-10-17,425.03515625,427.10177119800954,421.5551193524903,421.9060354435053,75324700
2023-10-18,419.3715515136719,424.2163416495345,418.27977284903875,423.2512926064637,93559800
2023-10-19,415.68682861328125,421.9158579255345,415.00448174844104,420.0929740919928,121323000
2023-10-20,410.57879638671875,415.7940176738114,410.4715521908134,415.24812835484806,123919900
2023-10-23,409.8671875,413.7566861845482,407.2741982932137,409.03859591438896,92035100
2023-10-24,412.95733642578125,414.11735869256864,410.14013099251554,412.0020152211512,78564200
2023-10-25,407.030517578125,411.2904477612155,406.5138712273653,411.26120475074754,94223200
2023-10-26,402.156494140625,406.81606899932837,401.2304456203667,405.9582640880993,115156800
2023-10-27,400.3335876464844,404.1548428016782,398.90062068187893,403.75516850556505,107367700
2023-10-30,405.1199035644531,406.1824392731636,401.83480982081625,403.141047198921,86562700
2023-10-31,407.6641540527344,407.9858271586759,403.7746552793757,405.6950255751164,79665200
2023-11-01,412.0117492675781,412.83058321816253,408.1027653944884,408.6389268582989,98068100
2023-11-02,419.9077453613281,420.0637180038268,415.813545304772,415.8330307293069,94938900
2023-11-03,423.73870849609375,425.29840509845803,422.1010404505435,422.2277700758668,100167800
2023-11-06,424.7135009765625,425.16190369457485,422.7541301400226,424.499042329037,67831700
2023-11-07,425.9222412109375,426.5656171377113,423.5632258948368,424.7134905447946,64256100
2023-11-08,426.2342529296875,427.0530870327052,423.9142080967668,426.52668305621484,61746000
2023-11-09,422.9101257324219,427.42348541262743,422.48120841408235,427.3844848158496,83174400
2023-11-10,429.509521484375,429.8214667358813,422.9003339303596,424.99619191806926,89462200
2023-11-13,429.1001281738281,430.2113922506014,427.3747311670345,428.16432214885,52236100
2023-11-14,437.42498779296875,438.7214675155069,434.85148402212064,435.07570025554276,97176900
2023-11-15,438.35101318359375,440.00819625936805,437.49317863842754,438.77017287083856,77327600
2023-11-16,438.88720703125,439.20888013505356,436.8303495384098,437.9026427989849,66665800
2023-11-17,439.43310546875,440.0472384283699,437.9708954691745,438.8969439529958,83133200
2023-11-20,442.815673828125,443.6637508451693,439.16987676520114,439.1796343511977,69936200
2023-11-21,441.85064697265625,442.68899625100454,440.5736525039583,441.7629179345863,49244600
2023-11-22,443.55645751953125,444.8822098725081,442.4549511272128,443.5174866773367,59394900
2023-11-24,443.8294372558594,444.0244104771882,443.27382009767217,443.60525077494174,29737400
2023-11-27,443.0301513671875,444.01468588647003,442.6402048955527,443.1958518437672,50506000
2023-11-28,443.46875,444.7749872464689,442.0747837312387,442.6401584578128,62115000
2023-11-29,443.1568603515625,446.77341463372636,442.75721578278245,445.63287770336626,63146000
2023-11-30,444.9017639160156,445.25270979103846,441.91885784764736,444.00495842746443,79752700
2023-12-01,447.5337219238281,448.0698536614184,443.6929814891745,444.2875992436387,89183400
2023-12-04,445.1844177246094,447.55319056539764,442.89361632048383,444.12188212625665,72430900
2023-12-05,445.0967102050781,446.06175924267177,443.41028403700943,443.7904728995386,69793500
2023-12-06,443.3030700683594,447.2802680067955,442.86439518784823,447.2510249980106,69124700
2023-12-07,446.6856384277344,447.3387421895649,444.79451124637484,445.39888657776544,66995400
2023-12-08,448.6060485839844,449.1421803615345,445.6913563650837,445.93505803646815,83194400
2023-12-11,450.35089111328125,450.52637891012574,447.89438919355985,448.1088478352707,65002200
2023-12-12,452.40777587890625,452.50526249444346,448.99595257627306,450.0000022439556,68327600
2023-12-13,458.6465148925781,458.8999741334749,452.4272438947044,452.78791758445004,93278000
2023-12-14,460.1184997558594,461.7951683960883,457.428023862559,460.5961454982613,119026000
2023-12-15,459.3608703613281,460.7017950539939,457.50123455083025,459.51747535907043,141553700
2023-12-18,461.9448547363281,462.9334108167086,459.9090492984959,460.9758929509902,70375300
2023-12-19,464.7538757324219,464.83219317180465,462.414657477173,462.49294504720444,55761800
2023-12-20,458.3135986328125,465.79130022484964,457.8829423774789,463.892505790701,102921000
2023-12-21,462.6593322753906,462.9333835656848,458.88130748488805,461.3184075260525,86667500
2023-12-22,463.5891418457031,465.2824054768028,461.6805799335795,463.7946728489947,67160400
2023-12-26,465.5466613769531,466.4568999785943,463.92191803061615,464.00023546887513,55387000
2023-12-27,466.388427734375,466.53523560014366,464.80284304536906,465.34114850963823,68000300
2023-12-28,466.5645751953125,467.40629349897097,466.1437160434832,466.7505417729767,77158100
2023-12-29,465.2138977050781,466.8973642343975,463.2465827268645,466.36882605664505,122283100
2024-01-02,462.61041259765625,463.60876584488506,460.49628967743104,462.1308302694638,123623700
2024-01-03,458.8323974609375,461.1814128694219,458.2255717162588,460.43754654015044,103585900
2024-01-04,457.3544921875,460.95631804326615,457.12936687050706,458.35281558803797,84232200
2024-01-05,457.9808654785156,460.4473270881045,456.52249444505304,457.55997646197653,86118900
2024-01-08,464.51898193359375,464.66578979536183,458.3527829151725,458.48002635182195,74879100
2024-01-09,463.81427001953125,464.8419549117133,461.33801120953973,461.8469550820588,65931400
2024-01-10,466.4373474121094,467.3084571861186,463.80448353404677,464.08833198358764,67310600
2024-01-11,466.2318115234375,467.96420403660454,462.2286911764114,467.44546301044596,77940700
2024-01-12,466.5547790527344,468.4340092581526,465.13559658829763,467.69014294589425,58026400
2024-01-16,464.8419494628906,466.4862572188479,463.01167512948393,465.1649566213452,85014900
2024-01-17,462.2580261230469,462.7474055485689,459.8894165610062,461.79800826828216,68843900
2024-01-18,466.36883544921875,466.9267352108962,462.3853092838849,463.94153240644374,91856200
2024-01-19,472.1826171875,472.46646561281955,466.41774318645275,467.50415115506513,110834500
2024-01-22,473.1810302734375,474.9134228764255,472.5252486289505,473.7291329004626,75844900
2024-01-23,474.5610656738281,474.8057554193274,472.63293915387334,473.72914443461354,49945300
2024-01-24,475.0798034667969,478.3879835049079,474.58062686260826,477.44838331115716,81765000
2024-01-25,477.6637268066406,477.93777811650847,475.0798187235087,477.22327333358226,72525000
2024-01-26,477.0569152832031,478.73058476596105,476.20539975459565,477.23308472994535,76641600
2024-01-29,480.83489990234375,480.9817376407195,476.82201209206994,477.37011471599084,61322800
2024-01-30,480.4630126953125,481.1774876382904,479.699552012097,480.1400055032823,58618400
2024-01-31,472.6231689453125,478.6914570579739,472.60357464816934,478.2412362640117,126011100
2024-02-01,478.8088684082031,478.8382299805873,473.5235464242378,474.33593304245267,91891600
2024-02-02,483.8494873046875,485.5133595788127,478.9067367427997,479.24930834520416,99228200
2024-02-05,482.0876770019531,483.87882248887064,479.8169790887864,483.2132736155175,75757100
2024-02-06,483.4873352050781,483.82010964884154,481.59830781553234,483.0370846023235,55918600
2024-02-07,487.51983642578125,487.9406956034412,484.8380166056108,485.74828512507054,70556500
2024-02-08,487.7351379394531,488.1168383750432,486.6976559040994,487.5198097885674,52343600
2024-02-09,490.5539855957031,490.99440919073515,487.9015274006516,488.2440989985779,63979400
2024-02-12,490.3386535644531,492.8051152852079,489.6143516538678,490.5246201484485,56502300
2024-02-13,483.5851745605469,486.53124834920015,480.29655905918094,484.02562800453546,113099200
2024-02-14,487.9798278808594,488.46920732678694,483.89839015930903,486.23763824813125,68387800
2024-02-15,491.3467712402344,491.53273782316427,488.20493362506164,488.6845458033632,61683000
2024-02-16,488.89990234375,492.18851814351365,488.1560359688425,491.04338687619907,75532900
2024-02-20,486.2082824707031,487.82322868764055,483.9473517931204,487.14788265466376,71736700
2024-02-21,486.6487121582031,486.8053171690523,483.0762480894276,484.89675520486617,59293400
2024-02-22,496.72015380859375,497.6891155849243,492.3353030771788,493.30429472286124,76402500
2024-02-23,497.06268310546875,499.29425206696146,496.32861397511783,498.45250393209744,61321800
2024-02-26,495.2421875,497.9435715199019,495.11494406872197,497.50311808383964,50386700
2024-02-27,496.1622619628906,496.38738727191105,494.0285746437228,495.9371665232225,48854500
2024-02-28,495.5065002441406,496.0937317004776,494.2340957269231,494.5962317481148,56506600
2024-02-29,497.2878723144531,498.91261588039,494.61587929240244,497.2781050353638,83924800
2024-03-01,501.95648193359375,502.38713824254285,497.75762772536723,498.16871960912823,76844800
2024-03-04,501.4181823730469,503.27784821506253,501.124566645019,501.1539580871736,49799300
2024-03-05,496.4068908691406,499.8521410299124,494.18511910200334,499.40189046704415,72855600
2024-03-06,498.9223327636719,501.1930605051688,497.62059661226607,499.705327910019,68382400
2024-03-07,503.8748474121094,504.9319237100217,498.981053101571,502.24033683922556,58652100
2024-03-08,500.8504943847656,507.21239722419125,500.27303023090644,504.51107290066597,86532500
2024-03-11,500.41986083984375,501.007122167377,497.698912229313,499.6368656493673,62557200
2024-03-12,505.80303955078125,506.39027097966664,500.0087440051748,502.5437557737152,73114400
2024-03-13,505.01025390625,506.30222295835085,503.5617096987621,506.12605350652467,55104100
2024-03-14,504.0118408203125,506.14552777137436,500.94832108953005,505.98889291442435,110171800
2024-03-15,500.551025390625,502.3870163555386,498.8721559659306,500.92411414325824,107646300
2024-03-18,503.5259094238281,506.09822050628367,503.11357022244954,504.64517575188347,88893300
2024-03-19,506.3240661621094,506.60876657056906,501.8175780927784,502.82886078971904,60755300
2024-03-20,511.0072021484375,511.1446685187932,505.70551854578724,506.38296288618443,69594600
2024-03-21,512.6959228515625,514.5711343051557,512.4111625272894,513.864267136569,60256100
2024-03-22,511.723876953125,513.0983606691805,511.4881946731736,512.6074607868102,79070800
2024-03-25,510.31024169921875,511.468758591217,510.15312013035617,510.33966454068,48512100
2024-03-26,509.3676452636719,512.0872503842495,508.96513363854143,511.7435844366355,65463700
2024-03-27,513.6483154296875,513.6876257832557,510.03529843625415,512.2149257081124,82999800
2024-03-28,513.5501708984375,515.0621214366988,513.2654704502872,513.687637290367,96294900
2024-04-01,512.6566772460938,514.8363044731182,511.48833281353956,514.2963264415365,62477500
2024-04-02,509.3970642089844,509.5344706465003,507.07997100382494,508.8079483401576,74230300
2024-04-03,509.9566345214844,511.46864464441205,508.24831236769467,508.2973903754102,59155800
2024-04-04,503.7320861816406,514.3355132072445,503.4277306070164,513.9919072090371,96858100
2024-04-05,508.9945373535156,510.96796482720384,504.6549983834538,505.0968203427488,74546500
2024-04-08,509.2792053222656,510.7126547207523,508.46435456683645,509.7014320043331,48401800
2024-04-09,509.8683776855469,511.2723444794694,504.9888005775902,511.02689448211964,68049200
2024-04-10,504.762939453125,506.76578959566245,502.76991689708115,504.1345731606124,82652800
2024-04-11,508.5723876953125,510.0254324843754,502.7601486147457,506.2946045595045,70099000
2024-04-12,501.552490234375,506.43203698768644,499.8146852171386,505.0084151327042,92561100
2024-04-15,495.2690124511719,505.9215182763897,494.41482129940175,505.7546290584108,92101400
2024-04-16,494.36572265625,497.2816696769287,493.069739544358,495.7500641672951,73484000
2024-04-17,491.4399108886719,497.006729311642,490.0359442713596,496.8398101510921,75910300
2024-04-18,490.4287109375,494.9548243860695,489.4861913543406,492.8439604399473,74548100
2024-04-19,486.1481018066406,491.3516299310736,484.87174380253674,490.35020469641637,102212600
2024-04-22,490.6251220703125,493.2367137981639,486.41319146738795,488.76950559440763,67961000
2024-04-23,496.4471130371094,496.879107389729,490.4385024479616,492.6475522211574,64633600
2024-04-24,496.2115173339844,498.13583685049355,493.9730146419187,497.34058128634894,55928100
2024-04-25,494.326416015625,495.09221872977014,488.4356166876918,490.09486089536534,69122400
2024-04-26,499.0096435546875,500.60015465226695,496.4962381230782,497.1344020871228,64306100
2024-04-29,500.7768859863281,501.4543303567636,498.01803049137214,500.80633878668806,46415400
2024-04-30,492.8439636230469,500.285994271129,492.8439636230469,499.30419429336763,77483600
2024-05-01,491.24359130859375,498.94089901298264,490.7723165650843,492.2548440181232,80242800
2024-05-02,495.83837890625,496.682742360736,490.4581049217004,494.97439024106575,62550200
2024-05-03,501.9844970703125,503.2215446139362,499.3041724618414,501.8568582848392,72756700
2024-05-06,507.1683654785156,507.2076159005214,503.9578607313711,504.39968265724644,47264700
2024-05-07,507.72808837890625,509.1320552488145,507.0506439525837,508.1404276179621,52561300
2024-05-08,507.777099609375,508.3170775768839,505.764421771763,505.8822329674264,42047200
2024-05-09,510.70281982421875,510.7421301704395,507.3058306373819,507.96361976918945,43643700
2024-05-10,511.3606872558594,513.1279150943606,510.1334373785238,512.3130043970028,52233200
2024-05-13,511.4294128417969,513.1573904337706,510.2807236178911,513.0494068153514,36716400
2024-05-14,513.7759399414062,514.2963227171578,511.08581746685115,511.6257954945224,57535900
2024-05-15,520.1378784179688,520.4324063457072,515.62156380355,516.2597575838989,59504900
2024-05-16,519.0678100585938,521.8463206535929,518.9205160986112,520.2361543782758,50244800
2024-05-17,519.8139038085938,519.8826369838857,517.7226654900777,519.1855375696127,59187600
2024-05-20,520.4129028320312,521.8856028241897,519.5390864548481,519.9318304224834,37764200
2024-05-21,521.689208984375,521.846330534573,519.440908663292,519.6471082263093,33437000
2024-05-22,520.1871337890625,521.7089118715144,517.9976789436778,520.9922170155929,48390000
2024-05-23,516.3875732421875,523.3681571803176,515.1700908499565,523.2601735572039,57211200
2024-05-24,519.80419921875,520.6191100051178,517.2907935924079,518.2431108375699,41291100
2024-05-28,520.16748046875,520.8547524864671,517.5166083571662,520.6191300630942,36269600
2024-05-29,516.5249633789062,517.7129629685619,515.808268544491,516.1126241518484,45190300
2024-05-30,513.0985107421875,515.6413992433119,511.84183783640026,514.9737823989375,46377600
2024-05-31,517.7717895507812,517.8994283270624,508.9257631871065,514.0606172250209,90785800
2024-06-03,518.1939697265625,519.6764971476924,513.0885983159723,519.3917967524706,46835700
2024-06-04,518.7732543945312,519.5194318932624,515.4056879878339,516.8783878118635,34632700
2024-06-05,524.9390258789062,524.9586810560601,519.1071310746788,521.1100415661092,47610400
2024-06-06,524.9291381835938,525.6753157381511,522.9851934462151,525.2433213604766,30808500
2024-06-07,524.291015625,527.1186043544275,522.8477384972871,523.9473496782516,43224500
2024-06-10,525.9109497070312,526.2349604784921,522.8772213334454,523.4761049380284,35686100
2024-06-11,527.1774291992188,527.2363347918784,522.3665860762226,524.3498409029419,36383400
2024-06-12,531.5072631835938,534.2170409222175,530.4665575226765,531.7723683741217,63251300
2024-06-13,532.5773315429688,533.4413201901922,529.7693984016458,533.26460341112,44760900
2024-06-14,532.9013671875,532.9307900232349,530.024640808097,531.0359234473256,40089900
2024-06-17,537.142822265625,538.5468491721547,531.7527491888629,532.2142264064125,55839500
2024-06-18,538.5073852539062,538.635024027193,536.7794079456912,537.2015746864449,41376400
2024-06-20,537.0445556640625,540.1077666172325,535.2576726206614,539.4401498632659,70328200
2024-06-21,536.3245849609375,537.447462175694,534.8569932184257,536.2162529799443,64338600
2024-06-24,534.5811157226562,538.7278494880962,534.4629244620497,536.1472401021375,45528700
2024-06-25,536.6397705078125,537.004203612723,534.2856841465313,535.8123714938099,37936200
2024-06-26,537.3095703125,538.0285772692542,534.8668704239683,535.5169224493349,38550600
2024-06-27,538.1566162109375,538.7377734099973,536.4230640239002,537.1716488426333,35041500
2024-06-28,536.0389404296875,542.00790070753,534.7880726863442,538.9347470490513,76144500
2024-07-01,537.14208984375,537.6739505394513,534.3644748642668,537.4277087162804,40297800
2024-07-02,540.7569580078125,540.7569580078125,535.4775472099752,535.5267835560936,40434800
2024-07-03,543.1701049804688,543.5345380828469,540.4023491902368,540.4417262410547,32789900
2024-07-05,546.30224609375,546.7060562116288,542.8351421606977,543.475394915709,41488400
2024-07-08,546.9326782226562,547.8880676594589,545.859037400113,547.0902465409208,36110500
2024-07-09,547.4645385742188,548.804079690317,547.1690604041432,547.8979265962074,27289700
2024-07-10,552.8818359375,553.2265504354008,548.4002468766333,548.6957250344957,38701200
2024-07-11,548.1146240234375,553.8767192211716,547.4744313021142,553.0000838317138,53054200
2024-07-12,551.5718994140625,555.1965723285925,548.7746255893551,549.2473907163162,53084400
2024-07-15,553.0887451171875,556.3489846422507,551.2172831044048,553.5812287923791,40584300
2024-07-16,556.3685913085938,556.664069462671,553.6500720558217,554.4085160826455,36475300
2024-07-17,548.5677490234375,552.0840898739044,548.2426929468022,550.3997739687646,57119000
2024-07-18,544.35205078125,551.1089727595462,542.1555927413102,550.1141460777824,56270400
2024-07-19,540.7372436523438,545.7507541733052,539.6734620267257,544.1156746223836,65509100
2024-07-22,546.312255859375,546.9229309088358,542.7368189730162,544.6870354137043,43346700
2024-07-23,545.4552001953125,548.3706648208323,544.96271656342,546.2037248169792,34439600
2024-07-24,533.0938110351562,540.9144534863593,532.1679394058027,540.6091160403827,74515300
2024-07-25,530.3162231445312,539.2302253978226,529.370693001826,533.2120294418335,61158300
2024-07-26,536.255615234375,538.9642753902813,533.3499495890577,534.1281122545862,53763800
2024-07-29,536.57080078125,538.8263542761403,534.5614289959356,537.8118692092069,39515800
2024-07-30,533.852294921875,539.1120469361489,530.4246278378796,538.0482653827025,46853600
2024-07-31,542.5298461914062,545.1794106823547,539.3484209909209,540.7273391659687,65663400
2024-08-01,534.8471069335938,546.5288047650866,531.3209071419874,544.2633919827645,76428700
2024-08-02,524.8890991210938,528.9175817191577,520.6536916296925,527.6962318838754,82789100
2024-08-05,509.6024169921875,515.7092266413154,502.59928343934064,503.948713970534,146267400
2024-08-06,514.3007202148438,521.7864479457752,510.08503114656577,511.41471300744325,84826300
2024-08-07,510.86309814453125,523.5987778575752,510.26228253766516,520.5256246649207,70698300
2024-08-08,522.6729736328125,523.3033070779303,513.9954132638433,516.0342428735453,63276600
2024-08-09,524.977783203125,526.4749529409472,520.6143846831733,521.8455939760821,45619600
2024-08-12,525.2535400390625,527.6765211620506,522.9684086509645,526.1794117211571,42542100
2024-08-13,533.8917846679688,534.1282273768041,528.2184221265238,528.4646640119522,52333100
2024-08-14,535.5759887695312,536.7678208880384,532.0005525316452,534.6894941203759,42446900
2024-08-15,544.755859375,545.0414782431244,540.6288440776154,541.2395189802481,60846800
2024-08-16,545.9772338867188,546.6765823277302,542.9730955779607,543.1306638977313,44430700
2024-08-19,551.1975708007812,551.1975708007812,545.5340084715398,546.3909252667271,39121800
2024-08-20,550.30126953125,552.4091140848926,548.9518690734592,550.7445168615222,33732300
2024-08-21,552.1923217773438,553.6599133261844,546.3908503843311,551.3551236817697,41514600
2024-08-22,547.8584594726562,554.7138532317389,546.6371096913691,554.1031783410953,56121500
2024-08-23,553.6796875,554.6252777748409,548.9124191927582,551.1187965007202,50639400
2024-08-26,552.3598022460938,555.4328954778962,550.6459687265464,554.713888571281,35788600
2024-08-27,553.1182250976562,553.6107087392104,549.9269407192061,551.079335607506,32693900
2024-08-28,549.9072875976562,553.2069644594469,546.6962842536592,552.7735763985828,41066000
2024-08-29,549.9564208984375,555.2063129916213,548.8040260888799,551.886978283764,38715200
2024-08-30,555.2064208984375,555.7186231878466,548.7647556974438,552.340192195133,62700100
2024-09-03,543.7808837890625,552.379630977526,541.2495100554601,552.0447155698764,60600100
2024-09-04,542.667724609375,546.0953914408842,541.200133008933,541.9289991634373,47224900
2024-09-05,541.347900390625,545.4749160649053,538.875622679528,542.6086874774144,44264300
2024-09-06,532.2369384765625,543.3079617814396,531.3307853548916,541.6729424455356,68493800
2024-09-09,538.1959838867188,539.4764895373146,534.5220749045959,536.46249184752,40445800
2024-09-10,540.540283203125,540.8949171863162,535.2116355733381,540.11675439967,36394600
2024-09-11,546.0855712890625,547.0114429857031,531.8429821458573,540.4515870073689,75248600
2024-09-12,550.6853637695312,550.9907012109484,544.4307856896743,546.6666805747274,51819600
2024-09-13,553.5615234375,554.5662093965458,551.0400093649616,551.2961105010037,39310500
2024-09-16,554.3790893554688,554.6449896789841,551.483282734757,553.2955891224333,36656100
2024-09-17,554.6055297851562,558.062774533223,552.3597755455934,556.6049820887653,49321000
2024-09-18,552.960693359375,560.1410836858305,552.3992547567514,555.2654832884236,59044900
2024-09-19,562.3966064453125,564.2680683514808,559.5402373625056,562.4261843206043,75315500
2024-09-20,561.4244384765625,562.4717038247719,558.3814171564327,561.0193897436827,77503100
2024-09-23,562.827392578125,563.4794987580368,561.2762433950409,562.5013997902016,44116900
2024-09-24,564.4378051757812,564.4970820723543,560.7822357483631,563.6276473879294,46805700
2024-09-25,563.19287109375,565.020685767149,562.0764394067945,564.2796944865338,38428600
2024-09-26,565.4258422851562,567.8069284900345,563.0547059162656,567.4808753798238,48336000
2024-09-27,564.6057739257812,567.3227423718845,563.5683980340395,566.5027553128888,42100900
2024-09-30,566.8682861328125,567.4808341729492,561.2565187412819,563.5683780406285,63557400
2024-10-01,561.7900390625,567.1646991347823,559.2015139106102,566.5126532309621,72668800
2024-10-02,562.0271606445312,563.0547073454915,558.4803154651253,560.8910099759402,38097800
2024-10-03,560.9996337890625,562.9558317101478,558.6976037139259,560.5451373731803,40846500
2024-10-04,566.0975952148438,566.473035644986,561.27620681915,565.4751576755043,42939100
2024-10-07,560.9798583984375,565.0899243287395,559.8239287376792,564.4378181494166,49964700
2024-10-08,566.285400390625,566.888119257035,562.6891677707054,563.5684317818234,37398700
2024-10-09,570.207763671875,570.7709244186087,565.6728693966185,566.2755279792137,37912200
2024-10-10,569.2098388671875,570.6424343017676,567.5895231990827,568.8541774674673,44138100
2024-10-11,572.618408203125,573.3593995994619,568.9924468862521,569.1307797527231,42268000
2024-10-14,577.301513671875,578.2401149147751,573.7546080177702,574.2387127898874,36217200
2024-10-15,572.8159790039062,577.8744751013033,571.5908226582608,577.5682010903995,54203600
2024-10-16,575.3057250976562,575.829387978223,572.0058770840247,572.8160349375962,30725400
2024-10-17,575.3550415039062,579.0797772037582,575.1673212890112,578.8722779234968,34393700
2024-10-18,577.5681762695312,578.3585549441526,575.5823098994521,577.0544029951151,37416800
2024-10-21,576.6196899414062,577.8250068762592,573.6260560653888,576.837018450172,36439000
2024-10-22,576.3134765625,577.4792957916693,573.408787872185,574.0707233027231,34183800
2024-10-23,571.0474853515625,574.7228340694738,567.5203590351447,574.2782271670283,49314600
2024-10-24,572.282470703125,573.0926285399634,569.644558193077,573.0135725724089,34979900
2024-10-25,572.0848388671875,577.4397799503068,571.1364085012576,574.5252018172647,47268200
2024-10-28,573.8533935546875,575.7108168113346,573.5471195231146,575.5823734785425,30174700
2024-10-29,574.7821044921875,575.9083655831134,571.4821962800153,572.885123103402,42899700
2024-10-30,573.043212890625,576.3134523756352,572.3318298218145,574.3078067989089,41435800
2024-10-31,561.809814453125,568.715844657544,561.6122046859157,568.646678223919,60182500
2024-11-01,564.1808471679688,568.6366842865816,563.7659089444375,564.4575128516719,45667500
2024-11-04,562.9657592773438,565.6234509173162,561.0688381256497,564.3192987811402,38217000
2024-11-05,569.7730102539062,569.8125080872711,563.6672482360568,563.884576772617,39478300
2024-11-06,583.940673828125,584.8199980241973,578.3585752472569,582.1228088428832,68182000
2024-11-07,588.455810546875,589.4833571706318,585.8771750583134,585.9562310221482,47233200
2024-11-08,591.0048217773438,592.4374171107561,589.0090657831266,589.0090657831266,46444900
2024-11-11,591.5679931640625,592.9610303908673,589.8291237873193,592.6053690098148,37586800
2024-11-12,589.7303466796875,592.0915933127267,587.2307068852001,591.4889348135927,43006100
2024-11-13,590.0169067382812,592.0323817472178,587.8137114857154,590.1947374477135,47388600
2024-11-14,586.2229614257812,590.6294119127012,585.5314177067058,590.1453071885351,38904100
2024-11-15,578.71435546875,583.1109170500051,576.8470424357206,582.6366414895589,75988800
2024-11-18,581.08544921875,582.4093200141474,578.3092039992318,579.1785783846396,37001700
2024-11-19,583.2096557617188,583.9407576739353,577.0150082743982,577.6868332829765,49412000
2024-11-20,583.4072265625,583.69372152727,577.6077387195638,583.2886727631445,50032600
2024-11-21,586.5391235351562,587.9717189391857,580.3938639302464,586.2724076420711,46750300
2024-11-22,588.3569946289062,588.9893216912529,586.0253564262839,586.5291798676253,38226400
2024-11-25,590.352783203125,593.6427414118231,588.0507531687203,592.3188706226857,42441400
2024-11-26,593.435302734375,594.107127662382,590.8862755795608,591.6074878710035,45621300
2024-11-27,591.63720703125,593.6329029196354,590.1058368216852,593.2476332102867,34000200
2024-11-29,595.3125,596.1028787945397,592.1805931218427,592.4571985640151,30177400
2024-12-02,596.3795166015625,597.0612310941011,595.2334161464374,595.7274104076383,31746000
2024-12-03,596.6561279296875,596.9031250627299,595.1050389999714,596.1424148983427,26906600
2024-12-04,600.3610229492188,600.6080200567633,597.6836128967337,598.3554377930116,42787600
2024-12-05,599.3731079101562,601.1712543095007,599.0174465042294,600.3610964613101,28762200
2024-12-06,600.5093383789062,601.7542136421392,599.7288491068647,600.1437874272632,31241500
2024-12-09,597.4168701171875,600.558666264525,596.8241011467584,600.3907251065754,34742700
2024-12-10,595.5594482421875,598.5234137048745,594.8975128400896,598.0985858914665,37234500
2024-12-11,600.1635131835938,601.1218330792508,598.2270340236872,598.5036997474019,28677700
2024-12-12,597.071044921875,599.8670086682928,597.071044921875,599.2940188154165,31543800
2024-12-13,596.9525756835938,599.8374853272288,595.5693676109008,599.1162729918287,35904700
2024-12-16,599.5015869140625,600.4797462916116,597.9406083278325,598.7210976209475,43695200
2024-12-17,597.0315551757812,597.900989889001,595.6484074425919,596.9327804455652,55773500
2024-12-18,579.2379760742188,599.1261307957567,578.852646053902,596.7253257724597,108248700
2024-12-19,579.06005859375,585.8772036337424,578.8130614589971,584.2568879572754,85919500
2024-12-20,586.01513671875,590.5751556827481,575.8640332815654,576.716609074651,125716700
2024-12-23,589.5244140625,590.1291009674258,582.555448912475,585.7574336728889,57635800
2024-12-24,596.0769653320312,596.1166566065269,590.2975890385056,590.8824907923924,33160100
2024-12-26,596.11669921875,597.2467510278158,592.8850063759046,594.2926551063172,41219100
2024-12-27,589.8416137695312,592.5875722637912,585.628530262738,592.349606135686,64969300
2024-12-30,583.110595703125,586.6000397682428,579.3336924072994,582.7835057007663,56578800
2024-12-31,580.9891357421875,585.5095236812081,579.3435211584518,584.7858235548729,57052700
2025-01-02,579.5617065429688,585.9953233352497,575.4576529464935,584.2704470278884,50204000
2025-01-03,586.8082275390625,587.4525452187247,581.3361558939639,582.4266373983825,37888500
2025-01-06,590.1885375976562,594.4908658796807,588.4438157230102,591.0906669897693,47679400
2025-01-07,583.5169677734375,592.5577435625502,581.6830616942256,592.2305931115341,60393100
2025-01-08,584.3695068359375,585.4500653976103,580.1167928192344,583.5863907900373,47304700
2025-01-10,575.4476928710938,580.8602875756501,573.5245418299866,580.7908883545033,73105000
2025-01-13,576.3399047851562,576.6967632072416,570.352331124668,570.7687264554227,47910100
2025-01-14,577.1329345703125,579.9185236912625,573.3262632797856,579.2840683920101,48420600
2025-01-15,587.6309814453125,588.7808787490047,584.082061353333,585.2022507077428,56900200
2025-01-16,586.5008544921875,589.1872759074608,585.7969999803885,589.0088467012978,43319700
2025-01-17,592.3892822265625,594.1537892227647,590.4363626944013,591.7746725476055,58070600
2025-01-21,597.811767578125,597.8216903968008,593.4698083475514,595.4524359229735,42532900
2025-01-22,601.17236328125,602.5403812111362,600.1017274002533,600.6568607265118,48196000
2025-01-23,604.45361328125,604.45361328125,600.2603751042184,600.5379115165184,41152100
2025-01-24,602.68896484375,605.4746144426255,601.5291447490314,604.5130086851335,34604700
2025-01-27,594.1636962890625,594.4809239383382,589.4748017805242,589.6433081706125,70361100
2025-01-28,599.26904296875,600.1116355041081,592.0621722182419,595.4028949130045,44433300
2025-01-29,596.58251953125,598.882374668965,594.0149903221018,598.4759021527152,37177400
2025-01-30,599.784423828125,601.3308707916877,595.5019413509543,598.7138485875727,39281300
2025-01-31,596.5924682617188,604.6617769781066,595.8291372870628,602.2231232896551,66566900
2025-02-03,592.57763671875,595.0757062127931,585.3608436126516,587.5219003161839,65857200
2025-02-04,596.5528564453125,597.0682984855546,592.0919442792167,592.6371547762964,33457800
2025-02-05,598.9715576171875,599.1202788798545,593.3805941197304,595.4226979994195,30653100
2025-02-06,601.0534057617188,601.1822813993956,597.3954553264954,600.7262552580012,35771500
2025-02-07,595.5515747070312,602.8476293093627,594.8377973519179,601.6184099530446,50788500
2025-02-10,599.5961303710938,600.2405085459313,597.5044727650717,598.7833062959043,26048700
2025-02-11,600.0521240234375,600.5973344853313,597.197135580987,597.3160883906734,30056700
2025-02-12,598.1190795898438,599.2987454315366,593.3112318639063,593.9952408058122,45076100
2025-02-13,604.4337768554688,604.6419745466134,597.9605288512577,599.2293791218168,40921300
2025-02-14,604.4039916992188,605.6827646257742,603.7794592105552,604.6418973129976,26910400
2025-02-18,606.1784057617188,606.1784057617188,603.0954346706795,605.5737189248886,26749000
2025-02-19,607.60595703125,607.9033390687135,604.2652343829255,604.7807369178573,31011100
2025-02-20,605.078125,606.3668208452111,601.7473251371486,606.2280223913441,36554000
2025-02-21,594.728759765625,604.9987554556133,594.2628108513653,604.8599570126433,76519800
2025-02-24,592.0225219726562,597.7919754098276,591.3087445913096,596.7907388152252,50737200
2025-02-25,589.0783081054688,592.6966277098621,584.4389667405298,591.9630651720931,58266500
2025-02-26,589.3756713867188,594.3719315476118,586.718957724097,590.7536120583931,43321600
2025-02-27,579.9680786132812,592.8254489982988,579.571589429075,591.665568384651,74196700
2025-02-28,589.018798828125,589.5540864732496,577.3807850421597,580.4736791128596,88744100
2025-03-03,578.69921875,592.1513529367862,574.8628395664972,591.0013951605243,74249200
2025-03-04,571.8491821289062,580.305116672504,567.2792406875518,574.6744623566839,109648200
2025-03-05,577.995361328125,579.7995595159383,568.1020700009266,571.6806979232716,71230500
2025-03-06,567.7352905273438,575.1304520011837,565.1677614238747,570.481188331108,80094900
2025-03-07,570.9173583984375,572.374620972555,560.7167623995564,565.9410048616534,81158800
2025-03-10,555.710693359375,564.5928260670291,550.7640472991095,562.6598126082816,99326600
2025-03-11,551.091064453125,559.1207412786642,547.2249775415542,554.5408770802754,88102100
2025-03-12,554.0155029296875,558.2186634905289,548.8805050365849,557.2868261582678,69588200
2025-03-13,546.6302490234375,554.2534547102391,544.9053726595178,553.6388449829802,74079400
2025-03-14,557.9213256835938,558.9324851362809,546.6996460395349,551.2795110234803,62660300
2025-03-17,562.2235717773438,564.7613323506962,557.4652177604464,557.9013981951625,49008700
2025-03-18,556.1468505859375,560.1121055231899,554.203853884888,559.8939850390469,66041400
2025-03-19,562.2037353515625,565.9905608911315,556.7515100807932,557.9410986045036,66556000
2025-03-20,560.5780029296875,565.6138937221895,557.7130916703615,558.4367918514132,62958200
2025-03-21,560.762939453125,561.6677826377718,554.8469278493619,556.0897976294804,83763000
2025-03-24,570.8053588867188,571.86926269199,566.9474862667257,567.5440394813636,58766800
2025-03-25,572.177490234375,573.1220227068575,570.4175672260229,572.0183689196199,38355700
2025-03-26,565.3466796875,573.0425195248911,563.9546412826954,571.9090077398645,51848300
2025-03-27,563.8452758789062,567.6434930945948,561.717468314772,563.944681183511,42164200
2025-03-28,552.4904174804688,563.0399428035041,551.903816900767,562.304173568215,71662700
2025-03-31,556.1991577148438,557.5116354900671,543.750554530121,546.6936920279248,95328200
2025-04-01,557.7700805664062,559.7288748312798,550.5216860996894,554.270200650382,54609600
2025-04-02,561.2998657226562,564.1832870343261,551.6452319792124,551.8838532533371,76014500
2025-04-03,533.6386108398438,544.8442841383162,533.6386108398438,542.0006124868958,125986000
2025-04-04,502.3977966308594,522.8703441644736,502.17905033414394,520.6828811973194,217965100
2025-04-07,501.5029296875,520.1857262659767,479.0517131179981,486.3995737800916,256611400
2025-04-08,493.64801025390625,521.9854113898446,486.36975741253633,518.8832132196871,165816600
2025-04-09,545.4906005859375,545.4906005859375,490.23757127668296,490.62536123459006,241867300
2025-04-10,521.5877685546875,530.4568711321452,506.4148031681469,529.1344405716377,162331200
2025-04-11,530.8943481445312,533.3701351923651,517.1034690516782,520.0267013859047,97866300
2025-04-14,536.0447387695312,541.1753390049968,530.8147332303623,540.9466097072813,68034000
2025-04-15,534.5433349609375,540.1312723398183,533.7479104814203,536.5915818220184,56892900
2025-04-16,522.6615600585938,534.8218402750512,517.3221958900297,528.6472408418655,83484800
2025-04-17,523.4072265625,528.1400842911512,520.9214870568637,524.6302516664327,79868100
2025-04-21,510.94873046875,518.7241309058172,505.55963388256157,518.1871723342323,69368100
2025-04-22,524.2424926757812,526.2807870532888,516.2284704641588,517.1730636694438,75948100
2025-04-23,532.3658447265625,542.3187554782935,530.8346510289886,537.3472764364299,90590700
2025-04-24,543.5715942382812,544.3073634486632,532.3957187263146,533.6584331737259,64150400
2025-04-25,547.4990234375,547.9066579905569,540.5886558742968,543.5317931259866,61119600
2025-04-28,547.7078247070312,550.3924355414467,541.9111238077456,548.2447832861145,47613800
2025-04-29,551.1580200195312,552.2815790568998,545.4209141992505,545.7788460995639,47775100
2025-04-30,551.3768310546875,553.3455782199762,538.4311395978207,544.4466177046888,93101500
2025-05-01,555.2843627929688,560.8524558505887,554.6778569018302,557.1735491438936,63186100
2025-05-02,563.527099609375,565.1378539569648,559.1720791327064,561.5086499974077,60717300
2025-05-05,560.295654296875,563.4177577758883,558.4959812674823,559.3610137868201,38659200
2025-05-06,555.6124877929688,560.1365216016732,553.7830174830004,554.747455291201,48264700
2025-05-07,557.9490966796875,560.6038493983164,552.8681991631311,556.9548009077818,55588000
2025-05-08,561.8367919921875,567.0568450320475,558.4959726115572,562.0157579568283,65130800
2025-05-09,561.1209716796875,564.2629200033267,559.5499671743652,563.2487187713206,37603400
2025-05-12,579.66455078125,579.6745034500635,573.7484781026347,578.1532016097033,78993600
2025-05-13,583.4925537109375,585.7197665156716,579.5153706490559,580.0820658308163,67947200
2025-05-14,584.23828125,585.6203062554047,582.1999263612488,584.4569971907843,66283500
2025-05-15,587.0919189453125,587.5989588253952,581.7624473439984,582.2198452585625,71268100
2025-05-16,590.8106079101562,591.1088845286154,585.9186893064182,587.8774230068021,76052100
2025-05-19,591.4568481445312,592.1429146923263,584.7453513153635,584.7453513153635,68168500
2025-05-20,589.46826171875,590.661428858583,586.2368002538279,589.7069436963179,60614500
2025-05-21,579.5352783203125,589.1998657689248,578.5012324590923,585.0834662873492,95197700
2025-05-22,579.7639770507812,583.2738097421649,578.0935066667054,579.3363764431303,70860400
2025-05-23,575.806640625,578.4912514897796,572.3166525694867,572.6944898379297,76029000
2025-05-27,587.7780151367188,587.9370757702034,575.1305403861026,582.7269752337963,72588500
2025-05-28,584.37744140625,589.3887309946801,583.6416722363929,588.1856112493471,68445500
2025-05-29,586.6842651367188,589.8163213976459,582.7269869994868,589.6771054111595,69973300
2025-05-30,586.0280151367188,587.7580801158757,579.9130717022508,585.5706172221718,90601200
2025-06-02,589.3291015625,589.4086015340318,581.7227142099362,584.4073250806647,61630500
2025-06-03,592.6898193359375,593.6741624833163,588.4739541013344,588.961210027987,63606200
2025-06-04,592.5307006835938,594.5391976596761,592.0932080953481,593.5548545078736,57314200
2025-06-05,589.6671142578125,595.5831864273371,587.6785226503756,594.2210060312028,92278700
2025-06-06,595.722412109375,597.4027744725131,593.455388510206,595.2451088486548,66588700
2025-06-09,596.2593383789062,597.8203901729,595.0761238694207,596.2990883662742,53016400
2025-06-10,599.6399536132812,600.0276828696868,595.672722912116,596.7962213819605,66247000
2025-06-11,597.9297485351562,601.608655383662,595.851704156038,600.7436228335788,73658200
2025-06-12,600.3060913085938,600.3060913085938,596.1002394800107,596.5874347137615,64129000
2025-06-13,593.5946044921875,598.4169149439988,592.083255426069,595.0860482220673,89506000
2025-06-16,599.2421875,601.0021104918266,596.7961979763596,596.9752246255282,79984100
2025-06-17,594.12158203125,598.3174810611555,593.3559548666378,596.7862874189289,82209400
2025-06-18,594.0321044921875,597.7905111811382,593.0676059775907,595.0264003245132,76605000
2025-06-20,592.636962890625,597.8026339141032,591.2208450851572,596.7256028572928,94051400
2025-06-23,598.49072265625,598.8795981212522,590.2535502615591,593.3948045851308,87426000
2025-06-24,605.1024169921875,606.1694051168853,601.7416782982235,602.65917852593,67735300
2025-06-25,605.4414672851562,606.9273380866383,603.8658185288903,606.2292612300843,62114800
2025-06-26,610.1783447265625,610.617130683572,606.6880212532993,607.306302256393,78548400
2025-06-27,613.2098999023438,614.6858494593505,609.1412239120898,611.1855439983277,86258400
2025-06-30,616.1417846679688,617.5079921128906,613.3395560055452,615.6731133088892,92502500
2025-07-01,615.9423828125,617.1191131155733,613.8182668389494,614.6559103723325,70030100
2025-07-02,618.734619140625,618.7744866384667,614.9052090235124,615.53347209637,66510400
2025-07-03,623.611083984375,624.5484875028751,620.7090954800537,620.7290596612153,51065800
2025-07-07,618.9639892578125,622.3047639816969,616.1617605422166,621.6365725170731,74814500
2025-07-08,618.6249389648438,620.3900039601925,617.8071987595777,619.6320954349991,59024600
2025-07-09,622.3345947265625,622.9927431754923,619.1932795088373,621.0481832340878,66113300
2025-07-10,624.0897827148438,625.1368675729468,621.2875540464601,622.4742664500196,57529000
2025-07-11,621.8958129882812,623.1323749024951,619.8116254973129,621.0182411395347,63670200
2025-07-14,623.08251953125,623.4315275028133,620.0808318567448,621.437057113524,51898500
2025-07-15,620.419921875,626.1240780025647,620.340126016414,625.7850521197855,74317300
2025-07-16,622.494140625,623.0027403264891,616.3412163521633,622.0154871960257,88987500
2025-07-17,626.3035888671875,626.6626398066976,622.4542755061946,622.6736989062512,68885700
2025-07-18,625.8449096679688,627.7296380152247,624.7280110672211,627.5601250668279,65621600
2025-07-21,627.0316162109375,629.7939164140192,626.6028123652087,627.0316162109375,63375000
2025-07-22,627.121337890625,627.9889276793821,624.4587368446605,627.3606646093982,60046300
2025-07-23,632.4566040039062,632.4566040039062,627.9889485945137,629.8039240942028,70511000
2025-07-24,632.6659545898438,634.3912129187636,632.2371507469353,632.8454496264281,71307100
2025-07-25,635.3385620117188,635.8172763273444,633.0848614440556,633.3341702599237,56865400
2025-07-28,635.1790161132812,636.2759505305676,633.782862430909,635.7175012309004,54917100
2025-07-29,633.503662109375,636.9042074633194,632.5862227401361,636.5850848856694,60556300
2025-07-30,632.7058715820312,635.9169397338984,629.7939009526881,634.1617960302962,80418900
2025-07-31,630.3324584960938,638.0809348105399,629.0260827850975,637.6920593309911,103385200
2025-08-01,620.0010375976562,624.6083202058907,617.5777633723885,624.5683918435021,140103600
2025-08-04,629.4249267578125,629.4747763447384,623.8504160518278,623.9401331350132,73218000
2025-08-05,626.2337646484375,630.8609506236863,625.3063432085271,630.0432104487703,68051400
2025-08-06,631.030517578125,631.6886660273483,626.3933495625395,627.310788901774,64357500
2025-08-07,630.501953125,635.2188561282265,627.3706199993678,634.4809118212801,74205800
2025-08-08,635.4183349609375,635.8870671683993,631.9878433436463,632.3069659204185,64051600
2025-08-11,634.1618041992188,637.1834561323586,632.9052780831173,635.6975853928571,58742300
2025-08-12,640.9131469726562,641.0726778368414,635.0294344517399,636.5252873774225,64730800
2025-08-13,643.1070556640625,644.4034493171588,640.9031438473124,643.1269589799253,60092800
2025-08-14,643.1668701171875,643.8350006749072,640.5641007895744,641.0128079474052,59327500
2025-08-15,641.6610717773438,644.3037696191185,640.7436323612244,644.2040095711507,68592500
2025-08-18,641.5214233398438,642.2195001872421,640.40452473057,641.0826373957427,43804900
2025-08-19,638.0410766601562,642.3291760201543,636.714736747966,641.341922870885,69750700
2025-08-20,636.3457641601562,637.89146660832,631.2000571048222,637.6322365737963,88890300
2025-08-21,633.7928466796875,636.2061389257788,632.057667095043,634.5208697964243,54805800
2025-08-22,643.52587890625,644.7125912923959,635.4881651988852,635.9967649167205,84083200
2025-08-25,640.6936645507812,643.505875096025,640.5740011970607,642.2593311060981,51274300
2025-08-26,643.3762817382812,643.7253506035642,639.7962411945653,640.4245042856638,51581600
2025-08-27,644.8422241210938,645.580168455503,642.6383123424215,642.7879219740594,48341100
2025-08-28,647.1258544921875,647.6843037743214,643.5557962693775,645.4505066457858,61519500
2025-08-29,643.2666015625,646.04892693251,641.361908969664,645.6798938838932,74522200
2025-09-02,638.4998168945312,638.7191794281234,633.1645719217177,635.7374558444352,81983500
2025-09-03,641.960205078125,642.4289372924937,638.6893051342267,640.8931560649971,70820900
2025-09-04,647.3253173828125,647.3552636551144,641.7308424389964,642.6382997027142,65219200
2025-09-05,645.4505004882812,650.4067910780432,641.551337641252,649.6787679935875,85178900
2025-09-08,647.0361328125,648.0433501046099,645.4405199703039,646.826691508285,63133100
2025-09-09,648.531982421875,649.0604854255209,645.4305347021028,647.1756962960839,66133900
2025-09-10,650.4067993164062,652.7402956265305,648.8311506393708,651.8128741836446,78034500
2025-09-11,655.8118286132812,656.5099054682547,651.7830200765693,652.3713547945198,69934400
2025-09-12,655.5924072265625,657.2877193463212,655.0838683704039,655.7818843611192,72780100
2025-09-15,659.0827026367188,659.2123480846643,657.5170969033588,657.8162552961535,63772400
2025-09-16,658.1752319335938,659.9503398052897,657.3874380375795,659.6411384615709,61169000
2025-09-17,657.3575439453125,659.8904996422112,652.4910309141978,658.1852662695255,101952200
2025-09-18,660.4290161132812,663.0517496492283,658.4445277353276,660.0600439458431,90459200
2025-09-19,663.7000122070312,664.5499877929688,660.3699951171875,662.3300170898438,97945600
2025-09-22,666.8400268554688,667.2899780273438,662.1699829101562,662.2000122070312,69452200
2025-09-23,663.2100219726562,667.3400268554688,661.97998046875,666.719970703125,81708900
2025-09-24,661.0999755859375,664.6099853515625,659.6699829101562,664.510009765625,68082200
2025-09-25,658.0499877929688,659.4099731445312,654.4099731445312,657.9400024414062,89622100
2025-09-26,661.8200073242188,662.3699951171875,657.8800048828125,659.510009765625,69179200
2025-09-29,663.6799926757812,665.280029296875,661.8599853515625,664.3599853515625,73499000
2025-09-30,666.1799926757812,666.6500244140625,661.6099853515625,662.9299926757812,86288000
2025-10-01,668.4500122070312,669.3699951171875,663.0599975585938,663.1699829101562,72545400
2025-10-02,669.219970703125,670.5700073242188,666.780029296875,670.4500122070312,56896000
2025-10-03,669.2100219726562,672.6799926757812,668.1599731445312,669.989990234375,70494400
2025-10-06,671.6099853515625,672.510009765625,669.4600219726562,671.6199951171875,54623300
2025-10-07,669.1199951171875,672.989990234375,667.6699829101562,672.5399780273438,72020100
2025-10-08,673.1099853515625,673.2100219726562,669.4199829101562,670.25,60702200
2025-10-09,671.1599731445312,673.9400024414062,669.2100219726562,673.530029296875,66501900
2025-10-10,653.02001953125,673.9500122070312,652.8400268554688,672.1300048828125,159422600
2025-10-13,663.0399780273438,665.1300048828125,659.77001953125,660.6500244140625,79560500
2025-10-14,662.22998046875,665.8300170898438,653.1699829101562,657.1699829101562,88779600
2025-10-15,665.1699829101562,670.22998046875,658.9299926757812,666.8200073242188,81702600
2025-10-16,660.6400146484375,668.7100219726562,657.1099853515625,666.8200073242188,110563300
2025-10-17,664.3900146484375,665.760009765625,658.1400146484375,659.5,96500900
2025-10-20,671.2999877929688,672.2100219726562,667.27001953125,667.3200073242188,60493400
2025-10-21,671.2899780273438,672.989990234375,669.97998046875,671.4400024414062,56249000
2025-10-22,667.7999877929688,672.0,663.2999877929688,672.0,80564000
2025-10-23,671.760009765625,672.7100219726562,667.7999877929688,668.1199951171875,65604500
2025-10-24,677.25,678.469970703125,675.6500244140625,676.4600219726562,74306200
2025-10-27,685.239990234375,685.5399780273438,682.1199951171875,682.72998046875,56235486
