Date,Close,High,Low,Open,Volume
2010-02-11,0.4134384095668793,0.41567881617124747,0.3876515577187986,0.3888960286566333,3456000
2010-02-12,0.4151310920715332,0.4187153831743795,0.39984764222168334,0.4021874625769186,8601600
2010-02-16,0.4312106668949127,0.43220660231143326,0.4182173601147085,0.4248879596656373,9619200
2010-02-17,0.4385283887386322,0.4386277743411408,0.43041449003958965,0.436985704280318,19180800
2010-02-18,0.4468419849872589,0.4494800187447586,0.43544201023413903,0.4380800439916388,38860800
2010-02-19,0.4468419849872589,0.4526667099712488,0.44041989248433444,0.44380538338249714,46483200
2010-02-22,0.4437059760093689,0.4521190278387286,0.43867744662540276,0.4521190278387286,25497600
2010-02-23,0.426381915807724,0.44365629538841367,0.4205074833458739,0.4412667681634529,41126400
2010-02-24,0.4392748475074768,0.44430334846176656,0.43155857720059926,0.433898397269179,35308800
2010-02-25,0.4390262961387634,0.4420132191579242,0.4167243572807223,0.4252368229710267,45619200
2010-02-26,0.44450217485427856,0.4463440129766771,0.4334013821086928,0.4377321614114791,28800000
2010-03-01,0.46356871724128723,0.4654602624209731,0.45012807583085207,0.45012807583085207,14227200
2010-03-02,0.46635687351226807,0.47641296525920857,0.46511240274739424,0.46765102283907967,24211200
2010-03-03,0.46894508600234985,0.4756653917050709,0.4644145389912471,0.4715831195437853,23980800
2010-03-04,0.4741227626800537,0.47476983722166793,0.46327047717025616,0.4705881507547059,14726400
2010-03-05,0.4950808584690094,0.4972705888576336,0.4816392774399943,0.48422854418035705,13440000
2010-03-08,0.497718870639801,0.5013031325737652,0.4955290833753482,0.4955290833753482,12672000
2010-03-09,0.5065304040908813,0.514296379594528,0.49458277138173523,0.4949813391448098,23212800
2010-03-10,0.5189264416694641,0.5220127217804006,0.5068793925442795,0.5072273133283877,20044800
2010-03-11,0.5237056016921997,0.5244520904685086,0.5123553033708971,0.5157895619318892,26956800
2010-03-12,0.5249002575874329,0.52947957215411,0.5188767327163857,0.52947957215411,18067200
2010-03-15,0.5213656425476074,0.5249499615152643,0.5102639103013958,0.5214153780710719,21196800
2010-03-16,0.5312221050262451,0.5327160510829599,0.5210169203738663,0.5264927286027952,23289600
2010-03-17,0.5349056720733643,0.5424728209216686,0.530475507354811,0.5327159417279216,19910400
2010-03-18,0.5403327345848083,0.5420245398762287,0.5332138895553526,0.536748472795193,26092800
2010-03-19,0.530774712562561,0.5462560210096997,0.5250991082502589,0.530774712562561,20025600
2010-03-22,0.5451118350028992,0.5514832804700414,0.5225604491005681,0.5245514083067361,29395200
2010-03-23,0.5565117597579956,0.5577065516633813,0.5403327323106054,0.5488451973553754,27667200
2010-03-24,0.5485957264900208,0.5537734049943988,0.5451117902909711,0.5525786130795872,44620800
2010-03-25,0.5451616644859314,0.5678622039044181,0.5447133610351772,0.5619877708484239,46963200
2010-03-26,0.5479984283447266,0.5585027648154105,0.5393865485202436,0.5529275435542307,42144000
2010-03-29,0.5555158257484436,0.5611905178948505,0.5514335818725032,0.5562623143606332,19027200
2010-03-30,0.5613408088684082,0.5661695433336736,0.5499408298225537,0.5600963378372459,19948800
2010-03-31,0.5537734031677246,0.5625352864751928,0.5499405777153297,0.5550675521781829,29779200
2010-04-01,0.552678108215332,0.5706492693277146,0.5402821687663737,0.5599461039285344,58310400
2010-04-05,0.5686583518981934,0.5719941647155039,0.5525787348504559,0.5567107149712678,33792000
2010-04-06,0.5729890465736389,0.5781666682214022,0.5607431697973058,0.5643274886499832,29356800
2010-04-07,0.5697537064552307,0.5772702091398042,0.5597970294210812,0.5710478557017046,53126400
2010-04-08,0.5717944502830505,0.5751302635802426,0.5553669100332714,0.5639787923525964,34828800
2010-04-09,0.5820990800857544,0.5834936122549343,0.5692558592523902,0.5736860255461959,29049600
2010-04-12,0.5844387412071228,0.5889196101040066,0.5802570830543579,0.5840908204123144,24403200
2010-04-13,0.5932503938674927,0.5941966792323188,0.5772701920455181,0.5825472284385192,33619200
2010-04-14,0.6141587495803833,0.6146567315008205,0.6004686620067586,0.6017131325558983,30547200
2010-04-15,0.6223731637001038,0.6246632773450165,0.6129641453652223,0.6135118629775959,22886400
2010-04-16,0.6002202033996582,0.6218253623958341,0.5886701667090606,0.6158018373223548,64742400
2010-04-19,0.5992739796638489,0.6047498447827979,0.5774699902545414,0.5945943388434364,56371200
2010-04-20,0.6081352829933167,0.6123169414358737,0.5971835537147536,0.6085835294323635,28051200
2010-04-21,0.6188384294509888,0.6241154657533404,0.6073390400016838,0.6204814679490489,41990400
2010-04-22,0.6279980540275574,0.6300893962005256,0.5905130144403778,0.6007679346278199,61420800
2010-04-23,0.6363117098808289,0.6383036380088575,0.6211783771834083,0.6285954666158579,41184000
2010-04-26,0.6315823197364807,0.641538996780953,0.628495982293658,0.6367599422025829,40262400
2010-04-27,0.592603325843811,0.6321299679168707,0.5874257034789048,0.6254593681560584,66873600
2010-04-28,0.5939969420433044,0.6023105810889035,0.5796100417786249,0.6017132419532125,62534400
2010-04-29,0.6243144273757935,0.6273012942547818,0.6022112250696097,0.6022609606075924,42374400
2010-04-30,0.5875260233879089,0.6263052648529012,0.5859823989450763,0.6233689886475646,44256000
2010-05-03,0.6115207672119141,0.6203820659640213,0.5942463591708174,0.594395451814135,26304000
2010-05-04,0.5574572682380676,0.5884217707103225,0.5441657449410344,0.5883720351728337,68620800
2010-05-05,0.5482977032661438,0.5581043202905722,0.52967940780998,0.5399840638390649,69254400
2010-05-06,0.494582861661911,0.5524792265688914,0.3385169770489683,0.5369970082496791,108902400
2010-05-07,0.45859086513519287,0.49946139258208594,0.42668013920820785,0.4814902309463806,124128000
2010-05-10,0.5269908308982849,0.5285344558704546,0.5136496269313982,0.5164874015572974,94636800
2010-05-11,0.5266427397727966,0.5476008246408796,0.5091189131396879,0.5121058364654699,73516800
2010-05-12,0.5550178289413452,0.5561629423277655,0.5318690484953745,0.5338609760795935,54278400
2010-05-13,0.5299279093742371,0.5612412393131493,0.5265930652017013,0.5496912022733244,52780800
2010-05-14,0.49732133746147156,0.5176322907207177,0.48039484993374315,0.5169345690412205,77088000
2010-05-17,0.5040416717529297,0.5096169511334419,0.47193214277203555,0.502150126250163,68428800
2010-05-18,0.4847762882709503,0.5192246642116737,0.475914932697433,0.5163371550765966,95308800
2010-05-19,0.47198179364204407,0.4878625815696421,0.4551556603568119,0.4764129273131459,118886400
2010-05-20,0.42424091696739197,0.44659353441544725,0.41542929631024417,0.44340684278837333,136492800
2010-05-21,0.42752692103385925,0.4407190262298341,0.3941729294905703,0.39840429442636655,117158400
2010-05-24,0.4310615062713623,0.4457962957738474,0.42608268420729223,0.42986674279718956,77510400
2010-05-25,0.4280249774456024,0.42936883377415946,0.3863076058719663,0.3990514384201613,86323200
2010-05-26,0.4147821366786957,0.4525175840898959,0.41159641398965785,0.4346458099827129,104160000
2010-05-27,0.45968616008758545,0.4608302765284318,0.43882749167625124,0.4424117821688505,86611200
2010-05-28,0.4532640874385834,0.4640169878695067,0.44056996329043846,0.4627228102392823,83347200
2010-06-01,0.4407190680503845,0.4716338570376309,0.43808006565844654,0.4484850455784928,101356800
2010-06-02,0.47173330187797546,0.47173330187797546,0.4384787170768756,0.4480368269361816,56716800
2010-06-03,0.48397910594940186,0.4866678439447289,0.46625741989676084,0.4752181612613546,57427200
2010-06-04,0.4361884891986847,0.47168353029129145,0.42981704389482106,0.45361198822111204,122976000
2010-06-07,0.41089966893196106,0.44524868851605637,0.4102028872798707,0.4404199270051859,84364800
2010-06-08,0.408609539270401,0.41657431638848214,0.39233109572759167,0.41383686844851025,132960000
2010-06-09,0.39959901571273804,0.42857157813231667,0.39501876198289454,0.41687339139535656,114720000
2010-06-10,0.4327533543109894,0.43360019709349457,0.4101531716803686,0.4135376942692932,77760000
2010-06-11,0.44405388832092285,0.44579631231691014,0.4193126867534176,0.4193126867534176,62668800
2010-06-14,0.44430339336395264,0.4660079677021214,0.4425112620936771,0.45724605407688895,113702400
2010-06-15,0.4767608642578125,0.4819384868026982,0.45032691405618797,0.45167079885418215,100051200
2010-06-16,0.48636865615844727,0.4928404849954077,0.4740234200384435,0.4763623003197186,79180800
2010-06-17,0.4912472367286682,0.49473214293421536,0.4786028439251671,0.4939856540342434,81523200
2010-06-18,0.4925919473171234,0.5024979769095376,0.48766283178082703,0.4937866824293711,69792000
2010-06-21,0.4796483516693115,0.5127529003522615,0.47153351314033976,0.5105631128401908,109958400
2010-06-22,0.46829813718795776,0.4957280247850534,0.46585890264722396,0.4851739507789319,89798400
2010-06-23,0.46202507615089417,0.4748692903696461,0.45152165057592736,0.47004052896376197,112358400
2010-06-24,0.4396236836910248,0.46048235192945935,0.4370850356024037,0.45649949363120085,119712000
2010-06-25,0.4393245279788971,0.45032687523946807,0.4299661876822909,0.44534902132257065,88780800
2010-06-28,0.435392290353775,0.4462445758217533,0.4259335965250556,0.43967339088023183,82080000
2010-06-29,0.38680553436279297,0.4156786867994197,0.375354912662596,0.41493219816989063,219110400
2010-06-30,0.3676892817020416,0.3919325006814662,0.3646517116887174,0.3810305081963816,91833600
2010-07-01,0.3641050159931183,0.37281628176419823,0.3427980714663981,0.36972997300727267,126163200
2010-07-02,0.3621130883693695,0.36928166921036104,0.350962589295695,0.3650503042586206,73689600
2010-07-06,0.36400461196899414,0.3828723197329479,0.35484507255121955,0.3759522460001841,78278400
2010-07-07,0.3984043598175049,0.39949970939225987,0.36624512646483437,0.3671416763443194,80390400
2010-07-08,0.4051246643066406,0.40955582659363715,0.39108665421848166,0.40796246655863155,103680000
2010-07-09,0.4164749085903168,0.41816765412920737,0.40193891738268184,0.40407899781333073,71328000
2010-07-12,0.42120426893234253,0.4274772693298454,0.4123926486426171,0.41493223703883797,49459200
2010-07-13,0.4355911910533905,0.44116738160529195,0.42175198031766303,0.4310615830689067,87072000
2010-07-14,0.44256094098091125,0.4499780293034875,0.4336499067858637,0.43932454250921266,54758400
2010-07-15,0.4441036283969879,0.4479870730089333,0.4263819139904082,0.44071907727906523,57100800
2010-07-16,0.4083610773086548,0.44076881833745757,0.40641885635809605,0.4402211292915606,90681600
2010-07-19,0.41757023334503174,0.4201585885325924,0.40079383708407257,0.410700834502162,62112000
2010-07-20,0.4307624101638794,0.4325048343283957,0.3936750019784786,0.39686072499646174,63974400
2010-07-21,0.4156787395477295,0.447040837065142,0.4128906443270647,0.447040837065142,86246400
2010-07-22,0.4437059760093689,0.4522681204733838,0.43190743323068403,0.43190743323068403,63225600
2010-07-23,0.45525506138801575,0.45580275038280244,0.43504346598889343,0.4374827002070542,69427200
2010-07-26,0.46526142954826355,0.46655560717730377,0.45087455992704767,0.4572460055062071,50380800
2010-07-27,0.465162068605423,0.4742221955365756,0.459337343190224,0.4721308820854106,59846400
2010-07-28,0.45565366744995117,0.47004056724040594,0.4495307563557519,0.464215841452182,38784000
2010-07-29,0.44480136036872864,0.46496230950001033,0.43071270348205615,0.46197538616962347,76377600
2010-07-30,0.4478379189968109,0.45520529931722226,0.4256850740103589,0.4335007291874315,64915200
2010-08-02,0.47193214297294617,0.4754170201695232,0.45928769509824574,0.4644146710184602,45081600
2010-08-03,0.4670535922050476,0.47252942804705705,0.45968618270456835,0.47103645073228073,32006400
2010-08-04,0.4805438816547394,0.48188873475166427,0.46705356259150643,0.47317650110679915,40454400
2010-08-05,0.4777071177959442,0.47939986343066743,0.4676509980956592,0.4733256625656654,33235200
2010-08-06,0.47546663880348206,0.4775073050755732,0.4536617127721092,0.46053208027443887,76377600
2010-08-09,0.4837803840637207,0.48786262880775855,0.47581557733090074,0.481988195728532,42816000
2010-08-10,0.47352543473243713,0.48014635617405305,0.460581834120036,0.47292806714298247,79008000
2010-08-11,0.43454551696777344,0.4486838814139425,0.427676088703549,0.44838566762495047,77452800
2010-08-12,0.42229965329170227,0.42827347149958656,0.40607091579932436,0.40851015012667025,72960000
2010-08-13,0.41388657689094543,0.42359380659639845,0.41388657689094543,0.41881472382025037,28972800
2010-08-16,0.41622641682624817,0.42458976223351363,0.4024866208430347,0.4077139502879,47712000
2010-08-17,0.43205657601356506,0.4432080455186022,0.42304615561041586,0.42553509706201526,60038400
2010-08-18,0.4359399676322937,0.44470093963107105,0.4249376213269622,0.429866736279064,35577600
2010-08-19,0.41991010308265686,0.4341975589573327,0.40870892750368715,0.4297664254568854,51206400
2010-08-20,0.41846686601638794,0.4216525606480389,0.40826068501878987,0.4156787422919042,44294400
2010-08-23,0.4069167971611023,0.430363822311893,0.40631940112907994,0.4278251740299044,54105600
2010-08-24,0.3835691809654236,0.39656248751737805,0.3788398052702782,0.39362527140892933,72403200
2010-08-25,0.39506852626800537,0.3997978732931158,0.3742605045913946,0.37610234266168807,72076800
2010-08-26,0.38217562437057495,0.40079388962782525,0.37958632882505783,0.40014681498880866,66489600
2010-08-27,0.39482003450393677,0.3965127800068105,0.3653991918881585,0.3888462166977076,96230400
2010-08-30,0.3820265531539917,0.3991508734080555,0.3819261990387795,0.38874686062346986,52569600
2010-08-31,0.3801339864730835,0.3881494391711989,0.3709247387050813,0.3763508960714626,78220800
2010-09-01,0.4119950234889984,0.4158278496023707,0.39422266166236974,0.3947703506770539,64819200
2010-09-02,0.4261324405670166,0.4261324405670166,0.41139764935906015,0.4145336652764471,27148800
2010-09-03,0.4478379189968109,0.4478379189968109,0.4345454315047762,0.43907597858505004,67641600
2010-09-07,0.4369349777698517,0.4471411287907408,0.4359896894825005,0.4418144143366773,48691200
2010-09-08,0.45236754417419434,0.45963553965681436,0.4418144402563577,0.4418144402563577,56947200
2010-09-09,0.4580928683280945,0.46720270221852617,0.45620132308468136,0.4664562135333734,45177600
2010-09-10,0.46302103996276855,0.4655099812283226,0.45391120614898633,0.461427708502313,31968000
2010-09-13,0.4834314286708832,0.48691633379798244,0.4746704558010888,0.4751177906884189,41856000
2010-09-14,0.48955538868904114,0.4970221562167313,0.47860274715635504,0.48139084246958325,42374400
2010-09-15,0.49786800146102905,0.500308175650133,0.48173870757916165,0.4856718590936217,33830400
2010-09-16,0.504887580871582,0.5057344522722725,0.49229286838151487,0.4975699055313136,46886400
2010-09-17,0.510263979434967,0.5151921267077513,0.5025476799879223,0.5151921267077513,57408000
2010-09-20,0.5368479490280151,0.5395853969558703,0.5141970913944637,0.5159892224967849,52780800
2010-09-21,0.5351552367210388,0.5476008557315895,0.5294796320103049,0.5372952888711849,86937600
2010-09-22,0.5326165556907654,0.5430702455049656,0.5237055217568701,0.5291813861208287,48288000
2010-09-23,0.5310232043266296,0.5471028199050504,0.5201212109496384,0.5217136023819589,68544000
2010-09-24,0.5610910654067993,0.564526234510646,0.5473512435536056,0.5499902455475421,63264000
2010-09-27,0.5546700954437256,0.5666177327694651,0.553126413871219,0.5636804877578868,48556800
2010-09-28,0.5560635924339294,0.5598963614427018,0.5280860194295592,0.5598963614427018,73113600
2010-09-29,0.5515826940536499,0.5591995785847181,0.5453603412250116,0.5516830766363643,31929600
2010-09-30,0.5441159009933472,0.5698033013092362,0.5333132657749933,0.5599460398116635,88742400
2010-10-01,0.5424233675003052,0.5591003848885816,0.5344088804657764,0.5568599495855834,58521600
2010-10-04,0.5236061215400696,0.5425225993725664,0.5151424222654342,0.5369970563067245,61920000
2010-10-05,0.5625852942466736,0.5652730076386524,0.5412783134472738,0.5421748635808044,54892800
2010-10-06,0.5482478737831116,0.5637798287787928,0.537195819315932,0.5602452450871886,44256000
2010-10-07,0.5536242723464966,0.5579550798307543,0.5403327531101677,0.55755651200261,39475200
2010-10-08,0.564774751663208,0.5688073167855828,0.5433196570789697,0.5546192483137554,34272000
2010-10-11,0.565919816493988,0.5737861756862771,0.5607928419595495,0.5663681198354867,19065600
2010-10-12,0.5776688456535339,0.5807054479242235,0.5489447792709764,0.5621866234949293,48864000
2010-10-13,0.5917077660560608,0.5989260266043898,0.5833443919172991,0.5883222747569831,48422400
2010-10-14,0.5884217023849487,0.595838791284548,0.5794112534040537,0.5924045328799213,39878400
2010-10-15,0.6259573101997375,0.6259573101997375,0.5958893649276189,0.6094790703138242,59788800
2010-10-18,0.6259573101997375,0.6323794028196361,0.6192369753387839,0.6269532740694842,43488000
2010-10-19,0.6010661125183105,0.6155026913983036,0.5865798550757774,0.6011655266142194,63648000
2010-10-20,0.6135614514350891,0.6271024485374769,0.6031574389864156,0.6069405297904991,46732800
2010-10-21,0.6178424954414368,0.6327273766909774,0.5999210122771031,0.6259573627073639,54854400
2010-10-22,0.6298895478248596,0.6312840796701849,0.61535355586183,0.6185899544674855,29356800
2010-10-25,0.6394475102424622,0.6503007916685198,0.6374565512910567,0.6374565512910567,38592000
2010-10-26,0.6432814002037048,0.6477613006400467,0.6220241059936142,0.6293924839784136,37420800
2010-10-27,0.6499024629592896,0.6515455019130065,0.6315824646836705,0.6350673138431682,56428800
2010-10-28,0.6536357402801514,0.6592616662877072,0.6381535196035472,0.6589127769511914,53894400
2010-10-29,0.6504997611045837,0.6610538350452735,0.6496538582367841,0.6534866846940146,40377600
2010-11-01,0.651992678642273,0.6704121435284137,0.6426840448493002,0.6571206224813938,42604800
2010-11-02,0.6717569828033447,0.6771831118205938,0.6645883442094129,0.6676746815469927,34060800
2010-11-03,0.6814642548561096,0.6816630830471928,0.6566723734070248,0.6751415753504914,57580800
2010-11-04,0.7056078910827637,0.7139712639417568,0.7002811766942854,0.7052102917531752,55929600
2010-11-05,0.7064548134803772,0.710686207254139,0.700431288596505,0.7073007162277122,56985600
2010-11-08,0.7082470059394836,0.7118810040010486,0.6977923466785101,0.7028705551726188,51724800
2010-11-09,0.6967964172363281,0.72079207446122,0.6881348573154691,0.7183022213696212,60940800
2010-11-10,0.7074498534202576,0.7099387947964034,0.6840525625205153,0.7004810112678523,45984000
2010-11-11,0.6955517530441284,0.6979910153616726,0.666380418097489,0.6745439937358059,60921600
2010-11-12,0.6601572632789612,0.6921674048946579,0.6450239315809989,0.6840525942333532,109132800
2010-11-15,0.6530881524085999,0.6742459800072079,0.6522919850310067,0.6714578844585831,59596800
2010-11-16,0.6206803321838379,0.6503009453524381,0.6131628609101637,0.6390997405330638,90816000
2010-11-17,0.6265546679496765,0.6358633583393211,0.6172948015539603,0.621775613626839,55584000
2010-11-18,0.655677318572998,0.6686696857246005,0.6462186237034759,0.646716605669388,69369600
2010-11-19,0.6572200059890747,0.6620984743643271,0.64606950598546,0.6535362727015523,46713600
2010-11-22,0.6745442152023315,0.6745442152023315,0.6467166986498629,0.6494044685349537,73728000
2010-11-23,0.6426839828491211,0.6564734845356142,0.6312343296361183,0.654581939430386,92928000
2010-11-24,0.6802197694778442,0.6854461592205423,0.6601572648074777,0.6609534890879716,64742400
2010-11-26,0.6759387254714966,0.68111537990265,0.664438365926123,0.6683715750305351,29836800
2010-11-29,0.6665294766426086,0.6720550185153354,0.6417873387958851,0.6645881962983101,88262400
2010-11-30,0.6411901712417603,0.6537352050007471,0.6339719100971815,0.6453718301711459,100358400
2010-12-01,0.6819620728492737,0.6921672548844487,0.6695661351060619,0.6706117774388571,103430400
2010-12-02,0.7026708126068115,0.7056577360174879,0.6832563516602573,0.684998804358488,66067200
2010-12-03,0.7085452079772949,0.7108353211004018,0.6939594810284176,0.6942080447270125,87724800
2010-12-06,0.7073007225990295,0.7114327023277045,0.7015753829396852,0.7086942858593307,49536000
2010-12-07,0.7079477906227112,0.7334861004588729,0.7067033200133438,0.7334364219031427,82214400
2010-12-08,0.7177553772926331,0.7195475084095087,0.7010783658258086,0.7149672822826583,46713600
2010-12-09,0.7185018658638,0.7299018410903251,0.7118809449288477,0.7297527484517318,49939200
2010-12-10,0.73358553647995,0.7349294212117888,0.7175059206264413,0.7234300316036031,44102400
2010-12-13,0.7249736785888672,0.7427947776982797,0.7243265470468696,0.7427947776982797,40377600
2010-12-14,0.7280101776123047,0.7379162053899646,0.7226834067129367,0.7306978895986094,38438400
2010-12-15,0.7205923199653625,0.7409530100271425,0.7143699661970558,0.7274129813629933,47788800
2010-12-16,0.7356263995170593,0.7394601379516785,0.7168590099093635,0.7213398800646496,43065600
2010-12-17,0.7378665804862976,0.7442389946199718,0.7339343974984713,0.7379659945677186,30604800
2010-12-20,0.7398585081100464,0.7477238995590062,0.7238285714347946,0.7417500532852482,63072000
2010-12-21,0.7520546913146973,0.7524035806371195,0.7426954105070248,0.7484206934033071,16800000
2010-12-22,0.7528507709503174,0.7559370507729155,0.7490179456014363,0.7521539609432991,21600000
2010-12-23,0.747126579284668,0.751955369531023,0.7422481104779851,0.7489187105601619,18432000
2010-12-27,0.7474247813224792,0.7517058538165895,0.7253215832410375,0.7411030139486161,32083200
2010-12-28,0.744189441204071,0.7536481371763085,0.7391111753703614,0.7530010624905485,31737600
2010-12-29,0.7486196160316467,0.7528012749958644,0.7467280705148899,0.7507606368154923,22732800
2010-12-30,0.7429945468902588,0.7491174859903057,0.7392611349795422,0.748918657821344,14380800
2010-12-31,0.7361739873886108,0.7413516103504969,0.7252719924104031,0.7413516103504969,24364800
2011-01-03,0.7694284319877625,0.7846114966346138,0.7556389305039416,0.7557383445802054,66758400
2011-01-04,0.7682338356971741,0.7792858922229261,0.7535477807198736,0.7790861524864418,65760000
2011-01-05,0.7873002886772156,0.7876491780119422,0.7596219246916496,0.7606169201571953,61440000
2011-01-06,0.7944192290306091,0.7962610959012796,0.7852090401148364,0.7900884206243417,52262400
2011-01-07,0.79257732629776,0.7997956438260108,0.7695776343486976,0.7984517590240826,76204800
2011-01-10,0.8014883399009705,0.8055199942006614,0.7813264792406058,0.7865537802228977,43027200
2011-01-11,0.8051721453666687,0.8129878024930389,0.7969578633493598,0.811245349686213,54969600
2011-01-12,0.8215001821517944,0.8219981641154661,0.8069145120523502,0.8163234713508566,67046400
2011-01-13,0.8240894079208374,0.8291169688560778,0.8161733694339515,0.8244373287193996,65721600
2011-01-14,0.8419603109359741,0.8422097861775729,0.8183144561800868,0.8236909068537919,30643200
2011-01-18,0.8486815094947815,0.8512698648281255,0.8190608981540326,0.8204545183896381,69062400
2011-01-19,0.8202556371688843,0.8530122622314037,0.8117431715121366,0.8530122622314037,74976000
2011-01-20,0.8018361330032349,0.8124896184173579,0.7835667320834387,0.8104489807987156,94732800
2011-01-21,0.7835171222686768,0.8184138004011919,0.7829694617770683,0.813535332123139,52416000
2011-01-24,0.8158751726150513,0.8165719827062565,0.783715942695657,0.7878976008343594,43219200
2011-01-25,0.8187130689620972,0.8198074785656349,0.79899945339145,0.804872917862367,47923200
2011-01-26,0.8314071297645569,0.8391233715008658,0.8163731571744235,0.8239890732975723,49689600
2011-01-27,0.8474370837211609,0.8545053399774835,0.8365838567963234,0.8411640832042877,55680000
2011-01-28,0.7835171222686768,0.8493285600482728,0.7722662399025794,0.8477352571283922,127276800
2011-01-31,0.7951158285140991,0.8010896170472157,0.769130130400566,0.7866033635852797,79987200
2011-02-01,0.8392723798751831,0.8447979221340599,0.8103495510708647,0.8134358309664212,101721600
2011-02-02,0.8354893922805786,0.8441012724605439,0.8302123560651712,0.8348423176982798,46060800
2011-02-03,0.8387247920036316,0.843255339391586,0.8107969560460426,0.8308594007710353,65779200
2011-02-04,0.8538583517074585,0.8552528836910506,0.8332490968828651,0.8408659829496306,67968000
2011-02-07,0.8662541508674622,0.879595407680758,0.8549535889945415,0.8591849830566993,51897600
2011-02-08,0.8847232460975647,0.8847232460975647,0.8622214821535777,0.8665532582922238,66988800
2011-02-09,0.8793469071388245,0.8866149031789594,0.8707350263056224,0.8788489251567057,65203200
2011-02-10,0.8836279511451721,0.8854200823319571,0.8587376263531825,0.8647114729368968,71040000
2011-02-11,0.9017490744590759,0.9022958233896177,0.8711822371715668,0.8754642777172977,47270400
2011-02-14,0.9074239134788513,0.9116056293551723,0.8991600097658264,0.9015495372790828,29817600
2011-02-15,0.9050840139389038,0.9070749732904462,0.8921910609263753,0.902396244451192,46617600
2011-02-16,0.9218106865882874,0.9290786822207077,0.9108590145829645,0.9122028993006434,70560000
2011-02-17,0.9210144877433777,0.92594263458062,0.906528175532395,0.9082199810013238,43372800
2011-02-18,0.9157872796058655,0.9252459754715425,0.9048852847523066,0.9215622986239285,64089600
2011-02-22,0.8351404666900635,0.886116815483354,0.8313573764720549,0.8792473881550751,120921600
2011-02-23,0.8145313858985901,0.8438528458620824,0.7958127663952048,0.8348920755249224,97132800
2011-02-24,0.8261301517486572,0.8343443759958387,0.7965095393606503,0.8202557192233275,160262400
2011-02-25,0.8615248203277588,0.8651090827445509,0.8391234365915156,0.8415129638596517,54172800
2011-02-28,0.8677977323532104,0.8799441386608927,0.852166364129958,0.8713819944047739,52156800
2011-03-01,0.8260804414749146,0.879446323823941,0.8189118595034078,0.879446323823941,61449600
2011-03-02,0.8377288579940796,0.8547547586877847,0.8237902630476568,0.8244870731562544,57052800
2011-03-03,0.8877102136611938,0.8922904970313223,0.8620228095552308,0.8621222236438271,66412800
2011-03-04,0.8745676875114441,0.8881086246060776,0.8572436034903745,0.8881086246060776,54710400
2011-03-07,0.8397208452224731,0.887013466292042,0.8162231715695497,0.8855195203537352,68784000
2011-03-08,0.8484818339347839,0.8606292103847365,0.8214008088570078,0.8349418056479153,64387200
2011-03-09,0.831357479095459,0.8426083625351081,0.8185132925838972,0.8415129844765511,48528000
2011-03-10,0.7933237552642822,0.8089551243241595,0.7832676647062281,0.8018859569494868,87446400
2011-03-11,0.806565523147583,0.8133365046228067,0.7788871067822881,0.780081898734315,51273600
2011-03-14,0.798700213432312,0.8114440735167252,0.7806793170431796,0.7934231771275928,39456000
2011-03-15,0.766042947769165,0.7791853748228684,0.7203436923018772,0.7276116874162494,93926400
2011-03-16,0.7097896933555603,0.7585762024547699,0.6944574774011686,0.7469268084269091,108384000
2011-03-17,0.7283084988594055,0.7517058459099478,0.7276117457014807,0.7422480627128707,58243200
2011-03-18,0.7243265509605408,0.7540953426739349,0.7228326621159287,0.7537971004307213,59356800
2011-03-21,0.7647489905357361,0.7765972144932498,0.7529007096073902,0.7560873731024306,47625600
2011-03-22,0.7626585364341736,0.7706232858099885,0.7566846895481817,0.768333172541348,32179200
2011-03-23,0.774207592010498,0.7809776060750884,0.7379660573603871,0.7532991852402171,52272000
2011-03-24,0.8163233995437622,0.8212018676572679,0.7787877203583257,0.7923277467817522,65328000
2011-03-25,0.8222973346710205,0.8383263039266312,0.8189118434463901,0.8244871222385615,74150400
2011-03-28,0.8083577156066895,0.8335471928813988,0.8073627202304847,0.8334477788000088,44419200
2011-03-29,0.8315563797950745,0.8317552079928043,0.7951160706425893,0.80347938852991,33648000
2011-03-30,0.8438029885292053,0.8469887396984307,0.8329497628546891,0.8443000589158627,33772800
2011-03-31,0.8473873734474182,0.8494777468624042,0.8353393548417007,0.8403182059224776,28214400
2011-04-01,0.8486815094947815,0.8677977837959927,0.8413131882956959,0.8595338243120592,37776000
2011-04-04,0.8410148620605469,0.8580397927750794,0.8292660555693461,0.8559494196012395,31209600
2011-04-05,0.8314567804336548,0.8482828835288526,0.8283704433609358,0.8347418886889837,26966400
2011-04-06,0.8377288579940796,0.8596332270394582,0.824586430267643,0.851369267664695,33196800
2011-04-07,0.8375300765037537,0.8535599561412065,0.8203053478573933,0.8383262437139516,35971200
2011-04-08,0.8249849677085876,0.8520659305419009,0.812539294438316,0.8490790646680044,25228800
2011-04-11,0.8175182938575745,0.84021883185586,0.8093537479417531,0.8345432273469816,28041600
2011-04-12,0.8013888597488403,0.812041434448541,0.7910336157549137,0.8059681742018224,33283200
2011-04-13,0.8205053210258484,0.8272753359411714,0.801488457202375,0.8187131325831917,35424000
2011-04-14,0.8160243630409241,0.8198074537809676,0.7935226528050306,0.8033799160589695,33936000
2011-04-15,0.8107473254203796,0.8214008129287627,0.7963107471761817,0.8064662526936942,74841600
2011-04-18,0.7951158285140991,0.7955143963214718,0.7550912117618848,0.7872504380787245,62880000
2011-04-19,0.8094531893730164,0.8094531893730164,0.7883460106981592,0.8000938509970732,53664000
2011-04-20,0.86331707239151,0.866603149975864,0.8492790606139803,0.852166570258318,65577600
2011-04-21,0.8852213025093079,0.8905977533341459,0.8772565531014787,0.8902985995249523,32486400
2011-04-25,0.8917924761772156,0.893086625368105,0.882333781525173,0.8884069850842148,22675200
2011-04-26,0.9071257710456848,0.9159861597653834,0.8935847726720204,0.899060638176417,22396800
2011-04-27,0.925942599773407,0.9282327127072545,0.8996578026534507,0.9110080417125456,31334400
2011-04-28,0.9245491623878479,0.9249467617793558,0.9095151882044967,0.9168825983936929,33014400
2011-04-29,0.9200683832168579,0.9268393664971818,0.9134971966413225,0.9173806703164301,26208000
2011-05-02,0.9150903820991516,0.9299255846171889,0.906925893340089,0.9240511520624947,26937600
2011-05-03,0.9013506174087524,0.9147912311731046,0.8842253586326242,0.9122029326980131,26102400
2011-05-04,0.896073579788208,0.9089177659804288,0.8747666055874106,0.9012512022068222,40972800
2011-05-05,0.8826329708099365,0.9138956536288131,0.8728750650086788,0.8829311561038943,47875200
2011-05-06,0.8902984857559204,0.9238522472419142,0.883230287145678,0.9095150848550073,38419200
2011-05-09,0.8999569416046143,0.9109086126421316,0.8850223837895724,0.8944801090965605,20937600
2011-05-10,0.9230551719665527,0.9269386450738749,0.9039389541992888,0.9088174227268994,27676800
2011-05-11,0.9031426906585693,0.9290289780559945,0.8845244556640477,0.9202680053064863,32352000
2011-05-12,0.9190732836723328,0.9228563743149841,0.879247486848507,0.8936840647371853,30144000
2011-05-13,0.8865155577659607,0.9170814332699158,0.8856199763261541,0.9128997743843046,37027200
2011-05-16,0.8404176831245422,0.8818359326840008,0.8345433068472868,0.8748670897814995,39859200
2011-05-17,0.8472869992256165,0.8477849811890099,0.8226949168208119,0.8277731820368018,44870400
2011-05-18,0.8678971529006958,0.8728750354691195,0.8407158038778447,0.8442007090773329,21283200
2011-05-19,0.8753640055656433,0.881238438157802,0.8604294458356495,0.8779533295239571,26313600
2011-05-20,0.8560490012168884,0.8757626164711974,0.8528633065147226,0.8723771250788692,21830400
2011-05-23,0.8189118504524231,0.8278726205458868,0.8067653857873398,0.8209028098607422,38716800
2011-05-24,0.8034793138504028,0.8251838878464043,0.8032805426419781,0.8251838878464043,33964800
2011-05-25,0.8124401569366455,0.823690984350944,0.7990988988529619,0.7995968808789913,26956800
2011-05-26,0.8276738524436951,0.8344438669382588,0.8044753309708186,0.8044753309708186,23568000
2011-05-27,0.8400191068649292,0.8425080484842947,0.829963014755905,0.8317552031248392,17529600
2011-05-31,0.8804421424865723,0.8804421424865723,0.8505730254499484,0.8642134348315188,27657600
2011-06-01,0.8241888284683228,0.8802433873425101,0.8217993013406687,0.8746671403948035,46176000
2011-06-02,0.8289679884910583,0.836833380984094,0.8153276340913044,0.8278726673548052,23395200
2011-06-03,0.7913327813148499,0.8181156184152791,0.7885446863490267,0.7998949828414138,40694400
2011-06-06,0.7722166180610657,0.7977042823064219,0.7713200682026023,0.7876491597405364,26736000
2011-06-07,0.7677357196807861,0.78715114790559,0.7663421564059621,0.7781904352101168,27926400
2011-06-08,0.7512089014053345,0.76644164735455,0.7447370723577504,0.7624587598243284,46761600
2011-06-09,0.7544940114021301,0.7652469133083146,0.7445373337840863,0.7515070878758757,22032000
2011-06-10,0.719845712184906,0.7493162605577244,0.7187503342676674,0.7442389642888202,27849600
2011-06-13,0.720343828201294,0.7313949155880122,0.7130758317157483,0.7229321268854405,29491200
2011-06-14,0.747126579284668,0.7533986114677014,0.7363736776900521,0.7365725058730153,29260800
2011-06-15,0.7063049077987671,0.7398586776895636,0.7014264383685154,0.7269150752658513,44668800
2011-06-16,0.6964485049247742,0.7133740255614456,0.6791244163665765,0.706703425104661,42585600
2011-06-17,0.6912707686424255,0.718849772857201,0.6851975652973792,0.7161620035150442,44985600
2011-06-20,0.7004311680793762,0.7074994226590247,0.6845006480815622,0.6845006480815622,23606400
2011-06-21,0.747126579284668,0.7485201426610185,0.7000327853354175,0.7094914806743384,37142400
2011-06-22,0.7303003072738647,0.750113331793394,0.7298023253967165,0.7371697339736442,31104000
2011-06-23,0.7505110502243042,0.751507014136687,0.6997335831436655,0.7063047686799866,57926400
2011-06-24,0.7109843492507935,0.7416506008077871,0.7074995013250118,0.7393604878924122,47020800
2011-06-27,0.7455331087112427,0.7552900448783418,0.7102875996537673,0.7143698435902709,37180800
2011-06-28,0.7789866328239441,0.7793852007095929,0.7481215494322899,0.7509096445946359,28838400
2011-06-29,0.7887435555458069,0.7925276145858238,0.771619208572601,0.7858570148526446,34204800
2011-06-30,0.8187130689620972,0.8211026533666148,0.7956139619447958,0.797007582336349,45216000
2011-07-01,0.8566463589668274,0.8598320535264086,0.814331620958287,0.8214007887348719,38361600
2011-07-05,0.8689925074577332,0.871779690921443,0.8540579486222005,0.859533813000538,36643200
2011-07-06,0.8782514929771423,0.8819351694052415,0.858239636924369,0.866801838846073,39916800
2011-07-07,0.9137961864471436,0.9214627498167349,0.8943808155357971,0.8975674784032869,53548800
2011-07-08,0.9062289595603943,0.906528113315366,0.8760616021439264,0.8905975919122593,73017600
2011-07-11,0.857642412185669,0.8913940400020046,0.8480843020372443,0.8785507638926403,67708800
2011-07-12,0.8367339372634888,0.8620228310842919,0.8355392020749383,0.8564475521265917,50323200
2011-07-13,0.8478843569755554,0.8733729880697634,0.8390239701367079,0.855352092110332,57398400
2011-07-14,0.8187130689620972,0.8663039348841792,0.809054633599445,0.855352204757867,61718400
2011-07-15,0.8512697815895081,0.8512697815895081,0.8293654713674259,0.8468892955524768,48201600
2011-07-18,0.8372318744659424,0.8480841895275809,0.8134359593798453,0.8385260236763439,42345600
2011-07-19,0.8962724804878235,0.8975675983325736,0.8622216429604012,0.8624214396560216,72432000
2011-07-20,0.8837273716926575,0.9110081354565897,0.8801430523220594,0.9105101534869735,53539200
2011-07-21,0.9016488790512085,0.9159860429806902,0.8721783269391779,0.8864160767786765,65606400
2011-07-22,0.9296263456344604,0.9332106649051707,0.8982642499083155,0.9008526052675492,45734400
2011-07-25,0.9241505265235901,0.938886257351419,0.902146743160868,0.9066276122024076,40051200
2011-07-26,0.9292288422584534,0.9404787577136646,0.9166838089712729,0.9210642959329638,51676800
2011-07-27,0.858737587928772,0.913995011191156,0.8522658166394864,0.912302237195852,72028800
2011-07-28,0.86331707239151,0.8954763094109559,0.8501746420915469,0.8603301486454958,61699200
2011-07-29,0.8549535274505615,0.8815375366076106,0.8300632607896047,0.8421103105112219,74870400
2011-08-01,0.8434045910835266,0.8904983878442302,0.8124401476776534,0.8859181610385571,98668800
2011-08-02,0.7793852090835571,0.8419106322727599,0.77609913191214,0.8305603348583797,88502400
2011-08-03,0.7995967864990234,0.8035787052290309,0.7413515257899826,0.7813761498792006,87792000
2011-08-04,0.6907728314399719,0.7704244805481665,0.6905740602364008,0.7666404214732452,146054400
2011-08-05,0.675540030002594,0.7225344039003468,0.6189874909158175,0.7136731057673582,158918400
2011-08-08,0.5568597912788391,0.6494540744434617,0.5555656420169106,0.6160006350592301,192729600
2011-08-09,0.6331259608268738,0.6351169202805357,0.5335619223708673,0.5788635279646878,212928000
2011-08-10,0.5584531426429749,0.6182907956555166,0.5551670655048777,0.5907117893832995,161788800
2011-08-11,0.6301389336585999,0.6492551493263822,0.5730884719090651,0.5801576387096072,143174400
2011-08-12,0.6461688280105591,0.6576184801641848,0.6219743492426286,0.6444760542465863,125145600
2011-08-15,0.674045979976654,0.6742457196366121,0.6452722456931235,0.6542329565191809,75744000
2011-08-16,0.6567221879959106,0.6742460181225683,0.6310347220322885,0.6557271923582919,75321600
2011-08-17,0.6460695266723633,0.6764356589012303,0.6260567020800073,0.6607049322667408,106118400
2011-08-18,0.5523799061775208,0.5935993247525575,0.5345578364100905,0.5933995280634045,164361600
2011-08-19,0.5214154124259949,0.5736858558482107,0.5197226384213363,0.5335618763193497,143664000
2011-08-22,0.5260950326919556,0.5592492576925502,0.5218139605094699,0.5580545226504462,108230400
2011-08-23,0.5912098288536072,0.5916074282741535,0.5311723733219502,0.5373460172834771,143068800
2011-08-24,0.6051482558250427,0.6085337464285645,0.5722922190662502,0.5881233257452106,98582400
2011-08-25,0.5760753750801086,0.6124163206822426,0.5697039294583828,0.6038541761103282,76291200
2011-08-26,0.617693305015564,0.6247624716794223,0.553275435486391,0.5708986735949675,111206400
2011-08-29,0.6702631115913391,0.6725532249689117,0.6372082379045578,0.6372082379045578,113232000
2011-08-30,0.6839032769203186,0.6958509679534456,0.6521426183436817,0.6630943456227741,114470400
2011-08-31,0.6878862380981445,0.7127765611454783,0.6699647565740086,0.6965477966029178,128227200
2011-09-01,0.6684707999229431,0.7083960633469407,0.6645882956248932,0.6923661272239364,98918400
2011-09-02,0.6216760873794556,0.6406929441272476,0.6110226596439144,0.6308356834769384,77068800
2011-09-06,0.6215767860412598,0.6243639123122862,0.573487036421688,0.5777681084064041,85027200
2011-09-07,0.6685701608657837,0.6690681427491876,0.6432813293584035,0.6485583649280233,80044800
2011-09-08,0.6593112945556641,0.687388281408804,0.6534369192253765,0.6579167627908377,99523200
2011-09-09,0.6159012317657471,0.6542330800255916,0.6035549712522357,0.6471639126995619,103824000
2011-09-12,0.6390002369880676,0.6403938000195133,0.5942959244898447,0.5955901304252256,119856000
2011-09-13,0.663791298866272,0.6686697680313473,0.6374070819028905,0.6463677959094772,140121600
2011-09-14,0.6924656629562378,0.7158629554739339,0.6547311487508147,0.6753413144047509,116812800
2011-09-15,0.7239280343055725,0.7273135255293526,0.694755725015288,0.7164602986789324,117686400
2011-09-16,0.7428454756736755,0.7459318130765391,0.724624838956183,0.7296027216473745,123110400
2011-09-19,0.7447369694709778,0.7561866230006685,0.697742594816351,0.7165606262900349,123724800
2011-09-20,0.7341828942298889,0.7735107055093269,0.7295032541434003,0.7554898667900785,119577600
2011-09-21,0.6968470811843872,0.7568835684595677,0.6962497420324137,0.7456326841078775,117225600
2011-09-22,0.6290435791015625,0.6614016368014675,0.5983782953365373,0.6438787233101163,167731200
2011-09-23,0.6486579775810242,0.6566227276715306,0.6117196288182425,0.6130138351914938,130752000
2011-09-26,0.670661449432373,0.6742457109281783,0.6153037116345369,0.6587138161616732,123494400
2011-09-27,0.6911712288856506,0.7228325284155794,0.6780288607114107,0.7059070136324841,129513600
2011-09-28,0.6586145162582397,0.7144692770777418,0.6566225885368854,0.7009282818656757,134592000
2011-09-29,0.6390997171401978,0.693560918352431,0.6049495258368409,0.6918682012614379,168278400
2011-09-30,0.589417576789856,0.6278488979712572,0.5874257058859805,0.6138108882520908,143731200
2011-10-03,0.5432194471359253,0.6005681037139147,0.5424232228709168,0.5726909112231453,205324800
2011-10-04,0.5762751698493958,0.5797600179403875,0.5102639352320122,0.5262938718373258,344640000
2011-10-05,0.6200829148292542,0.6257585191352714,0.5590505278483177,0.5722923132237018,260284800
2011-10-06,0.651943027973175,0.651943027973175,0.610226596318088,0.6192867237657625,228230400
2011-10-07,0.6385024189949036,0.6596095975074131,0.6262555713162863,0.6500514879895011,144182400
2011-10-10,0.7040157914161682,0.7040157914161682,0.6682722321483423,0.6710593593708054,108480000
2011-10-11,0.7190495729446411,0.7240274557240085,0.6957516960067447,0.6991362187607808,100473600
2011-10-12,0.7305985689163208,0.7541956542793662,0.7282090418533308,0.7404558879098784,129475200
2011-10-13,0.7502128481864929,0.7530009431881824,0.7237292214926411,0.7262181057432145,93580800
2011-10-14,0.7915316224098206,0.7915316224098206,0.7658441628481222,0.7786884053663609,95740800
2011-10-17,0.7548924684524536,0.787649094394732,0.7423474370611587,0.7802807165035119,547171200
2011-10-18,0.7822726964950562,0.7950165568972971,0.7304992645661679,0.752203837859079,142896000
2011-10-19,0.7371698021888733,0.7772938368180241,0.73030037485342,0.7722165405155234,121123200
2011-10-20,0.7278106212615967,0.7391609198354249,0.6954525567995749,0.7354771859309741,101587200
2011-10-21,0.7536976933479309,0.7678351164281815,0.7338847231751695,0.7498142773598861,94214400
2011-10-24,0.8007915616035461,0.8068647651895914,0.760069159734129,0.7625590695175112,98678400
2011-10-25,0.755390465259552,0.7937223133088975,0.748619483246683,0.792228424454531,100377600
2011-10-26,0.7524035573005676,0.7712206208859186,0.7094914253316976,0.7666403947109531,191846400
2011-10-27,0.8130372166633606,0.8263784701618827,0.7813759735629016,0.8048726728348603,165264000
2011-10-28,0.815726101398468,0.818911795757315,0.7981028046555344,0.7981028046555344,63580800
2011-10-31,0.7753030061721802,0.8036781815200474,0.7737096460602888,0.7939212436094807,78988800
2011-11-01,0.7152654528617859,0.7357762583369564,0.702621064249984,0.71934775392902,196435200
2011-11-02,0.7328888177871704,0.7418495309955531,0.7127766352591481,0.7358756842094145,121824000
2011-11-03,0.7774936556816101,0.7810779750833353,0.7248236729835236,0.7508102307720336,142780800
2011-11-04,0.7654456496238708,0.7757015375614303,0.7428454942124385,0.7660430456960475,79161600
2011-11-07,0.7824715375900269,0.7839645150062681,0.741750102855666,0.7655460184887324,111542400
2011-11-08,0.8085575699806213,0.8132362419592839,0.7727146037260839,0.7990988179559587,102950400
2011-11-09,0.724923849105835,0.7655458614175095,0.7190494177261862,0.761562974951374,111072000
2011-11-10,0.7219370603561401,0.7477239348734483,0.701924292689367,0.7461305748963807,88972800
2011-11-11,0.7624588012695312,0.7699265947316173,0.7390615077704685,0.7424469993862212,85766400
2011-11-14,0.749515950679779,0.7702245567907624,0.7408534244376376,0.757978737247303,56563200
2011-11-15,0.7736101746559143,0.7831682836693866,0.7407541321939856,0.7438404695905467,110054400
2011-11-16,0.735477089881897,0.7747055465331142,0.7317934134293438,0.7570823060487281,121046400
2011-11-17,0.6848993897438049,0.730797479514399,0.6710592392298924,0.7302000834385559,222960000
2011-11-18,0.6684707999229431,0.6869896771569425,0.664886537858826,0.6847989782798802,118099200
2011-11-21,0.6296409368515015,0.6438786841905437,0.6100267397404181,0.6425845351524637,136176000
2011-11-22,0.6351169347763062,0.6420866888084341,0.6141091131488193,0.6241652047751446,160329600
2011-11-23,0.5929026007652283,0.6238661356233856,0.5924046186968579,0.6220740040681029,155136000
2011-11-25,0.5794607996940613,0.606243633777062,0.5794607996940613,0.58643060904223,61776000
2011-11-28,0.6392986178398132,0.642186127356947,0.621476547221355,0.6218751151438132,131376000
2011-11-29,0.627749502658844,0.6532381359370165,0.6228710339212923,0.6373076119538019,117216000
2011-11-30,0.6966472864151001,0.699036813746696,0.6733493522039209,0.679124370837524,121228800
2011-12-01,0.7115816473960876,0.7171578362888018,0.6956520963212505,0.697444227075844,91737600
2011-12-02,0.7048118710517883,0.7330876326875626,0.7041150608475508,0.7325896506750338,64540800
2011-12-05,0.7279109358787537,0.7433425093714312,0.716858880635196,0.7386638373189457,94579200
2011-12-06,0.7223347425460815,0.7367713205178966,0.7158629137949609,0.7313948698193803,70012800
2011-12-07,0.7234299182891846,0.7327892544551619,0.694755596285599,0.7168587337393996,77040000
2011-12-08,0.6865912675857544,0.7252223338351347,0.6823101944558227,0.7088941517142061,129897600
2011-12-09,0.7191488742828369,0.7255212879102261,0.6908731189987543,0.6926652499505018,98121600
2011-12-12,0.6955517530441284,0.6976430946083738,0.6770329346020444,0.6969462845979598,107289600
2011-12-13,0.6720551252365112,0.7171579540220996,0.6633935667915062,0.7087946378138137,115795200
2011-12-14,0.6407924294471741,0.6660812625726938,0.629442133488037,0.6639909463098986,204969600
2011-12-15,0.6358135938644409,0.659111525355664,0.632627899619185,0.6589126971980771,153475200
2011-12-16,0.643779456615448,0.6710592533127362,0.6419872683503076,0.6462683411198408,140467200
2011-12-19,0.6259573101997375,0.6567220085966131,0.621078841939225,0.6525403504316772,99648000
2011-12-20,0.681513786315918,0.6836041595000258,0.6556275578117366,0.6556275578117366,133852800
2011-12-21,0.6531378030776978,0.6698645525883988,0.6292425280207387,0.6698645525883988,171859200
2011-12-22,0.6690682172775269,0.6700641811552762,0.6539348874103387,0.6557270184995939,100473600
2011-12-23,0.6863924860954285,0.6864919002030887,0.6689689815831514,0.6728514870404193,55459200
2011-12-27,0.6916694641113281,0.6989374608326664,0.6810159757916584,0.6838041282329262,69888000
2011-12-28,0.6694668531417847,0.6924656337450976,0.662895667166447,0.6899766923018323,100147200
2011-12-29,0.6825098991394043,0.6841022907677142,0.66568282431158,0.6713584291624664,67718400
2011-12-30,0.6769335865974426,0.6873882444897068,0.6765359872566468,0.6785269464431769,57811200
2012-01-03,0.715465247631073,0.726218091053692,0.7106861934497269,0.7150666797764524,101366400
2012-01-04,0.7240274548530579,0.727512360196031,0.7029202770629083,0.7120798183645568,59846400
2012-01-05,0.7418495416641235,0.7442390690187778,0.7118810071541729,0.7203437954722349,69398400
2012-01-06,0.749515950679779,0.7549918144291274,0.7346808076305102,0.7438403472558132,103747200
2012-01-09,0.7432430982589722,0.7568835090605684,0.7357763309598693,0.7556887169087271,76972800
2012-01-10,0.7584770321846008,0.7732117987407922,0.7532993515398116,0.7672380076096603,78652800
2012-01-11,0.7637537121772766,0.7686321227261339,0.7503121329634929,0.7584766768636131,68620800
2012-01-12,0.7728140354156494,0.7756011621478248,0.7524036104494608,0.7698271119979392,77164800
2012-01-13,0.7639526128768921,0.7649485767642727,0.7446375676535649,0.7608663326074109,77577600
2012-01-17,0.7844624519348145,0.7948176962110594,0.7765970604118595,0.7853590017421209,64512000
2012-01-18,0.8156257271766663,0.8164228629098131,0.7856571950787196,0.7901380641241362,106915200
2012-01-19,0.8319548964500427,0.8360371980140742,0.8234921649854192,0.8271758416744434,113395200
2012-01-20,0.8282710909843445,0.8289678440875836,0.8193103219451645,0.820803299199742,40089600
2012-01-23,0.8281708359718323,0.84609231983994,0.8144310677544732,0.8280714218792373,68832000
2012-01-24,0.8235915899276733,0.8306608155512911,0.813136929614465,0.8176177994516636,47798400
2012-01-25,0.8550528883934021,0.8612264740119697,0.8306606051911187,0.8495770813420358,101260800
2012-01-26,0.8459926843643188,0.8706851445243218,0.8340450505690311,0.8660054481019746,93542400
2012-01-27,0.8543561697006226,0.8580398459084354,0.8397207650074837,0.8411143282194002,84422400
2012-01-30,0.8557506799697876,0.8592346163976747,0.8227942581937879,0.8325521629152582,84336000
2012-01-31,0.858737587928772,0.8730748076939995,0.8428071221919943,0.8679965426789082,99100800
2012-02-01,0.8798449039459229,0.8894030133741079,0.8652085290252268,0.8734724891688431,87868800
2012-02-02,0.8889049291610718,0.8968696776103374,0.8779532576162828,0.8885063613078554,72595200
2012-02-03,0.9242499470710754,0.9274366099860869,0.9087179919353005,0.9134970462892587,77520000
2012-02-06,0.9233543276786804,0.9234537417646819,0.9074238043478708,0.9137962187751572,65414400
2012-02-07,0.9273362755775452,0.9337086902054963,0.9084197968799963,0.9209648294536142,65088000
2012-02-08,0.9427686929702759,0.9427686929702759,0.9186745949615658,0.9287306848173575,77443200
2012-02-09,0.963677167892456,0.9667635051708668,0.936994712778278,0.9530236812618672,76272000
2012-02-10,0.9430678486824036,0.9510326537970267,0.933310001034448,0.9432666768348303,97401600
2012-02-13,0.9684562087059021,0.972837606635208,0.951929258503031,0.9641750794208577,79603200
2012-02-14,0.9769190549850464,0.9769190549850464,0.9532234650003875,0.9629804592362297,86937600
2012-02-15,0.955115020275116,1.006888453540367,0.9519293257037373,0.9909580436754368,191932800
2012-02-16,0.9950400590896606,0.99902197721748,0.9501370301842881,0.958002420871997,126134400
2012-02-17,0.9865776300430298,0.9983254707174231,0.9737333287966926,0.995935886272364,80966400
2012-02-21,0.9949408173561096,1.0075852632781315,0.9761227853460573,0.9903605912004372,82185600
2012-02-22,0.9817984104156494,0.9975291948632949,0.9770193557141602,0.9888666668434724,62688000
2012-02-23,1.0004169940948486,1.0035033325115128,0.9707466933099349,0.9851833326597409,105072000
2012-02-24,1.0101737976074219,1.0160481743137937,1.003403839379751,1.0087801770492786,67286400
2012-02-27,1.0150519609451294,1.0247094255027664,0.9812009285600694,0.992849409136019,92409600
2012-02-28,1.0454192161560059,1.0454192161560059,1.0140571182262648,1.017143455758092,95990400
2012-02-29,1.031679630279541,1.0583630608008088,1.0221215191592428,1.0486050959873434,133046400
2012-03-01,1.0567694902420044,1.0592584316360343,1.0345669343411037,1.043726475669765,117321600
2012-03-02,1.0535836219787598,1.0641367830253878,1.044025513301734,1.0531850541110317,83126400
2012-03-05,1.0207276344299316,1.055873845681081,1.0109697860831968,1.0524882976489165,122227200
2012-03-06,0.9914558529853821,0.9976285271715314,0.9751267631952385,0.9920532489826867,107779200
2012-03-07,1.0139566659927368,1.0205279085043082,1.0008142949112382,1.0051956929605075,93619200
2012-03-08,1.0461158752441406,1.0553757985397625,1.025506680765365,1.0311813163569417,62380800
2012-03-09,1.0587602853775024,1.0652320564776376,1.049799573135598,1.0522894258104718,77472000
2012-03-12,1.0604530572891235,1.0642371732267493,1.045120955735937,1.0574661910343006,75753600
2012-03-13,1.1201913356781006,1.1203911893290606,1.0720031338172444,1.0790713900222866,95731200
2012-03-14,1.1327364444732666,1.1444853098461856,1.1115298524288402,1.123477432039638,121526400
2012-03-15,1.1413987874984741,1.148467954212706,1.125368909042078,1.142095540576349,98409600
2012-03-16,1.138910174369812,1.1471731099381846,1.1313429666049182,1.1469743956752847,69148800
2012-03-19,1.1637009382247925,1.171367502503173,1.1365204981725547,1.144584718828011,95980800
2012-03-20,1.1700732707977295,1.1737570042549388,1.1364201495010815,1.1458787874683973,92198400
2012-03-21,1.1696747541427612,1.189388369113754,1.1653936244412606,1.1711686431459383,78288000
2012-03-22,1.162605881690979,1.170770372861285,1.1481692427926453,1.1488661101151991,106608000
2012-03-23,1.161012887954712,1.1679817857934944,1.1410001804499905,1.1671855616985105,78748800
2012-03-26,1.221647024154663,1.221647024154663,1.1813241005274067,1.182618363703023,79276800
2012-03-27,1.226326584815979,1.2417591831111403,1.2224431117114702,1.2229411506440704,89625600
2012-03-28,1.2119892835617065,1.2426546230156834,1.1903841269623232,1.228616558117835,95184000
2012-03-29,1.1995439529418945,1.2115910046249205,1.1725623400350196,1.194864255035212,86150400
2012-03-30,1.19118070602417,1.2160719467233554,1.176942897202036,1.214677414666935,63225600
2012-04-02,1.2275214195251465,1.2329972273159961,1.181821133042294,1.187895362376228,62726400
2012-04-03,1.2276207208633423,1.2442481110752246,1.2066129580777725,1.2328978141777152,83750400
2012-04-04,1.1775399446487427,1.2015346852101418,1.1564327129449565,1.1988469160347717,102576000
2012-04-05,1.1990458965301514,1.202032762871038,1.1680813423580805,1.1710683226406144,77328000
2012-04-09,1.1714668273925781,1.1864013861754854,1.1480694810998833,1.153445931377061,71952000
2012-04-10,1.1149145364761353,1.1836134994858005,1.1041616335118687,1.1692763335140008,146716800
2012-04-11,1.131043791770935,1.1534460887687308,1.122780742830483,1.1457795244008555,84403200
2012-04-12,1.168977975845337,1.173657559404443,1.1335335771200172,1.1377152356693037,89145600
2012-04-13,1.1161088943481445,1.1582247943701671,1.1152133131969486,1.157228830649734,91660800
2012-04-16,1.0809637308120728,1.1353255074901594,1.0693142252360235,1.1347281115556984,100243200
2012-04-17,1.1446839570999146,1.1550393154854095,1.0884306258829208,1.0944044723095696,94627200
2012-04-18,1.1363205909729004,1.1560342035630253,1.1258669014044027,1.1344290458316775,64147200
2012-04-19,1.0995820760726929,1.1648955899171816,1.0857429521697448,1.1243730426809673,99600000
2012-04-20,1.0877339839935303,1.1304463807251801,1.0839508931593453,1.1155118201017753,85516800
2012-04-23,1.0603536367416382,1.0638385417137406,1.0299865952593779,1.059756240738083,70070400
2012-04-24,1.0416359901428223,1.0660292995173393,1.0285929769733,1.0536830394602352,64848000
2012-04-25,1.1243730783462524,1.126464363302136,1.101374299088855,1.1063521816840742,76204800
2012-04-26,1.1444852352142334,1.152251155757753,1.1200919246888292,1.122780605632319,71241600
2012-04-27,1.1640994548797607,1.1761465055665858,1.1407022206393802,1.1585232644554484,52464000
2012-04-30,1.139905333518982,1.1612123149623088,1.1374165052596512,1.1537445768257646,48086400
2012-05-01,1.1463768482208252,1.18371370368509,1.132139041528255,1.1336329304944297,52339200
2012-05-02,1.1539437770843506,1.1581254350256642,1.1213859808497757,1.12785775167835,38592000
2012-05-03,1.1181010007858276,1.160215882075422,1.1101352267547013,1.1579257690423999,50275200
2012-05-04,1.036059856414795,1.0927117555142232,1.0354624603778233,1.0875350448242118,91084800
2012-05-07,1.0375536680221558,1.0526870541622653,1.0152517578556124,1.0163461672600995,105523200
2012-05-08,1.0261040925979614,1.0366572536916958,0.9762221501302115,1.017641304898732,138240000
2012-05-09,1.0204284191131592,1.0333720757343738,0.9778154982590013,0.9911566972701262,134764800
2012-05-10,1.0099749565124512,1.0314807626829388,0.9988234854728122,1.0305841556980515,203068800
2012-05-11,1.0089788436889648,1.0420337724484794,0.9974298318720453,0.9978273742928391,48086400
2012-05-14,0.9811006784439087,1.0049959503137402,0.9771187598113121,0.9846849407389724,82200000
2012-05-15,0.9725382924079895,1.0135588692547428,0.9669630152085237,0.9922519010541562,75638400
2012-05-16,0.951431155204773,0.9908583762824343,0.9464523618856692,0.9828926032200975,74299200
2012-05-17,0.8928877711296082,0.9572053163871197,0.8924891463256593,0.9530236014757798,130320000
2012-05-18,0.8570449352264404,0.9072250657437582,0.8548542360938497,0.9012512189790013,140961600
2012-05-21,0.9291283488273621,0.9313191047843322,0.8592346653885143,0.8620227604053697,103204800
2012-05-22,0.9257438778877258,0.9484444155825843,0.9052331277679435,0.936098211269492,96619200
2012-05-23,0.9309205412864685,0.9380891227761112,0.878749454591654,0.9028435543905851,80976000
2012-05-24,0.9141937494277954,0.9380890768611989,0.8920906100071999,0.9358992895050957,77400000
2012-05-25,0.9090170860290527,0.9201675854437098,0.9010513692831579,0.9157870992464158,31248000
2012-05-29,0.9428682327270508,0.9566080574542297,0.9189729596852068,0.9349034265672267,70680000
2012-05-30,0.9199689030647278,0.9299256375363841,0.902644815181393,0.9179779435720204,62308800
2012-05-31,0.9068264365196228,0.9235531265704878,0.887112823288398,0.9167831129846539,83040000
2012-06-01,0.8355392217636108,0.875364051821741,0.8347420289789401,0.8598320952088081,112171200
2012-06-04,0.8534606695175171,0.8582397244419391,0.8202060562674023,0.842906595643821,114172800
2012-06-05,0.8652084469795227,0.8697887300471866,0.8444998385279575,0.8456945736077737,98241600
2012-06-06,0.924349308013916,0.9263412358341017,0.8821349543914253,0.8853206488156655,85862400
2012-06-07,0.9139950275421143,0.9530236865487678,0.9108092761626913,0.9520286911475334,85704000
2012-06-08,0.9408774375915527,0.9434657935261861,0.8996580701547091,0.9082202169074229,63192000
2012-06-11,0.8958747982978821,0.9629805073954666,0.8906971756094557,0.9603920948470416,90897600
2012-06-12,0.9241505265235901,0.9257438294845414,0.8871128270540453,0.9032421211431403,67497600
2012-06-13,0.9060301780700684,0.9376914828257363,0.8958746738232796,0.9169819064826905,48499200
2012-06-14,0.916185736656189,0.9259426736321971,0.8906971046818335,0.905034267890883,65707200
2012-06-15,0.9500367045402527,0.9532233672556035,0.9219597192417972,0.9225571152413176,84379200
2012-06-18,0.9745294451713562,0.9830926155649624,0.9337086544376816,0.9394836727764199,88334400
2012-06-19,1.006589651107788,1.0187360623535824,0.989464330158541,0.9908588624115688,81259200
2012-06-20,1.0101737976074219,1.021722925215418,0.9858799524546623,1.012164814338106,97214400
2012-06-21,0.9345048069953918,1.0101735662389069,0.9305228883877055,1.0061907360980744,77894400
2012-06-22,0.9635776281356812,0.9667634362411061,0.9356995283805198,0.9420719421828123,70022400
2012-06-25,0.906427800655365,0.9398811782474408,0.8990603915919939,0.9388861829312709,67080000
2012-06-26,0.9239518046379089,0.9317177830447906,0.9036407929538843,0.9155884301295377,68342400
2012-06-27,0.9408774375915527,0.9530239044117825,0.9317178946657805,0.9345050218428133,58492800
2012-06-28,0.9070252776145935,0.9215622383052873,0.880143080861316,0.9191727109710143,104592000
2012-06-29,0.9956374168395996,0.9956374168395996,0.9528247057423069,0.9617854739417518,123297600
2012-07-02,1.0036022663116455,1.0055932824722853,0.9816980121204151,0.9986244980267724,62553600
2012-07-03,1.0274978876113892,1.0290911338856243,1.0008144592532555,1.0053946862239849,46473600
2012-07-05,1.0310816764831543,1.046215059385317,1.0099744488760405,1.0267011912615813,59280000
2012-07-06,0.9904602766036987,1.0191346120416191,0.9711452247458998,1.0173425372902993,72624000
2012-07-09,0.9870747327804565,0.9994208822154059,0.9727374526973991,0.9892653752892132,48062400
2012-07-10,0.9568077921867371,1.01057218473651,0.94685111513158,1.0034036598320861,86332800
2012-07-11,0.9436653256416321,0.9621842041359618,0.9187740897714833,0.9550156225490406,110544000
2012-07-12,0.9163845777511597,0.9269386506222411,0.8902985493657954,0.920566236170073,107678400
2012-07-13,0.9562105536460876,0.9633791936731135,0.9215623737224097,0.9233545052437492,70560000
2012-07-16,0.9490417242050171,0.963179089932723,0.9378902560765745,0.9510326834197135,54369600
2012-07-17,0.9635776281356812,0.9733345642542663,0.9231544974323319,0.9663657799361014,86803200
2012-07-18,1.0028060674667358,1.0115670391424503,0.9574050008399514,0.9576038289785146,93720000
2012-07-19,1.035462498664856,1.0454191756103004,1.018536922660805,1.0243119411344719,108124800
2012-07-20,0.9956374168395996,1.0362594292804665,0.9936454893482914,1.0362594292804665,82363200
2012-07-23,0.9587986469268799,0.969352719522699,0.9151897617789438,0.9370941311741037,110894400
2012-07-24,0.9368942975997925,0.9679581496237991,0.9181766488222696,0.964175059331292,126096000
2012-07-25,0.9159860014915466,0.9355007870734113,0.9004540461193746,0.915388605445504,98337600
2012-07-26,0.9518288373947144,0.9697503186189913,0.9364966798620556,0.9572053444298976,115512000
2012-07-27,1.0239133834838867,1.0261041395667316,0.9657685042983623,0.974131821325502,135652800
2012-07-30,1.0177407264709473,1.0422333931170225,1.0085801605913591,1.0292897369687168,91617600
2012-07-31,1.0183382034301758,1.035462493583843,1.0151514834420343,1.0239133682263628,66374400
2012-08-01,1.0083816051483154,1.0400429185192004,0.9976288159096208,1.0394455223489947,75460800
2012-08-02,0.9978272914886475,1.0280949770664634,0.9759239478845477,0.9846849207129343,82915200
2012-08-03,1.0545787811279297,1.0760845847995923,1.0356623015589592,1.0466140315822139,97540800
2012-08-06,1.0782749652862549,1.0926122402145597,1.0649337680613853,1.0719026658533664,63806400
2012-08-07,1.104958415031433,1.1186981804384402,1.0880319301138428,1.0944043436603381,70300800
2012-08-08,1.1031663417816162,1.1113299177584954,1.0918160462921076,1.096793928231029,42964800
2012-08-09,1.1125249862670898,1.118101291605054,1.0977902773644574,1.1035642715001608,38750400
2012-08-10,1.1171053647994995,1.1171053647994995,1.0938073688968668,1.10336548015991,46675200
2012-08-13,1.1238751411437988,1.1238751411437988,1.0981876785596412,1.116308959451501,35952000
2012-08-14,1.1254684925079346,1.14338991959676,1.1161092110556552,1.1366199622457582,55080000
2012-08-15,1.1334329843521118,1.138610605902592,1.1218839748070943,1.1226800849669325,35827200
2012-08-16,1.1740552186965942,1.1824185358160684,1.1423939105502776,1.1471729651816414,69508800
2012-08-17,1.1901843547821045,1.1901843547821045,1.1742547452771002,1.1818209252389777,56803200
2012-08-20,1.1947648525238037,1.1955610768117368,1.1736576166276336,1.1879947811849207,45955200
2012-08-21,1.1810249090194702,1.2192573421722595,1.1668864608047387,1.2063137999206008,109113600
2012-08-22,1.193768858909607,1.2025307441092454,1.1633023422527924,1.1720643413940834,56875200
2012-08-23,1.1672850847244263,1.190384130129759,1.156930752779672,1.1804274544836952,54820800
2012-08-24,1.1879945993423462,1.1963580295101748,1.1523505785645465,1.1573283469020612,52118400
2012-08-27,1.193768858909607,1.207708480685515,1.1856052813276348,1.203526708094395,37689600
2012-08-28,1.1935698986053467,1.2031280070151513,1.1784365118105893,1.18998563643708,43828800
2012-08-29,1.193968653678894,1.202729627749269,1.178635524785015,1.1949637061767036,36868800
2012-08-30,1.157528042793274,1.1792325545670324,1.1517530256019486,1.178037762714214,62136000
2012-08-31,1.1822196245193481,1.19516316593321,1.1455804396694143,1.1828169065497665,84408000
2012-09-04,1.1772419214248657,1.1897868969192706,1.141996351309659,1.175051165350107,74812800
2012-09-05,1.1718653440475464,1.1899855963823276,1.1635019140142493,1.1746524704088286,50414400
2012-09-06,1.2493255138397217,1.2517149843743913,1.19396866785187,1.194566063970952,77328000
2012-09-07,1.2439491748809814,1.2519149509342367,1.2351881999166012,1.2429541222816327,54835200
2012-09-10,1.1981500387191772,1.2435511073804797,1.1953620009309143,1.2363825835580609,75302400
2012-09-11,1.1929723024368286,1.2118898018624733,1.1864011752210797,1.1975526416531745,70176000
2012-09-12,1.203326940536499,1.212088939475067,1.1806264595610385,1.2045217326777469,76944000
2012-09-13,1.2513171434402466,1.2670478112126728,1.201534677119425,1.2065134706713407,116808000
2012-09-14,1.2833763360977173,1.2983108977276299,1.2636627193038992,1.2664508717932483,143188800
2012-09-17,1.2857657670974731,1.2875578413563793,1.2724244533321458,1.2875578413563793,76161600
2012-09-18,1.2881550788879395,1.2909432307011701,1.2760086726928423,1.2760086726928423,50371200
2012-09-19,1.2967182397842407,1.3064751758817787,1.2779995662558241,1.289549601854325,68760000
2012-09-20,1.2937315702438354,1.2961211547743539,1.2678443665159997,1.2778010446876005,72460800
2012-09-21,1.2937315702438354,1.3152373752518534,1.2903461355894983,1.3126480509882623,72528000
2012-09-24,1.269836187362671,1.2776021085474147,1.2535070952531764,1.2612731303795723,69936000
2012-09-25,1.2188589572906494,1.289350101954163,1.2156732625412763,1.28138535234328,76574400
2012-09-26,1.1868001222610474,1.2144784878166537,1.1692762372000776,1.211890189130431,122400000
2012-09-27,1.2371788024902344,1.2449448369124108,1.1903842235587925,1.1957606738690247,91622400
2012-09-28,1.2075086832046509,1.235585730771583,1.2027296282483988,1.2238377761363786,78988800
2012-10-01,1.2023320198059082,1.245940908130646,1.189189533941386,1.2246339332192526,78249600
2012-10-02,1.2100979089736938,1.2274220529948303,1.1832156558173266,1.217066694144281,82521600
2012-10-03,1.2329968214035034,1.2399666298078558,1.2063135189453562,1.2210492457969122,79910400
2012-10-04,1.2473342418670654,1.257091178086377,1.2284168538921076,1.2415592239957387,76171200
2012-10-05,1.225829005241394,1.2704338677264735,1.2174655721613772,1.2656548119414686,58267200
2012-10-08,1.193371057510376,1.2128849304419678,1.1846091733755792,1.2057164061831236,52420800
2012-10-09,1.1320395469665527,1.183812917074143,1.1278577749971466,1.1826182390245197,91094400
2012-10-10,1.1182998418807983,1.1445847000919351,1.1131222192060386,1.1358228148243648,77904000
2012-10-11,1.1083431243896484,1.1459782790501565,1.1063522219507196,1.1453808829826635,71198400
2012-10-12,1.1081444025039673,1.1256673764952043,1.1007770486925803,1.1095380229507277,54590400
2012-10-15,1.1302472352981567,1.1352251169310152,1.0995818983723549,1.1196931645691977,58166400
2012-10-16,1.1794315576553345,1.1828169916432194,1.1352252780180934,1.1364200700481475,71371200
2012-10-17,1.175847053527832,1.1877946295447472,1.156133444855387,1.1609124980504761,66700800
2012-10-18,1.1356241703033447,1.1766447673654248,1.1230790782871118,1.1654932959380198,86760000
2012-10-19,1.0535836219787598,1.1336328676050824,1.0503970160448688,1.1318407934416672,142656000
2012-10-22,1.0701106786727905,1.0786737353742244,1.0458177495278562,1.0513930283252144,105566400
2012-10-23,1.0384491682052612,1.0673233435680032,1.030085852846773,1.04502040966786,141019200
2012-10-24,1.0280948877334595,1.062743170656459,1.0243117976752873,1.0575654350253687,103526400
2012-10-25,1.0280948877334595,1.0549771369179826,1.0193330041332753,1.0505966508844176,116812800
2012-10-26,1.038847804069519,1.0501980999007705,1.0047970305173983,1.029488524343827,96096000
2012-10-31,1.018735647201538,1.0390466553768023,1.0075852047471208,1.034467341020286,74102400
2012-11-01,1.061947226524353,1.0679210739117024,1.0292899510646314,1.037254815050553,91862400
2012-11-02,1.023117184638977,1.0778765108725248,1.023117184638977,1.0762841764673574,91713600
2012-11-05,1.0482070446014404,1.0537822079190897,1.0215236270346364,1.0288909780453843,75177600
2012-11-06,1.0545787811279297,1.0750895323292378,1.041834976759806,1.0527865928414062,91291200
2012-11-07,0.9789108633995056,1.0235148025217677,0.9659673201363855,1.0207276758843342,191865600
2012-11-08,0.9331113696098328,0.9938455210080219,0.9331113696098328,0.9856810314573933,155236800
2012-11-09,0.9432666897773743,0.9747291089249684,0.932712617841822,0.9345047488666672,218299200
2012-11-12,0.9446602463722229,0.9639762021129845,0.9360981021802774,0.961188164236443,82209600
2012-11-13,0.9241505265235901,0.9512315494858394,0.9155883248107024,0.9225571665918174,172867200
2012-11-14,0.8910955190658569,0.9406782426847639,0.8873114607268459,0.937292752150208,147475200
2012-11-15,0.883129894733429,0.902644678882362,0.872775562423333,0.8930865707308037,155198400
2012-11-16,0.8930866122245789,0.9012511575655746,0.8518672546631828,0.8841258996588731,186307200
2012-11-19,0.9574052095413208,0.9597946799153781,0.9223584096872552,0.9229558057661825,172790400
2012-11-20,0.9576038718223572,0.9623829256841723,0.9309204507835865,0.9572053039943852,109233600
2012-11-21,0.9643740057945251,0.9685556644526475,0.9496392421656316,0.9601923471364028,80380800
2012-11-23,1.0085803270339966,1.0085803270339966,0.9793086014298193,0.9818979255833062,64660800
2012-11-26,1.0215237140655518,1.022519677824216,0.9916546002855159,1.0016112753898656,98472000
2012-11-27,1.0099749565124512,1.0314807626829388,1.0059921255101973,1.0195330672678529,179894400
2012-11-28,1.0370558500289917,1.0390467524232367,0.9775164400938922,0.9960352620039394,140500800
2012-11-29,1.0549771785736084,1.0661286465156785,1.0400426204239914,1.0533838187319624,124588800
2012-11-30,1.0511940717697144,1.0581628560758032,1.0408388281454117,1.0553757297549249,114235200
2012-12-03,1.0460164546966553,1.077478930483347,1.0428307605239524,1.0750893465143236,168412800
2012-12-04,1.0392463207244873,1.048405860315399,1.021523725965195,1.0464149582495186,168374400
2012-12-05,1.007186770439148,1.0380518546374335,0.990460022094306,1.0378520009811447,218308800
2012-12-06,1.0257054567337036,1.0346661688216958,0.9896636662850999,0.998027096316644,153124800
2012-12-07,1.0081826448440552,1.045220286824906,0.9982258545343361,1.0426309630303376,120374400
2012-12-10,1.0171433687210083,1.0326753237049673,1.0000180538097068,1.0006154498408177,105220800
2012-12-11,1.0563706159591675,1.0740932089404862,1.0358607831535642,1.040042440481307,172488000
2012-12-12,1.0492023229599,1.0732974505677546,1.041436401655271,1.0728987687207705,150619200
2012-12-13,1.025506615638733,1.0659288917772358,1.0117668496810726,1.0442242637316186,169257600
2012-12-14,0.9964336156845093,1.01415620955707,0.9856807169057865,1.0059917226119022,137064000
2012-12-17,1.0352637767791748,1.036259740824258,0.9944429239298915,0.9980273006522609,96609600
2012-12-18,1.0832529067993164,1.0878331325748611,1.0428307450852077,1.0511940609697037,228163200
2012-12-19,1.0677212476730347,1.0932098841345608,1.0669251372614696,1.0920152057797219,180643200
2012-12-20,1.068518042564392,1.0760843363970805,1.0527863498169843,1.0744918881988175,145790400
2012-12-21,1.0352637767791748,1.0388480395598847,1.0055934826050936,1.0193332515491977,168312000
2012-12-24,1.0265015363693237,1.0316791575265092,1.0217224829991112,1.029886969784572,26212800
2012-12-26,1.0022087097167969,1.03367015893423,0.9920532060850273,1.0296882407547436,79281600
2012-12-27,0.9966326355934143,1.0079828185402495,0.959594878666523,1.0038011601975583,154075200
2012-12-28,0.9677594304084778,0.9976285472242747,0.9677594304084778,0.9761227466555767,82142400
2012-12-31,1.0308829545974731,1.0358608361966364,0.9589972989705174,0.963178956512389,211526400
2013-01-02,1.1270619630813599,1.1286542978607792,1.0936084621219961,1.1051575893665009,177360000
2013-01-03,1.1107325553894043,1.1344289969328978,1.0997808273909624,1.1268619051610727,155366400
2013-01-04,1.0997810363769531,1.1115299022767644,1.091616547068612,1.1115299022767644,76104000
2013-01-07,1.100975751876831,1.1051574103339175,1.0804659135321193,1.0902228507348104,91411200
2013-01-08,1.094603180885315,1.1079454040555925,1.0764829293588676,1.099581974395383,87518400
2013-01-09,1.1057547330856323,1.1145166173013095,1.095798056835239,1.0981875269630315,76996800
2013-01-10,1.1252695322036743,1.1310436388153495,1.0952006749043361,1.1276591163038412,117777600
2013-01-11,1.1294515132904053,1.1316413583194374,1.117702645478417,1.1240750614698154,53030400
2013-01-14,1.1149145364761353,1.1242738189157127,1.1007771102459576,1.111530013210224,73684800
2013-01-15,1.0983872413635254,1.1033651236075304,1.0840500791020138,1.0995820333707274,108422400
2013-01-16,1.1107325553894043,1.123078701100061,1.0977899252267587,1.1047587094804567,76108800
2013-01-17,1.1278581619262695,1.1406020824773968,1.1198934109797458,1.125667519288035,115310400
2013-01-18,1.1214855909347534,1.1234774048730318,1.1049585828620232,1.116906276125566,103022400
2013-01-22,1.126065731048584,1.1274592372896333,1.1033651383744814,1.124472371173291,126283200
2013-01-23,1.1443856954574585,1.155934819671182,1.1394069017356465,1.144185955769745,112540800
2013-01-24,1.0987849235534668,1.1302474006785985,1.0938070411922332,1.0995820592657721,123062400
2013-01-25,1.1151139736175537,1.1250697379803762,1.1031663955206796,1.1101351799030568,85204800
2013-01-28,1.12307870388031,1.1342301715900902,1.111927350112164,1.116507575911671,124795200
2013-01-29,1.12307870388031,1.130645909612502,1.0963953962871036,1.1184984780808032,106944000
2013-01-30,1.1169062852859497,1.139009369880642,1.1085428543562177,1.13044631318302,79579200
2013-01-31,1.1097376346588135,1.1324382290155692,1.1057548043835517,1.1151140852200636,101716800
2013-02-01,1.1461780071258545,1.1537441883318602,1.118698358008391,1.1322383858870322,143035200
2013-02-04,1.0878329277038574,1.1376144736854712,1.0872356457745649,1.1268616898340282,137112000
2013-02-05,1.1356241703033447,1.1457796775768012,1.094603573241265,1.101374557093043,140044800
2013-02-06,1.1250696182250977,1.140004174712745,1.1149141152558326,1.1240745660262557,125486400
2013-02-07,1.1278581619262695,1.1316413673521148,1.0910193372463826,1.128455558126845,109286400
2013-02-08,1.162107229232788,1.1694756059870797,1.1433895833656746,1.1459779951725535,101956800
2013-02-11,1.1617101430892944,1.166090630433177,1.1519521788252782,1.1646970099180767,55531200
2013-02-12,1.148168921470642,1.1656918937852125,1.1457794511417574,1.1597180470505266,64771200
2013-02-13,1.1615101099014282,1.174055084142911,1.150558381571105,1.1585231298856202,93403200
2013-02-14,1.1591206789016724,1.1652942654963976,1.143191066228173,1.145580650556263,68500800
2013-02-15,1.1491649150848389,1.1682811339758563,1.140204201722381,1.1607140409627776,59299200
2013-02-19,1.1742547750473022,1.1754495670039868,1.1555362158037337,1.1573282897971282,63648000
2013-02-20,1.120689034461975,1.1748519780900368,1.120689034461975,1.1740548425611146,81979200
2013-02-21,1.0842492580413818,1.111131517192342,1.0723016759289237,1.1085431041836853,132643200
2013-02-22,1.1161088943481445,1.1169060299376823,1.091218574842235,1.1029664118667777,66182400
2013-02-25,1.0744919776916504,1.14996099365273,1.0726999036112035,1.1388095255542217,120302400
2013-02-26,1.087435007095337,1.0938074234133286,1.0585618436460538,1.081063616252462,84230400
2013-02-27,1.120490550994873,1.1408015614038933,1.083651620796049,1.0888292432533653,85536000
2013-02-28,1.1163090467453003,1.1455807742757549,1.1155119108610372,1.1204907058294131,81758400
2013-03-01,1.1278581619262695,1.133035899509056,1.0860414533610612,1.1025693769297569,61608000
2013-03-04,1.1423938274383545,1.1429912234665192,1.1125247096799689,1.1167064818771222,75484800
2013-03-05,1.19257390499115,1.1977515269235226,1.163302184473369,1.16449697648021,114043200
2013-03-06,1.185007929801941,1.2057165980526563,1.1800291351638528,1.2047215455633111,103809600
2013-03-07,1.1953624486923218,1.1995441081453797,1.1822200741339008,1.188392636464977,55142400
2013-03-08,1.1967557668685913,1.211093045508899,1.1842107904853927,1.2063139906093487,84859200
2013-03-11,1.209101915359497,1.2095004832365537,1.1828170589116516,1.1945659238364488,61939200
2013-03-12,1.1943660974502563,1.20611496152238,1.1784364868133506,1.1983489273906236,89054400
2013-03-13,1.1905829906463623,1.2045215849150104,1.1784364704280963,1.198747478571091,80419200
2013-03-14,1.2027294635772705,1.2100978416998946,1.1947647148989802,1.2033268596077171,77169600
2013-03-15,1.1913795471191406,1.2075087877798132,1.1834146827189131,1.2047216606451558,79944000
2013-03-18,1.1832154989242554,1.1985477130113713,1.1519518516994438,1.1603152815400257,107371200
2013-03-19,1.1784367561340332,1.2017347499122035,1.1459784223119647,1.1945661101477671,143750400
2013-03-20,1.200937271118164,1.2096991546626383,1.1860027136531932,1.2025305169451346,76742400
2013-03-21,1.162506103515625,1.178436627588682,1.153346562062506,1.1708695346521176,107371200
2013-03-22,1.1945658922195435,1.1975528723854947,1.1720642408332105,1.1756485030907093,71380800
2013-03-25,1.1824185848236084,1.2138810660944708,1.1650945537950066,1.2063139729124663,114465600
2013-03-26,1.2005397081375122,1.2021320425551982,1.187794879947469,1.1963580499529627,61915200
2013-03-27,1.2069114446640015,1.2085048050157514,1.1718657207259435,1.1778395686866052,95899200
2013-03-28,1.213881015777588,1.2186600704089308,1.197751663668687,1.2061150947297745,133348800
2013-04-01,1.1903842687606812,1.2206510439893379,1.1804275919550729,1.2176640637359848,124814400
2013-04-02,1.217266321182251,1.22941272654604,1.2041238381117565,1.206114854108894,168888000
2013-04-03,1.185007929801941,1.2246339895158993,1.1758474763571465,1.219854934602284,88603200
2013-04-04,1.1856052875518799,1.194167433079506,1.1664890685158709,1.183813099289134,94968000
2013-04-05,1.1565321683883667,1.1611123940805959,1.1212866035996398,1.129649919332005,169142400
2013-04-08,1.1742547750473022,1.1750509991740723,1.1471727860485739,1.1575281434202471,111801600
2013-04-09,1.1973530054092407,1.2118900218604491,1.1672851735094074,1.1840118064858804,166310400
2013-04-10,1.2674463987350464,1.2728227342412264,1.2085042829422639,1.2098979029396377,91224000
2013-04-11,1.2652559280395508,1.2750128654008857,1.2545030267226924,1.258883513425598,83779200
2013-04-12,1.263861894607544,1.266251478093158,1.2347890086712798,1.2570909143179858,109296000
2013-04-15,1.1869986057281494,1.255498714993523,1.1848078501203254,1.2481303380420086,101923200
2013-04-16,1.236581802368164,1.2397674974578021,1.2019336224360206,1.210495769061825,96859200
2013-04-17,1.1642979383468628,1.2041237237037392,1.1423935740939941,1.2033265881542075,157809600
2013-04-18,1.1139193773269653,1.1740552765100316,1.1003784370171859,1.1740552765100316,126835200
2013-04-19,1.1601166725158691,1.168081422085238,1.1165077828891843,1.1228801978296163,91507200
2013-04-22,1.1957608461380005,1.208703479095281,1.160315533273754,1.1728605098438447,80544000
2013-04-23,1.231006145477295,1.243152551425349,1.1983488783116174,1.2176639220921868,136483200
2013-04-24,1.2280192375183105,1.2421566603875538,1.2132835070997718,1.2214481092236191,112089600
2013-04-25,1.247931718826294,1.2624677100210397,1.2377762141059236,1.239966970080506,96254400
2013-04-26,1.2373775243759155,1.2477327677770598,1.2212482887722123,1.2401656761114188,45940800
2013-04-29,1.2702338695526123,1.2849696018981933,1.247931841643009,1.247931841643009,68548800
2013-04-30,1.2981117963790894,1.2993065884040749,1.261472722990346,1.2760087136250504,61948800
2013-05-01,1.2815839052200317,1.3054792904604497,1.2728229324228406,1.2981118239359812,64344000
2013-05-02,1.3279809951782227,1.3369417080344563,1.283575884832665,1.2865628650791736,48758400
2013-05-03,1.3743780851364136,1.3877192850705922,1.3650188040504496,1.367209446216466,66998400
2013-05-06,1.3920998573303223,1.3980737044736546,1.3793560526850683,1.3823429192859058,48504000
2013-05-07,1.388715147972107,1.4016577790721294,1.3743779851172364,1.3986709128721473,52137600
2013-05-08,1.4104198217391968,1.412610463814673,1.3807495312049238,1.3853297574688368,42652800
2013-05-09,1.4054418802261353,1.431726735489032,1.3952863757342189,1.4000654299691417,55459200
2013-05-10,1.4293370246887207,1.4307306447722976,1.405242015954043,1.4116143155856449,63513600
2013-05-13,1.4349124431610107,1.4444705517197178,1.4177871283496584,1.4223673544641817,66643200
2013-05-14,1.4560192823410034,1.469361504195412,1.434314771067422,1.434713338853503,66960000
2013-05-15,1.4667726755142212,1.4693619996974883,1.4375009495733846,1.4494486439720216,65683200
2013-05-16,1.4613959789276123,1.490867553586024,1.4580114564801303,1.4697594091783406,77702400
2013-05-17,1.5026154518127441,1.504208811756818,1.4689632431426607,1.4823044423082588,75000000
2013-05-20,1.4958454370498657,1.5103813137843238,1.477923898448965,1.4908675547175934,75681600
2013-05-21,1.5014208555221558,1.5169528126945675,1.478122976734367,1.4948497261373472,80457600
2013-05-22,1.4647815227508545,1.5416449570818542,1.4382978397683692,1.5061996502685044,158491200
2013-05-23,1.448851227760315,1.464781752601388,1.4138053948331715,1.4227661085370222,72868800
2013-05-24,1.4480549097061157,1.4490508736623993,1.4098224729429125,1.421770052460589,33873600
2013-05-28,1.4779243469238281,1.515360681426235,1.4635871800574902,1.498633929778004,80908800
2013-05-29,1.4556223154067993,1.4715518159187408,1.4307310750714963,1.4596042347681253,79819200
2013-05-30,1.4793176651000977,1.4986336233936302,1.4560196740064333,1.4560196740064333,43060800
2013-05-31,1.437103033065796,1.4952480204442067,1.4341161669775984,1.460998417537927,61665600
2013-06-03,1.4454665184020996,1.4462626286544502,1.3899099410837794,1.4402888962499512,111316800
2013-06-04,1.423761010169983,1.4715515541546464,1.4054419283215736,1.4536301286458087,69278400
2013-06-05,1.369200348854065,1.4249557537205007,1.364421294618375,1.4088264029469315,95280000
2013-06-06,1.3859270811080933,1.38712175919825,1.3341535953022703,1.3729834248025388,95472000
2013-06-07,1.4438731670379639,1.4482536534889447,1.393891867906011,1.4060393003686336,116544000
2013-06-10,1.444470763206482,1.4651803432740547,1.4367047276519715,1.453032909128365,67665600
2013-06-11,1.4026538133621216,1.4410850777356832,1.3881178216126346,1.4016578494205483,111052800
2013-06-12,1.3540669679641724,1.4285400222443425,1.3474957256328541,1.4283411940804476,111744000
2013-06-13,1.4026538133621216,1.4132078863533246,1.3371405563647234,1.3480931972391919,75849600
2013-06-14,1.3779622316360474,1.409423797430536,1.370793707261158,1.4046447432000628,62169600
2013-06-17,1.4161947965621948,1.4406874640325182,1.3952863913226978,1.409822382352848,79425600
2013-06-18,1.449648380279541,1.4598038863119307,1.4219689890777516,1.42256638519044,50702400
2013-06-19,1.4040473699569702,1.4570155352102159,1.3982732632857142,1.4518379130370265,87854400
2013-06-20,1.3005014657974243,1.3690015883878868,1.2895497365771373,1.354664424971847,120628800
2013-06-21,1.2821812629699707,1.3128475153857329,1.2499226761650049,1.3014973330711617,118492800
2013-06-24,1.2425552606582642,1.2734203424939234,1.2118900324635955,1.2511175193275241,110568000
2013-06-25,1.2690387964248657,1.2859652812134588,1.2491263573006783,1.2791942998964823,66211200
2013-06-26,1.3036870956420898,1.3114530160459104,1.2899473289590622,1.303089699620005,59932800
2013-06-27,1.3182240724563599,1.34530515343367,1.3182240724563599,1.3239981793654,56841600
2013-06-28,1.3218084573745728,1.3498853885299624,1.2995055192240708,1.3078688361763893,78038400
2013-07-01,1.3500841856002808,1.382940170534533,1.3466986374956629,1.3538672761050945,51945600
2013-07-02,1.3506814241409302,1.3767674492404627,1.3309678126908877,1.3492878040406762,62188800
2013-07-03,1.3690016269683838,1.387320709614972,1.3343534525844392,1.3377379753424021,26884800
2013-07-05,1.3992682695388794,1.4008616294139693,1.3592436483001478,1.3915022353307578,57220800
2013-07-08,1.4038485288619995,1.4229647459179684,1.3889139700443187,1.4213713860050468,44140800
2013-07-09,1.4295358657836914,1.4384965775182634,1.4044458045619113,1.4231634521527339,42158400
2013-07-10,1.4536302089691162,1.460401191572211,1.4243584849183353,1.4243584849183353,50433600
2013-07-11,1.5442333221435547,1.5442333221435547,1.4978362882531167,1.500027044074854,76512000
2013-07-12,1.560362696647644,1.5637481305685528,1.5318870863585354,1.5446319142324358,41755200
2013-07-15,1.5725089311599731,1.5743011189737022,1.5525964928404798,1.5653402938466812,45811200
2013-07-16,1.5663361549377441,1.5790800690503979,1.5535923547667074,1.575296979477518,42609600
2013-07-17,1.5774879455566406,1.5876434500416792,1.5641458352089415,1.5796777899473322,39552000
2013-07-18,1.565937876701355,1.588240812967654,1.5581719564648058,1.576690776983991,50568000
2013-07-19,1.5183473825454712,1.5259135646224022,1.5028154249854317,1.525316168492209,54297600
2013-07-22,1.5292989015579224,1.5402505167597398,1.5159577021660378,1.5344765238724776,42926400
2013-07-23,1.4952481985092163,1.5382596905862251,1.4928586142007791,1.5382596905862251,43214400
2013-07-24,1.5093865394592285,1.541445390425505,1.500226086440396,1.5396533161297663,52872000
2013-07-25,1.5366661548614502,1.5438347930255776,1.5077930019296475,1.5316882725740084,40555200
2013-07-26,1.5621551275253296,1.563349919804647,1.5133686116920637,1.5201395950220693,38827200
2013-07-29,1.5549863576889038,1.5735051793452766,1.5416450443914427,1.5541901334720887,36172800
2013-07-30,1.5780854225158691,1.5985952607007112,1.5619560709285631,1.5721115759344617,60480000
2013-07-31,1.5880411863327026,1.6143260429013637,1.5786828170940639,1.5880411863327026,55089600
2013-08-01,1.6364291906356812,1.6428016053377827,1.6151232413599108,1.6202998384372775,38798400
2013-08-02,1.6637099981307983,1.6643073942006876,1.6260748433193182,1.6376239689428131,48552000
2013-08-05,1.6672940254211426,1.6704797195584646,1.6515632434690453,1.657934745685323,39720000
2013-08-06,1.6376240253448486,1.664706019426457,1.6169153576641808,1.6599269646443946,46910400
2013-08-07,1.628265619277954,1.636429196760571,1.5924226522390088,1.6222917724478547,60292800
2013-08-08,1.6499699354171753,1.6629134766372444,1.6201008209116927,1.6553462712018632,65299200
2013-08-09,1.6322472095489502,1.6609215318305726,1.617910048408139,1.6449920364349964,49267200
2013-08-12,1.64240300655365,1.651563459335932,1.6125338870183679,1.612733626728395,34411200
2013-08-13,1.6696836948394775,1.6818301014996575,1.614325946851618,1.6491738578940884,77241600
2013-08-14,1.6511647701263428,1.675856265392522,1.6447923560123174,1.6686877410380996,47184000
2013-08-15,1.5683276653289795,1.5972017335800597,1.554587897149521,1.5968031656775523,66441600
2013-08-16,1.5627524852752686,1.589435912993987,1.557574862289312,1.5687263325834424,35088000
2013-08-19,1.556579828262329,1.605365431943432,1.55638008852944,1.5683277832877287,45057600
2013-08-20,1.5778857469558716,1.5993915499465612,1.562353790789446,1.5673325851748632,44376000
2013-08-21,1.5621551275253296,1.6031757214263582,1.545029923443997,1.5641461441464237,79843200
2013-08-22,1.606759786605835,1.6101443093502252,1.5790805115021112,1.58047504334525,35630400
2013-08-23,1.6406103372573853,1.6451906762470012,1.6236848800267951,1.6422036968044087,38256000
2013-08-26,1.642005205154419,1.678644392389128,1.6316499611594544,1.6428014293246267,37459200
2013-08-27,1.5386581420898438,1.6071573508781467,1.5302948255262612,1.5840592150409138,100065600
2013-08-28,1.558570384979248,1.5782839957544725,1.5358697944249724,1.537661982292403,51019200
2013-08-29,1.5908292531967163,1.6145258117549766,1.5514020246027547,1.5579732673489644,64732800
2013-08-30,1.5611591339111328,1.596404707892512,1.5442336698854515,1.5954097693091047,60998400
2013-09-03,1.5868463516235352,1.6202997320316754,1.5669339100442266,1.5989937841550736,42849600
2013-09-04,1.6386197805404663,1.6449921945961783,1.590033014634757,1.6019805930966768,41539200
2013-09-05,1.645788550376892,1.6597271471218513,1.6390185929319394,1.641009495490773,24225600
2013-09-06,1.6517622470855713,1.6774497074878723,1.5964044960510126,1.6619177520366752,61060800
2013-09-09,1.709907054901123,1.7178728289774303,1.6712769645264067,1.6712769645264067,47140800
2013-09-10,1.7357943058013916,1.7419669804548843,1.716678088206867,1.739976078099133,75964800
2013-09-11,1.72703218460083,1.7278284087040687,1.6937776365363133,1.701543556141986,53059200
2013-09-12,1.7192662954330444,1.7373865469504908,1.7111016939230612,1.72623599105887,33460800
2013-09-13,1.724841594696045,1.730616612773841,1.697163233351163,1.727629746624931,40430400
2013-09-16,1.7103055715560913,1.767853163009148,1.698955389251731,1.767255767002344,66187200
2013-09-17,1.744555115699768,1.7507287013090544,1.7200624499546688,1.7200624499546688,33470400
2013-09-18,1.8086751699447632,1.8174361436850346,1.7417682891643151,1.751923794802196,63753600
2013-09-19,1.8198256492614746,1.8329681356006846,1.8110646753519355,1.8230123694890983,35702400
2013-09-20,1.7999128103256226,1.8383441829510179,1.7979219082120599,1.8337648688123995,54076800
2013-09-23,1.7897579669952393,1.8295838859315117,1.764269328741689,1.825202372847403,67444800
2013-09-24,1.7901560068130493,1.8186305903295132,1.7722344693586,1.8021035845077167,41001600
2013-09-25,1.773229718208313,1.8011078203723923,1.7608843689081386,1.792744503664813,54331200
2013-09-26,1.8138519525527954,1.8250033086819146,1.790952527831487,1.794138222648171,44510400
2013-09-27,1.8052895069122314,1.8152461837321965,1.7736283137725573,1.7837838187653094,36600000
2013-09-30,1.7939389944076538,1.8060853995561765,1.7322097515597328,1.7499314343796162,61646400
2013-10-01,1.8477039337158203,1.850093404263099,1.7913511233877073,1.793143311754411,43944000
2013-10-02,1.8443182706832886,1.8526817019337105,1.804692212412754,1.8082765889236432,43156800
2013-10-03,1.7801992893218994,1.8490970623111802,1.7509275689646848,1.8377468801333623,80788800
2013-10-04,1.8259989023208618,1.8333663684342227,1.776216434728521,1.7792033007460843,46056000
2013-10-07,1.780796766281128,1.8228124048238947,1.7764162798669287,1.7796020881681645,49670400
2013-10-08,1.6800382137298584,1.7845801424761631,1.6760562945405175,1.7801996553604102,117388800
2013-10-09,1.661519169807434,1.6915880280570688,1.6206983221836553,1.6891985578230264,109224000
2013-10-10,1.767057180404663,1.7780089102988812,1.7136913537040193,1.7146862922209964,72360000
2013-10-11,1.8068829774856567,1.8120596886186857,1.7529188431970095,1.7537159790032886,65073600
2013-10-14,1.8443182706832886,1.8459116307547576,1.7702428652497033,1.7748230918052608,70478400
2013-10-15,1.8246046304702759,1.8688109146865588,1.8180335015075975,1.8407339827218205,81038400
2013-10-16,1.8869322538375854,1.8897193806531087,1.84611049115124,1.8490973576874457,64651200
2013-10-17,1.917398452758789,1.9209828287371873,1.8568630847345258,1.8600496904624126,83184000
2013-10-18,2.0121824741363525,2.01437334399241,1.9552323914592633,1.9707644600726588,67555200
2013-10-21,2.023732900619507,2.040459764497144,2.0064089824325357,2.023732900619507,49684800
2013-10-22,2.0307016372680664,2.0673416267157223,1.9962532015727623,2.046034765502129,78830400
2013-10-23,1.9980450868606567,2.015766886230022,1.9681759690222236,2.0044167034893996,80592000
2013-10-24,2.022935152053833,2.035878920946519,1.991672531929169,1.9994385653815254,54273600
2013-10-25,2.063359260559082,2.0938256685414878,2.037671794195153,2.080882122454612,70233600
2013-10-28,2.067540168762207,2.0766997085850916,2.0404592055853112,2.066345376820838,41625600
2013-10-29,2.0774970054626465,2.0936263560979826,2.051012410726372,2.08745277017473,42052800
2013-10-30,2.070925712585449,2.109158145208576,2.043246326491805,2.0999976933656916,99331200
2013-10-31,2.057583808898926,2.0956175311193648,2.035083067948646,2.056986298894959,70891200
2013-11-01,2.056588888168335,2.0848646478677137,2.0287105569418427,2.075505252907904,81566400
2013-11-04,2.0665442943573,2.078890554927311,2.045835856674502,2.078890554927311,45820800
2013-11-05,2.0753066539764404,2.0888474803359403,2.0261223710077902,2.043246662438026,66062400
2013-11-06,2.0717217922210693,2.1019894744278163,2.053004145061241,2.099400264850768,81955200
2013-11-07,1.9568257331848145,2.081877365695529,1.9508520009325336,2.0729167673171074,116467200
2013-11-08,2.0340869426727295,2.036077958989678,1.9608076520741764,1.9773355714327254,59040000
2013-11-11,2.0243301391601562,2.0418529971386863,2.0048153533122175,2.021343272830864,31747200
2013-11-12,2.0342860221862793,2.0432466216925778,2.00322210922117,2.0066075436268456,54388800
2013-11-13,2.107166290283203,2.107763800247916,1.994261062580299,1.9956557082645263,63235200
2013-11-14,2.123495578765869,2.1318588955366127,2.0786919007369224,2.090241025912434,59409600
2013-11-15,2.138230800628662,2.1402227289540083,2.1139379802032443,2.1306646177825175,44601600
2013-11-18,2.0790903568267822,2.151174654970102,2.065550210131553,2.1370363144065356,71923200
2013-11-19,2.058579444885254,2.1027858373676827,2.049021336765171,2.073514003065588,51096000
2013-11-20,2.0442423820495605,2.098604164322467,2.026122015841863,2.076500854297448,62932800
2013-11-21,2.1067683696746826,2.111347683646729,2.064553224911926,2.0683363147974667,43296000
2013-11-22,2.1400225162506104,2.142014444241792,2.1121453233562932,2.117919430602668,43507200
2013-11-25,2.154160499572754,2.170090905774856,2.1394246573467255,2.1613290228454276,46291200
2013-11-26,2.189805269241333,2.204938544268791,2.1426120024882853,2.1581438454295943,53356800
2013-11-27,2.233612298965454,2.236400450578589,2.196973229381491,2.20254839319149,68947200
2013-11-29,2.270251750946045,2.2835940898339753,2.2549197630319906,2.2604949277810595,45811200
2013-12-02,2.2561142444610596,2.292952260978919,2.2453615717027735,2.2831954381719677,82968000
2013-12-03,2.2495431900024414,2.26726476115569,2.22345716305643,2.249940618442779,67272000
2013-12-04,2.255317449569702,2.2776203899510237,2.199363435312535,2.2212666683532123,66998400
2013-12-05,2.2483484745025635,2.268260916187677,2.2294309712518423,2.2626855236691603,63240000
2013-12-06,2.2947442531585693,2.3096788115291584,2.262884348118968,2.3025102873185928,71294400
2013-12-09,2.3222243785858154,2.3377562214627234,2.311272534507858,2.321826722206864,56304000
2013-12-10,2.318042755126953,2.331185013797363,2.3051001222406513,2.3104765732959645,46502400
2013-12-11,2.231421709060669,2.327600294426596,2.219474017657358,2.3166484528665485,74232000
2013-12-12,2.213301658630371,2.2477510037263033,2.2063318481524417,2.232219162211043,53673600
2013-12-13,2.2027475833892822,2.2459588108869566,2.1911984587738296,2.242573376883658,40603200
2013-12-16,2.2405824661254883,2.277221541560946,2.2308245036292433,2.2346087335501363,37483200
2013-12-17,2.226444721221924,2.2549203410927943,2.2133022326122997,2.2405830600747176,36480000
2013-12-18,2.3033080101013184,2.308883403751034,2.135642391341987,2.2322195761757673,80798400
2013-12-19,2.2825987339019775,2.292156845859007,2.2533271157325463,2.2905634853744554,58588800
2013-12-20,2.351296901702881,2.367624966273601,2.2919572361868012,2.293948252364585,56875200
2013-12-23,2.427363395690918,2.427363395690918,2.3899280954727544,2.4096418234593675,56251200
2013-12-24,2.43074893951416,2.4347318839041248,2.4158143792932694,2.4275633588054224,19003200
2013-12-26,2.4544453620910645,2.4600205265577095,2.429553899204199,2.442297815920659,27907200
2013-12-27,2.4365234375,2.467188775653016,2.42696533011662,2.4628084037167377,36969600
2013-12-30,2.423779010772705,2.4343331976078724,2.4044640786188185,2.423779010772705,26539200
2013-12-31,2.4713709354400635,2.4713709354400635,2.43532914031944,2.437917666743957,32088000
2014-01-02,2.413623809814453,2.4393112723990287,2.3923178596508214,2.4375191980411826,49488000
2014-01-03,2.361053705215454,2.419995713943347,2.359660198997124,2.4132257576499456,48772800
2014-01-06,2.335963726043701,2.3704130679502757,2.308683819714868,2.3630456018103447,62961600
2014-01-07,2.3964991569519043,2.409441787649079,2.354283779953019,2.3662314722643525,46156800
2014-01-08,2.4144206047058105,2.434731613465502,2.3847502018009,2.4000835561008986,46632000
2014-01-09,2.3895297050476074,2.44249799027657,2.366032884754395,2.439908552215957,52780800
2014-01-10,2.413424491882324,2.421588865223962,2.355279623853588,2.4090438920903714,59971200
2014-01-13,2.3060944080352783,2.428557727538343,2.2790134461733595,2.4036674073652806,86553600
2014-01-14,2.4381163120269775,2.442895480495998,2.329791303956484,2.3303885860734637,69038400
2014-01-15,2.495067834854126,2.5121923565649222,2.461215992099793,2.4669910117840743,60264000
2014-01-16,2.500243902206421,2.509603068273611,2.4793353839246883,2.49168164394875,35256000
2014-01-17,2.455838918685913,2.497058219492371,2.438316061327061,2.4765484959098543,42230400
2014-01-21,2.510798215866089,2.5149798745379988,2.449666467982277,2.5026338406487305,44011200
2014-01-22,2.5340960025787354,2.5488318481727643,2.509006051448236,2.5303129119455163,39216000
2014-01-23,2.503629446029663,2.5090058963514617,2.4532506047635665,2.5078111042929194,64526400
2014-01-24,2.3552803993225098,2.479535835434843,2.354881603496679,2.466393348082098,70824000
2014-01-27,2.2867796421051025,2.3692184730685963,2.238192873812135,2.358067004291873,88864800
2014-01-28,2.2859835624694824,2.2919575232842515,2.242175048222218,2.2513355012770373,54748800
2014-01-29,2.2138991355895996,2.275230732280802,2.197570842213321,2.225448032759482,68248800
2014-01-30,2.33058762550354,2.3564747131638812,2.2855850025854267,2.2935499798553107,58219200
2014-01-31,2.3142590522766113,2.347712314101036,2.2485468647668756,2.2549193921078716,42266400
2014-02-03,2.160931348800659,2.334570934000953,2.1374345254599936,2.301515999715776,91963200
2014-02-04,2.20314621925354,2.2274399449196918,2.168497932804519,2.187614150195949,45336000
2014-02-05,2.182835102081299,2.208323618562136,2.110750608610177,2.180445518054458,54256800
2014-02-06,2.2664690017700195,2.2760271121435975,2.201553245780727,2.2051373947437396,36988800
2014-02-07,2.3867413997650146,2.3939099246133737,2.2867797082398478,2.306294494309378,55728000
2014-02-10,2.4305500984191895,2.4337359068449596,2.3827595537832544,2.3879361506501926,41642400
2014-02-11,2.5137851238250732,2.527723605225593,2.438514817546083,2.444488550096287,58752000
2014-02-12,2.5257327556610107,2.5448489745435627,2.5058203125124834,2.5289185642581318,54225600
2014-02-13,2.5906484127044678,2.5906484127044678,2.4707733776773866,2.471569601844859,53253600
2014-02-14,2.598214864730835,2.617331083245902,2.5595847713419673,2.587064306971963,47438400
2014-02-18,2.6388368606567383,2.6527764819918347,2.5934356712078053,2.6113573252911353,34646400
2014-02-19,2.5810906887054443,2.640828931187369,2.56715106661751,2.623304932512528,68265600
2014-02-20,2.618525981903076,2.634057824622124,2.556000498885357,2.587064412206762,51321600
2014-02-21,2.604984998703003,2.6551651151243987,2.5998074915840794,2.6432176528343048,41988000
2014-02-24,2.6507840156555176,2.6858306366938813,2.6125515867590323,2.6209149020947318,49711200
2014-02-25,2.641225814819336,2.6770686586686128,2.6161356418182473,2.6615368204361243,46492800
2014-02-26,2.632465362548828,2.6862296389231517,2.602993672612709,2.664325269348507,41464800
2014-02-27,2.6842377185821533,2.692601035293702,2.6229072610918047,2.6352523825145493,43982400
2014-02-28,2.6706976890563965,2.731232147588085,2.605781718714692,2.684636169831326,68359200
2014-03-03,2.612154245376587,2.6364470586978666,2.5460434830362004,2.5982146251925125,79279200
2014-03-04,2.7172935009002686,2.7304359856805274,2.694592907520718,2.7005668678223285,54496800
2014-03-05,2.739595651626587,2.7523393412415156,2.7121161166331,2.7300375425904484,38532000
2014-03-06,2.729241371154785,2.7630922958439856,2.7013632677392994,2.7559237708990314,46401600
2014-03-07,2.690211296081543,2.764286571739896,2.6499878503236163,2.7587114078645825,66259200
2014-03-10,2.6957881450653076,2.701363538423776,2.645209441725486,2.6858314669561683,37790400
2014-03-11,2.662334680557251,2.73680762847527,2.6388369492675423,2.7172937531339545,59887200
2014-03-12,2.6922032833099365,2.696185087542631,2.596621978947591,2.627287317949294,54806400
2014-03-13,2.577904224395752,2.7252588287463686,2.5416637100860493,2.722073247636174,94207200
2014-03-14,2.524935722351074,2.585868735971193,2.5217492311250607,2.5500258940220557,53659200
2014-03-17,2.592240810394287,2.6300755863731675,2.569142561957471,2.5719298022557218,58471200
2014-03-18,2.6854326725006104,2.6933985612359455,2.598613463887589,2.6002068239412983,56503200
2014-03-19,2.641225814819336,2.6953886483862672,2.5886561130082524,2.6878215574000444,68222400
2014-03-20,2.661935567855835,2.686229290559955,2.5998077549670264,2.6165343861742985,43819200
2014-03-21,2.564363718032837,2.7121159447901744,2.55241602552386,2.7057434167365964,99153600
2014-03-24,2.4998462200164795,2.601002692808226,2.4297527438787143,2.596223524833321,133072800
2014-03-25,2.522944927215576,2.5858696628333013,2.461614235373527,2.5400701303175417,86258400
2014-03-26,2.4269659519195557,2.577107784773674,2.424974023873315,2.5619745096684516,100665600
2014-03-27,2.3839542865753174,2.4484714632579143,2.3449244881979614,2.4174075530465577,100996800
2014-03-28,2.3994855880737305,2.477145232194135,2.379572239437141,2.4074503350319545,83220000
2014-03-31,2.447277069091797,2.4974572048407877,2.446082276825949,2.4540472547538363,81220800
2014-04-01,2.579895496368408,2.5830813045515715,2.483915846527456,2.4867037705126362,89020800
2014-04-02,2.6002073287963867,2.6193235512530446,2.563965672803527,2.612951249217478,81612000
2014-04-03,2.538874626159668,2.61892385878215,2.4930751064869314,2.6081709597818725,79809600
2014-04-04,2.3373584747314453,2.595029087815987,2.3146581073952572,2.5838776183880316,185505600
2014-04-07,2.2672643661499023,2.3532875547672,2.2194738324087595,2.290762090707757,156331200
2014-04-08,2.33058762550354,2.338553286423338,2.2505383733713633,2.275628325231463,121620000
2014-04-09,2.450064182281494,2.453250902513135,2.3373585654848643,2.3552802206548566,110980800
2014-04-10,2.223856210708618,2.455241878770272,2.203146629519802,2.454843310827544,161138400
2014-04-11,2.146196126937866,2.24735237812757,2.130664057938243,2.16292276012212,105938400
2014-04-14,2.1943840980529785,2.2282359287632403,2.134248211885449,2.1991630379436873,140637600
2014-04-15,2.2162888050079346,2.2529281131676218,2.0780946623496708,2.215890237080311,281025600
2014-04-16,2.302311658859253,2.303506450919397,2.2190766055798585,2.273238765201217,125707200
2014-04-17,2.30350661277771,2.338950897675002,2.260096439230966,2.2796112256623595,88312800
2014-04-21,2.355677604675293,2.356076172580035,2.288770837722675,2.321826678769126,72124800
2014-04-22,2.413424491882324,2.4293548986375795,2.368819535274213,2.3779799863191555,75160800
2014-04-23,2.347712755203247,2.413823522947147,2.344527174583988,2.411831595041507,65683200
2014-04-24,2.4170093536376953,2.4659946966237953,2.3393496802121696,2.4655961286947923,125388000
2014-04-25,2.300321102142334,2.3807680195080256,2.2835944657253755,2.372404701299547,122373600
2014-04-28,2.32501220703125,2.3724044137631193,2.2138992713069663,2.3309861678013526,241041600
2014-04-29,2.376386880874634,2.3899279331603887,2.3094801224533708,2.3433321834595615,121816800
2014-04-30,2.397494077682495,2.403070381420987,2.3258081522256684,2.346916296336223,92037600
2014-05-01,2.4189999103546143,2.458029479378845,2.3895293611929365,2.408247009998584,71875200
2014-05-02,2.407052993774414,2.455242118806391,2.3875391145060125,2.440108841203,75952800
2014-05-05,2.441303014755249,2.4428954632115345,2.3441285648946026,2.3616514228793797,57895200
2014-05-06,2.346916675567627,2.4341346833730944,2.344527319043488,2.430550306761918,80822400
2014-05-07,2.325807809829712,2.3684217480921914,2.243767791968991,2.3648376004711227,130953600
2014-05-08,2.317843198776245,2.403070168773269,2.285983068805406,2.3027099275912466,109608000
2014-05-09,2.3449246883392334,2.3497038570334805,2.2696546044712913,2.3154541355523697,78237600
2014-05-12,2.4592247009277344,2.4624105097106956,2.380767892856073,2.387538761994796,63842400
2014-05-13,2.4644007682800293,2.493473887829049,2.4508608559815745,2.467985144214835,58864800
2014-05-14,2.427762031555176,2.47156986143001,2.4102391730652024,2.444090097901901,49320000
2014-05-15,2.3716087341308594,2.4381169469503714,2.324216744399,2.424974458121352,100740000
2014-05-16,2.41581392288208,2.4205930906338398,2.3305871784140337,2.3767852682867683,71455200
2014-05-19,2.46758770942688,2.47754347456753,2.3827595223041875,2.3943086474032573,60264000
2014-05-20,2.4405057430267334,2.4898896452004755,2.409441833578429,2.464400900221619,81165600
2014-05-21,2.509404420852661,2.5125902291093443,2.44847139421963,2.4516572024763135,61809600
2014-05-22,2.540468692779541,2.56316928897298,2.506218058765811,2.5161747364637854,63240000
2014-05-23,2.5974183082580566,2.5986131002478414,2.534095700099097,2.5512211279137675,47568000
2014-05-27,2.694990634918213,2.6957877706682063,2.6256942887751973,2.633660177076161,59193600
2014-05-28,2.6695029735565186,2.7041510319758815,2.6635292411031655,2.69260099551957,59217600
2014-05-29,2.7236640453338623,2.7236640453338623,2.6826446110837114,2.6993712389765183,43651200
2014-05-30,2.721275568008423,2.735214960811583,2.6794587568986663,2.7236649242761586,56673600
2014-06-02,2.714505672454834,2.733621891931865,2.6619361828346544,2.732028759700457,50635200
2014-06-03,2.7105228900909424,2.7232677197498507,2.6770693928756906,2.686627502382433,47551200
2014-06-04,2.739197015762329,2.752738068689896,2.676671538288017,2.68901688759715,52677600
2014-06-05,2.8104851245880127,2.8248221730042284,2.7196829823799704,2.7479587392462324,88053600
2014-06-06,2.855886459350586,2.8586737000659124,2.824025410692918,2.8435401975997108,39609600
2014-06-09,2.8507087230682373,2.872214524702497,2.828008129356153,2.8618601917556923,62085600
2014-06-10,2.867037057876587,2.8694266422567347,2.833583560204445,2.8423456734427326,36398400
2014-06-11,2.862656593322754,2.8757990801560065,2.828804754014375,2.83477848736586,48489600
2014-06-12,2.7877848148345947,2.854691579291036,2.7559237671578214,2.8455311264396492,60487200
2014-06-13,2.8069007396698,2.831193780447412,2.77464203901037,2.823627372063604,36009600
2014-06-16,2.8172552585601807,2.8415492124792947,2.7774294632304173,2.7981390408778632,44978400
2014-06-17,2.8212385177612305,2.8447351106718335,2.7973431290482305,2.8128752000766752,47820000
2014-06-18,2.872612953186035,2.8809762694417063,2.7806160186070965,2.8327869323298387,57400800
2014-06-19,2.8614614009857178,2.8881447088397585,2.825618325092928,2.8829669730614675,52975200
2014-06-20,2.8718156814575195,2.882568582096828,2.851504900120252,2.867833876836008,28296000
2014-06-23,2.875002384185791,2.877789624615928,2.850708658955216,2.871019668054853,34704000
2014-06-24,2.867037057876587,2.9466886551705325,2.8423456734427326,2.8750027189492617,80124000
2014-06-25,2.9196956157684326,2.935230046913527,2.8460054728448143,2.8464041071754447,42261600
2014-06-26,2.927661895751953,2.927661895751953,2.857955356243741,2.927661895751953,43790400
2014-06-27,2.9567394256591797,2.9651041368598263,2.9145170074052333,2.9161106330377926,36928800
2014-06-30,2.9786465167999268,3.0017495298980346,2.9547471467332227,2.96191686658472,27225600
2014-07-01,3.0786259174346924,3.100931662847555,3.00652939769865,3.008520746049172,33028800
2014-07-02,3.0905754566192627,3.1065076101966693,3.0742435291101406,3.0826082402241406,40900800
2014-07-03,3.1499252319335938,3.1499252319335938,3.097346751197593,3.121644757135608,32318400
2014-07-07,3.11965274810791,3.151519111269739,3.104915355719192,3.138374433047621,43975200
2014-07-08,3.0109102725982666,3.1104908944732252,2.971078753196315,3.104914572925456,75876000
2014-07-09,3.079023838043213,3.084998567242776,3.00732594804191,3.0332173529252535,68481600
2014-07-10,3.0499470233917236,3.083803594472739,2.9471800395041683,2.9603247173282914,61622400
2014-07-11,3.1029226779937744,3.1045163036312267,3.0419794888745715,3.0678711191361487,60844800
2014-07-14,3.1622731685638428,3.1813925723452035,3.130406811831094,3.1447462507064787,53529600
2014-07-15,3.1292121410369873,3.188960340952293,3.0603028725967647,3.1754179413766104,74268000
2014-07-16,3.164663314819336,3.2052921098640996,3.1551036117453504,3.196130129458118,53304000
2014-07-17,3.0383946895599365,3.1726291569989957,3.008520591177945,3.1379753213949524,80462400
2014-07-18,3.1821889877319336,3.1869689530680887,3.0750409091423876,3.0901769342238645,58488000
2014-07-21,3.170638084411621,3.1857738811891325,3.1272206748293647,3.1598833905984716,47450400
2014-07-22,3.233572244644165,3.245521929210172,3.204893138438513,3.2168428230045203,53728800
2014-07-23,3.294116735458374,3.3040750716536977,3.2479118515316907,3.2630476473309002,51230400
2014-07-24,3.282566547393799,3.3216017221325553,3.268227104751861,3.3104495313885236,43730400
2014-07-25,3.242335796356201,3.256675464333297,3.1925450229698153,3.2351660763282983,46428000
2014-07-28,3.2463185787200928,3.2702179500060233,3.1714345809828184,3.251098316224501,45981600
2014-07-29,3.229987859725952,3.2881424355726807,3.221224285694368,3.2666330465347446,39626400
2014-07-30,3.268625259399414,3.300889342490126,3.2295891787049547,3.282167431236525,53805600
2014-07-31,3.0694639682769775,3.2017073235342153,3.054327942873846,3.1865703864458963,69458400
2014-08-01,3.0340139865875244,3.099737153381177,2.9734694203325014,3.050345005723736,86162400
2014-08-04,3.096151828765869,3.1320006590215033,3.02007283702357,3.0543280415200935,72091200
2014-08-05,3.0236573219299316,3.0849982330750794,2.982629895267533,3.0610990909442783,83769600
2014-08-06,3.018479347229004,3.072651457334972,2.9599261336159657,2.9674944887848227,59649600
2014-08-07,2.98940110206604,3.0766334121780616,2.957137022023092,3.0575140079869687,76802400
2014-08-08,3.0531327724456787,3.063091109163992,2.9643068340007797,3.0049356261534186,62232000
2014-08-11,3.1085000038146973,3.1359841209201225,3.082608372787387,3.086990615498697,37176000
2014-08-12,3.101330280303955,3.1276194060385922,3.055921521037144,3.0977453062814297,45465600
2014-08-13,3.2021048069000244,3.2044947896104006,3.13638187781375,3.1431538753619765,40639200
2014-08-14,3.2514967918395996,3.2526917831376885,3.202104653896638,3.212859347658153,51544800
2014-08-15,3.295710563659668,3.321203559447065,3.2052919104739894,3.302880283538829,77978400
2014-08-18,3.3753743171691895,3.38373902783818,3.335940518357326,3.346695211480677,39674400
2014-08-19,3.4335296154022217,3.436715954611006,3.3929008275138424,3.3988757833334624,39314400
2014-08-20,3.4335296154022217,3.4514540270185634,3.4140115783389686,3.42197765428219,35325600
2014-08-21,3.453047513961792,3.455437496824788,3.420385934309588,3.4387080726264387,33950400
2014-08-22,3.466590404510498,3.4932781633656775,3.4331313322621875,3.4542420852465354,38407200
2014-08-25,3.50522780418396,3.533508276607937,3.479735036935818,3.517973845926111,33988800
2014-08-26,3.5171773433685303,3.5263384109181084,3.4912857149522365,3.5195673258118023,20858400
2014-08-27,3.5175750255584717,3.5287283528059805,3.494074291540624,3.5195672853616897,18357600
2014-08-28,3.5032355785369873,3.516380254726435,3.4685817430211,3.482523459934548,32419200
2014-08-29,3.5442633628845215,3.5442633628845215,3.490091254969293,3.529525059600553,26136000
2014-09-02,3.5737385749816895,3.5765271919527932,3.530719799207761,3.5713485923450734,32150400
2014-09-03,3.5123977661132812,3.602020066335343,3.4916847345998625,3.5996303115496064,41318400
2014-09-04,3.50124454498291,3.588875727455445,3.4745567838039824,3.535898611534757,41042400
2014-09-05,3.5554163455963135,3.5586026851335792,3.462606799131759,3.517973893056765,41613600
2014-09-08,3.573341131210327,3.600027981181315,3.523948988576898,3.5546194471481947,35436000
2014-09-09,3.486506223678589,3.6139696077822228,3.4642004790404153,3.5729421807382673,64696800
2014-09-10,3.5673668384552,3.5737392910516306,3.468582541104462,3.498855280698528,36208800
2014-09-11,3.564577579498291,3.5665689278410926,3.4829213572213313,3.523550151188496,59659200
2014-09-12,3.508413791656494,3.5550173069472186,3.4737597320353095,3.5530259589235524,56870400
2014-09-15,3.4028587341308594,3.519965149749555,3.373383268899006,3.5179740293435526,64243200
2014-09-16,3.494870662689209,3.512397352424023,3.3558571502913823,3.367009565899255,63446400
2014-09-17,3.5119996070861816,3.557009738580122,3.448666652227313,3.49128657276943,56776800
2014-09-18,3.587679862976074,3.5888748540754625,3.530719152388143,3.541872478622849,39756000
2014-09-19,3.579713821411133,3.636275916280621,3.538687527611856,3.636275916280621,55108800
2014-09-22,3.482523202896118,3.5554160703174706,3.4359196859132943,3.5554160703174706,54088800
2014-09-23,3.4522509574890137,3.4996508380321534,3.430342934457907,3.439106508344426,50400000
2014-09-24,3.5641791820526123,3.5669677992660227,3.4283519851958464,3.460217207539326,58291200
2014-09-25,3.33793306350708,3.5414745257980154,3.334745812172107,3.5271350856887116,106399200
2014-09-26,3.4446828365325928,3.4614122608993196,3.3550605295600198,3.3721885883030054,74126400
2014-09-29,3.433131217956543,3.458624212598071,3.3355428492781427,3.341118943278187,57268800
2014-09-30,3.4458773136138916,3.4988544239908608,3.3976810799826387,3.461411744218286,77047200
2014-10-01,3.280972480773926,3.4255632468415356,3.2487086252022928,3.418792160838568,106740000
2014-10-02,3.2793800830841064,3.309651907303473,3.1547050769146288,3.277387822940439,108986400
2014-10-03,3.3781633377075195,3.4168007842144883,3.3028804768457682,3.3363395514422463,76838400
2014-10-06,3.35506010055542,3.43193635411678,3.323991010760444,3.40405360386869,73653600
2014-10-07,3.2132577896118164,3.3351441596642624,3.2104694007761183,3.30646505399097,81825600
2014-10-08,3.398876428604126,3.428351895251326,3.159484986198518,3.2196318225689207,106564800
2014-10-09,3.229588508605957,3.4096303421141068,3.2160461116574255,3.3857309756158127,111511200
2014-10-10,2.9878087043762207,3.229987849759057,2.9878087043762207,3.173028037549042,148214400
2014-10-13,2.8479976654052734,3.0423780510474563,2.8424204316490425,2.975460134902657,136651200
2014-10-14,2.853175163269043,2.9591293866155692,2.825691047261918,2.9065509092688155,185404800
2014-10-15,2.7922325134277344,2.830073604732727,2.5990468670694358,2.7205346232346606,242548800
2014-10-16,2.7488157749176025,2.8133439389247665,2.614979709525683,2.61776741482659,167980800
2014-10-17,2.8563625812530518,2.9288568246672666,2.8029868321374316,2.851582843717754,132175200
2014-10-20,2.9794435501098633,2.984621009603199,2.832860545886018,2.8460052211765468,77232000
2014-10-21,3.2124619483947754,3.2124619483947754,3.067074136854495,3.086592178073854,105849600
2014-10-22,3.1626710891723633,3.2546833747120787,3.156298637484225,3.2427336887591687,93960000
2014-10-23,3.3072614669799805,3.35744995973938,3.241140821229143,3.2582679654673847,84943200
2014-10-24,3.3833417892456055,3.3913078667501475,3.2861511308483733,3.321203831991573,85281600
2014-10-27,3.396087884902954,3.4104275539812337,3.323593638304828,3.3654174262017262,69122400
2014-10-28,3.5478482246398926,3.5478482246398926,3.4319365693058876,3.4375128917838684,79843200
2014-10-29,3.50522780418396,3.5382882416923636,3.4315376634579304,3.511202532618213,89702400
2014-10-30,3.527134656906128,3.5518310654027925,3.4355210213151555,3.458624032259329,80992800
2014-10-31,3.67252254486084,3.7099640835557675,3.6378687112183106,3.704786623988252,88185600
2014-11-03,3.710362672805786,3.7358556665368643,3.677302465083957,3.6912432693893784,70480800
2014-11-04,3.670929193496704,3.6980149033943577,3.5936552162143487,3.668938073133976,69324000
2014-11-05,3.6705307960510254,3.742627318032095,3.631894260758934,3.738643709521827,69372000
2014-11-06,3.701998472213745,3.7067784376868724,3.6219358739092575,3.664954651482206,48636000
2014-11-07,3.6928372383117676,3.7282876596590113,3.637470371024714,3.7243040513812455,55406400
2014-11-10,3.730677604675293,3.747407256014813,3.669335777685021,3.698015114860969,51686400
2014-11-11,3.766127586364746,3.766526220671676,3.7051844008719033,3.7362534892361725,52809600
2014-11-12,3.7868409156799316,3.7987906010617976,3.721914117032135,3.721914117032135,48100800
2014-11-13,3.835435390472412,3.878454162239205,3.7832555512682733,3.807553553863018,91082400
2014-11-14,3.870887517929077,3.870887517929077,3.795206017445143,3.833445060184635,57408000
2014-11-17,3.834639549255371,3.8700899721715665,3.7820610686829816,3.8434031231802495,70677600
2014-11-18,3.9206769466400146,3.9374063692722587,3.846190445937038,3.8465888523506777,55910400
2014-11-19,3.870887517929077,3.909523827520178,3.815919050686961,3.909523827520178,74404800
2014-11-20,3.9222705364227295,3.9302363854097804,3.8099436326176894,3.819503563087299,49778400
2014-11-21,3.9505512714385986,4.0357920151215225,3.906736136130576,4.026232539861225,76473600
2014-11-24,4.0397748947143555,4.041368520532004,3.965687248685606,3.9768403501960155,63103200
2014-11-25,4.052917957305908,4.090360399772788,4.023442273224128,4.0541127203503295,75768000
2014-11-26,4.135769844055176,4.140150946520435,4.052918642570342,4.066063317493682,52816800
2014-11-28,4.197510242462158,4.2190196332103636,4.158873932093905,4.169229765159173,36285600
2014-12-01,4.042562484741211,4.179186682256783,4.000738481023546,4.1588725178152615,78093600
2014-12-02,4.0859808921813965,4.1166513512735845,4.033800131473017,4.062479014152534,64946400
2014-12-03,4.123025417327881,4.134177608342687,4.041767813979538,4.115058199074999,65971200
2014-12-04,4.1106767654418945,4.160068682715965,4.060886897545503,4.104701580152807,77018400
2014-12-05,4.113464832305908,4.15090637606591,4.0863782090817455,4.13497422130063,56815200
2014-12-08,4.024638652801514,4.13417671188072,3.9601104895744617,4.079606885546377,84640800
2014-12-09,4.06367301940918,4.0696477468621355,3.8406133369347843,3.8816409839688726,85344000
2014-12-10,3.86690354347229,4.069251155884468,3.848978901290366,4.039774550878316,67264800
2014-12-11,3.927448272705078,4.06287774354996,3.9007614231537775,3.903548900692145,68016000
2014-12-12,3.797595977783203,3.9457714982837184,3.7964009863370722,3.8123340536712735,76893600
2014-12-15,3.6836750507354736,3.8963784785152398,3.645834876812719,3.854157429756051,117974400
2014-12-16,3.500845432281494,3.771704564298892,3.499252946356931,3.610384623326424,106428000
2014-12-17,3.6888532638549805,3.721913469326867,3.495269032536821,3.507617350108268,91363200
2014-12-18,3.9593138694763184,3.9593138694763184,3.8199008089838014,3.8509701251436024,93372000
2014-12-19,4.003528118133545,4.058097488500204,3.9433810580323883,3.9712640365939893,77414400
2014-12-22,4.040457248687744,4.043645038678239,3.9842843040154174,3.991455463735168,55228800
2014-12-23,4.001814365386963,4.085475614847912,3.9822927992865873,4.085077141103886,57960000
2014-12-24,4.010180473327637,4.052011097880726,4.003009313724416,4.014562316734501,21991200
2014-12-26,4.091452598571777,4.1161520485119185,4.039263014186028,4.039661488006937,43044000
2014-12-29,4.092248439788818,4.114557499176962,4.071531907672048,4.080296506659983,31164000
2014-12-30,4.007790565490723,4.08109332973001,3.989464418511233,4.052011581860055,61929600
2014-12-31,3.882297992706299,4.073524367862112,3.864767882497823,4.024123651047309,58545600
2015-01-02,3.8504257202148438,3.9890649454483253,3.791066127311049,3.9380717052746603,61113600
2015-01-05,3.6771273612976074,3.8085956749811447,3.645256524357164,3.79465228355213,63508800
2015-01-06,3.5313165187835693,3.711786600982342,3.4807219788604864,3.690273577838675,84321600
2015-01-07,3.667168140411377,3.6906726226359896,3.5743428973471882,3.5986450110194474,68733600
2015-01-08,3.8763222694396973,3.8982333141461054,3.7488375479130207,3.7615864303934154,72468000
2015-01-09,3.7978384494781494,3.916957016606894,3.7332993841949342,3.912574261590805,90710400
2015-01-12,3.6811115741729736,3.8332966565061306,3.6508337192718474,3.8233364068905207,82627200
2015-01-13,3.677924871444702,3.9034124911819337,3.5894826067922336,3.7850910738241774,99854400
2015-01-14,3.6213526725769043,3.6703544574141107,3.519365049303184,3.5611956744375237,108074400
2015-01-15,3.477534055709839,3.683102505063976,3.4623954732994164,3.6627846759796867,98006400
2015-01-16,3.601433753967285,3.6101976693726185,3.44327317694923,3.46040435766742,70898400
2015-01-20,3.6811115741729736,3.7078040765930544,3.539285671188503,3.6619889344079075,70946400
2015-01-21,3.737682819366455,3.787879800228666,3.61099528784176,3.647646668094467,66765600
2015-01-22,3.945641040802002,3.9559986216299308,3.684297456202665,3.7846914017916564,81328800
2015-01-23,3.971935987472534,4.007391951011428,3.90978729302489,3.9456421863047644,71179200
2015-01-26,3.963170051574707,3.9799023009971,3.897037089511605,3.9599831735512048,50402400
2015-01-27,3.656412124633789,3.777123938149316,3.610995909351048,3.7747335510397346,111993600
2015-01-28,3.593465566635132,3.836482830132268,3.5910751798297564,3.824132650277716,94464000
2015-01-29,3.6974451541900635,3.715372599510086,3.489884988717936,3.5811163384456375,88279200
2015-01-30,3.6125881671905518,3.7707487490731006,3.595855915648443,3.684696876622473,109111200
2015-02-02,3.707404375076294,3.7129814112407944,3.4651843367028277,3.632108801840782,99422400
2015-02-03,3.8085954189300537,3.817758947867396,3.672346340691553,3.7384793088231647,91166400
2015-02-04,3.7986364364624023,3.875524551566161,3.737682941427747,3.760788721825514,62316000
2015-02-05,3.899427652359009,3.9046068992809593,3.802221485371147,3.825725965636484,50162400
2015-02-06,3.8285155296325684,3.9420563922351386,3.785887270045001,3.916160155949663,61764000
2015-02-09,3.7862863540649414,3.8428577821494803,3.762781641945663,3.7827007735925857,47896800
2015-02-10,3.9675521850585938,3.98189450497214,3.834888689335926,3.856004151363899,59628000
2015-02-11,4.012172698974609,4.0364745867979,3.9575936397265026,3.9818950716300927,60926400
2015-02-12,4.152405261993408,4.153998245203809,4.07033653596178,4.084280838048239,76550400
2015-02-13,4.257181167602539,4.257977659226837,4.1631618738011404,4.1854713899154845,60448800
2015-02-17,4.268734455108643,4.275905615721697,4.225708403269677,4.25638495879446,41364000
2015-02-18,4.287059307098389,4.292239008993448,4.234870653262847,4.2543913042917065,35239200
2015-02-19,4.351599216461182,4.357973884717627,4.2747097387437885,4.276702563443325,37795200
2015-02-20,4.43526029586792,4.444024893579036,4.300206434664214,4.3412410191623065,45386400
2015-02-23,4.452790260314941,4.453188734124077,4.401000519039261,4.432472199326239,39487200
2015-02-24,4.461953163146973,4.475100061482829,4.3930313373622,4.433268979876048,52300800
2015-02-25,4.426098346710205,4.491034980081394,4.397015689221511,4.438447841817454,56275200
2015-02-26,4.4934258460998535,4.4990040234084105,4.40219540590396,4.438846789135252,58168800
2015-02-27,4.434065818786621,4.496214507475426,4.412552793628202,4.488247311386684,44395200
2015-03-02,4.553582191467285,4.557167999424793,4.455977547479089,4.457969004460448,44522400
2015-03-03,4.488247871398926,4.526094223161047,4.403788743525114,4.513743813903429,64195200
2015-03-04,4.438446998596191,4.463943843325047,4.363549903225293,4.445617701226466,58320000
2015-03-05,4.457968711853027,4.499799791867606,4.406178067987172,4.472310574982787,46173600
2015-03-06,4.304588794708252,4.46952182031515,4.274312084620865,4.445220848679687,74863200
2015-03-09,4.34602165222168,4.3766972905244454,4.2806856383308585,4.335265141149386,56635200
2015-03-10,4.1053948402404785,4.252799126493135,4.103403383312337,4.250408739891887,95983200
2015-03-11,4.033286094665527,4.135672875952245,4.027709285852768,4.116550239258851,111576000
2015-03-12,4.110574722290039,4.1253141485345965,4.01456260398012,4.021733764096444,61195200
2015-03-13,4.057589054107666,4.148421478298938,3.980699565917767,4.099818615520496,99057600
2015-03-16,4.2129597663879395,4.21495122322565,4.0890613339401405,4.102605793586363,57480000
2015-03-17,4.2364654541015625,4.252800146393809,4.149218373870857,4.1767071424980875,48681600
2015-03-18,4.358372688293457,4.414944123849127,4.133283735438565,4.200213212002513,83911200
2015-03-19,4.379487037658691,4.4121541359800425,4.352395836567946,4.3735108429817675,55692000
2015-03-20,4.470319747924805,4.52689026093773,4.460758656464504,4.483864209567197,52406400
2015-03-23,4.432870864868164,4.491832675274633,4.432471935163114,4.456375347170079,49617600
2015-03-24,4.387853145599365,4.49541781056027,4.38546275892206,4.432074159330416,46490400
2015-03-25,4.081899166107178,4.41817298708706,4.081899166107178,4.411001111694425,87943200
2015-03-26,4.048431396484375,4.112976915512815,3.944840667114991,3.9858779893297624,98280000
2015-03-27,4.08747673034668,4.120546970272005,4.02372915556894,4.040463076334154,49272000
2015-03-30,4.2344970703125,4.242466429667785,4.167163324799686,4.169952007819306,75607200
2015-03-31,4.103414535522461,4.22294306207822,4.095446088676115,4.195850069221558,62253600
2015-04-01,4.034087181091309,4.097836114431374,3.954401812355112,4.097836114431374,87938400
2015-04-02,4.040861129760742,4.0799077091874025,4.002214431809613,4.042056670500588,55288800
2015-04-06,4.138078212738037,4.173140570735036,3.9512149997131827,3.967948923513719,75472800
2015-04-07,4.118951320648193,4.223339940158278,4.118552807267169,4.132896097229293,57345600
2015-04-08,4.216965198516846,4.233300601590452,4.120545921881136,4.122139063687063,84571200
2015-04-09,4.295457363128662,4.29864547200252,4.167163794834793,4.212982372696255,55464000
2015-04-10,4.346853733062744,4.348447787154048,4.262786074316769,4.294659860700777,56692800
2015-04-13,4.314581394195557,4.4233523422181715,4.299441526585935,4.3584092226049185,57600000
2015-04-14,4.277527332305908,4.33729159875458,4.2046148542841015,4.305018840156477,84487200
2015-04-15,4.3532280921936035,4.3843057599688295,4.295057891423449,4.314182434683173,47678400
2015-04-16,4.3380889892578125,4.361197303459037,4.303426061990818,4.323745693286464,45444000
2015-04-17,4.135288715362549,4.250036002314399,4.080704210933602,4.214576045710761,93213600
2015-04-20,4.320159435272217,4.342471175512383,4.19226396050212,4.199036866098087,71097600
2015-04-21,4.375540256500244,4.4177740259385905,4.361196961653043,4.3970554267536075,63693600
2015-04-22,4.446460723876953,4.468374405933379,4.325736671788903,4.409406721123823,60957600
2015-04-23,4.499850273132324,4.557223911614911,4.39984526130014,4.4042275423280115,65500800
2015-04-24,4.675954818725586,4.698665525671415,4.6185811931175165,4.638502305919943,71208000
2015-04-27,4.646074295043945,4.758431416224972,4.614997074780914,4.73333007589749,80580000
2015-04-28,4.615792751312256,4.681533345408472,4.500248911731237,4.6552369253839405,85876800
2015-04-29,4.527740955352783,4.61937901090889,4.45482847730632,4.538498541555788,96976800
2015-04-30,4.314979553222656,4.508217121765816,4.247644901808633,4.4524375388206225,154084800
2015-05-01,4.489491939544678,4.493476163250029,4.362791528274716,4.364385582528997,95006400
2015-05-04,4.505429267883301,4.5910909890518905,4.500249503513047,4.52654547103038,65985600
2015-05-05,4.291871547698975,4.479531328121596,4.281113960338719,4.454828956535566,140347200
2015-05-06,4.20023250579834,4.346854030641858,4.112180161761303,4.309800021889581,106699200
2015-05-07,4.272347450256348,4.307807396829848,4.1850916969865635,4.195849280593252,84309600
2015-05-08,4.428930759429932,4.460406033082625,4.385102934154391,4.405024963075635,89188800
2015-05-11,4.380321502685547,4.468772808751891,4.371556941115919,4.441281303668261,69513600
2015-05-12,4.323745250701904,4.387095219392163,4.203817763118104,4.301831567457434,95167200
2015-05-13,4.346057415008545,4.4448673440609925,4.328127953158563,4.379924226943528,66249600
2015-05-14,4.538498401641846,4.54766193333586,4.405025090093168,4.454828339971778,88416000
2015-05-15,4.53809928894043,4.590692131969932,4.503834876616096,4.574356724888723,73252800
2015-05-18,4.593879222869873,4.622167296656258,4.504630897231928,4.515786994932307,55293600
2015-05-19,4.580732345581055,4.6313317125132984,4.55921717303244,4.611809563726181,49288800
2015-05-20,4.588301658630371,4.670776179795224,4.516983236898511,4.591090797479908,55632000
2015-05-21,4.660417556762695,4.677948049029334,4.545271308588036,4.56598990920977,46111200
2015-05-22,4.647668361663818,4.696276532136255,4.635316720278069,4.644480252964009,39909600
2015-05-26,4.4867024421691895,4.633722488726628,4.431321822653522,4.614597940945949,70228800
2015-05-27,4.70265007019043,4.716594850106833,4.49785791599845,4.5257479317963325,67144800
2015-05-28,4.66798734664917,4.707033005646096,4.626948664221143,4.673963681151905,45321600
2015-05-29,4.589098930358887,4.6803384654854465,4.554833150582768,4.660018379314818,53030400
2015-06-01,4.629339694976807,4.6691828404174816,4.519772184927789,4.66121348178513,68580000
2015-06-02,4.587105751037598,4.655635940367971,4.512998196384635,4.5807318146539755,65731200
2015-06-03,4.627347469329834,4.680736420430126,4.595472318552073,4.652448346928869,58533600
2015-06-04,4.526545524597168,4.638503670573167,4.48072603974135,4.55164686365714,92851200
2015-06-05,4.492280960083008,4.538498501004736,4.409407467722085,4.506624256237137,69295200
2015-06-08,4.354822635650635,4.494272274942041,4.327331130122156,4.4835146896513205,72211200
2015-06-09,4.333308696746826,4.378729215247219,4.234099786198957,4.322948711194118,76500000
2015-06-10,4.505029201507568,4.546864451949945,4.361993873355585,4.375539683430049,77383200
2015-06-11,4.529732704162598,4.591091026117143,4.505030334727001,4.5532404448341435,58540800
2015-06-12,4.414586544036865,4.4843109021419,4.399844736626955,4.455624314304001,60448800
2015-06-15,4.353626728057861,4.371953786992213,4.242465186388924,4.31816587070643,100442400
2015-06-16,4.420166015625,4.442876277474389,4.330918566821289,4.334105308043715,50632800
2015-06-17,4.457218647003174,4.501045558482691,4.372752020240956,4.444468950285665,84194400
2015-06-18,4.645675182342529,4.674361773352743,4.491882243276089,4.494671382056161,81314400
2015-06-19,4.574755668640137,4.671175433963269,4.574755668640137,4.658823793142708,42314400
2015-06-22,4.685120105743408,4.726557312618793,4.654042884534693,4.685120105743408,65858400
2015-06-23,4.696674823760986,4.709424522166464,4.637308613093123,4.7014560746543355,57453600
2015-06-24,4.624558925628662,4.7381111268058635,4.620176644258769,4.678745827927913,42451200
2015-06-25,4.5942769050598145,4.690697097620645,4.5727617383828605,4.676353805157691,42602400
2015-06-26,4.50901460647583,4.62376188063796,4.45283650998101,4.590294039665289,65952000
2015-06-29,4.190271377563477,4.430523973681775,4.181506815489145,4.35004202137826,136872000
2015-06-30,4.238083362579346,4.3050190524855045,4.191069247793691,4.277527543279019,88396800
2015-07-01,4.324940204620361,4.380321269389278,4.2711527378669665,4.352829765769848,70812000
2015-07-02,4.3412766456604,4.377931688585685,4.293864015625571,4.363986904684901,52761600
2015-07-06,4.30462121963501,4.3767362142621185,4.2233417811443825,4.25162986001859,65904000
2015-07-07,4.326533794403076,4.346853881072934,4.080305320867568,4.316971749355313,125164800
2015-07-08,4.10978889465332,4.2568089100887345,4.084688016498148,4.240473048841407,92440800
2015-07-09,4.097836971282959,4.279917999403977,4.097836971282959,4.2755357181353775,62630400
2015-07-10,4.2882843017578125,4.33490034992896,4.21855994221578,4.255214976767979,61629600
2015-07-13,4.507420539855957,4.524553429788645,4.39586046230304,4.396657945323461,52430400
2015-07-14,4.597863674163818,4.638105790536624,4.525748681773339,4.5329205576407245,51100800
2015-07-15,4.619778156280518,4.669581409590213,4.577146323402357,4.6241604376746865,59570400
2015-07-16,4.800265312194824,4.81301455278361,4.703048533997493,4.731337521680675,69840000
2015-07-17,5.019798278808594,5.020197248240172,4.904254451598185,4.9265661901072395,71664000
2015-07-20,5.075976848602295,5.130959852172291,5.009838659667995,5.061633555489484,47944800
2015-07-21,5.062032222747803,5.1042659883623465,5.021791480501692,5.083946360498956,43704000
2015-07-22,4.895887851715088,4.966409693612787,4.833732969367531,4.834529540393913,54194400
2015-07-23,4.837320327758789,4.955653331129203,4.80106288614687,4.910232812646221,48391200
2015-07-24,4.699862003326416,4.9241768093491025,4.676752776080805,4.913021621223853,53236800
2015-07-27,4.579137802124023,4.677151152833992,4.550052242952287,4.616191351803937,60312000
2015-07-28,4.699862003326416,4.7257594576468644,4.531326785651414,4.644480016615569,77798400
2015-07-29,4.7524542808532715,4.782336414162363,4.674362038305946,4.727353398305275,60868800
2015-07-30,4.818593978881836,4.841702294247996,4.633722440335562,4.718588047693413,68522400
2015-07-31,4.80385160446167,4.87078774747007,4.770782730464325,4.862819300148765,54518400
2015-08-03,4.759625434875488,4.843295486639751,4.661612088969241,4.806640452273022,73867200
2015-08-04,4.728947162628174,4.773969160645383,4.6687843861406435,4.746079140869015,70675200
2015-08-05,4.839710712432861,4.931747285599211,4.791899114765895,4.807437952402437,63705600
2015-08-06,4.607426643371582,4.870389068376972,4.540889465919705,4.849272864102382,87648000
2015-08-07,4.589098930358887,4.620574203518507,4.47355371783052,4.571966040470827,80088000
2015-08-10,4.7440876960754395,4.774766402966552,4.675557949617841,4.675557949617841,66902400
2015-08-11,4.563199996948242,4.724165716261167,4.485506731908423,4.667588651988158,86644800
2015-08-12,4.603442668914795,4.636511999365716,4.322550793003751,4.4711639792155795,112173600
2015-08-13,4.582723617553711,4.6875098766040155,4.556427196427098,4.621769279752616,70329600
2015-08-14,4.607426643371582,4.625754620461722,4.526944682275867,4.552045566413895,72991200
2015-08-17,4.720580577850342,4.724166288004028,4.538099666204045,4.5719664797423265,62678400
2015-08-18,4.6452765464782715,4.713407761602246,4.630534739273354,4.693884704502467,54499200
2015-08-19,4.558021545410156,4.6791432191364795,4.476742107546948,4.601848460824745,117758400
2015-08-20,4.18270206451416,4.473156434838554,4.17592824600968,4.4305241477928865,150009600
2015-08-21,3.6623542308807373,4.105804985262035,3.6623542308807373,4.004205913135706,190144800
2015-08-24,3.2284653186798096,3.644823250690966,2.6017371663182787,2.9902048522418694,196358400
2015-08-25,3.1858339309692383,3.6308777975970132,3.1714906354422663,3.565934682172573,144832800
2015-08-26,3.645620107650757,3.672315043286498,3.253965194867559,3.4579603549800444,142509600
2015-08-27,3.93049693107605,3.938465378605035,3.6786897030874015,3.8169449579098718,242976000
2015-08-28,3.9273085594177246,3.9683472469521655,3.842443413409934,3.867943264531702,107047200
2015-08-31,3.7814838886260986,3.9265120425573445,3.75319581020936,3.862763553784871,103435200
2015-09-01,3.4384372234344482,3.6707211559170188,3.379868269352409,3.4974049190577405,156931200
2015-09-02,3.7181336879730225,3.7181336879730225,3.4938186782071843,3.6129484598931985,90139200
2015-09-03,3.6567764282226562,3.8360689920901136,3.6304802341583784,3.7635545746913563,111612000
2015-09-04,3.5344579219818115,3.6033857055959864,3.469912646634594,3.5101536158741684,139821600
2015-09-08,3.83447527885437,3.8428422390791352,3.690641988991612,3.7348676433000985,112675200
2015-09-09,3.7010018825531006,3.967948032144126,3.670322041219455,3.965956376483614,140642400
2015-09-10,3.819335460662842,3.893840853033981,3.6727130214696553,3.685861233049195,123580800
2015-09-11,3.881091833114624,3.881091833114624,3.735266868653528,3.768336200308309,94860000
2015-09-14,3.846428394317627,3.925715724835596,3.804194618810109,3.9245206400787245,88332000
2015-09-15,3.980699062347412,4.019744727923161,3.8328815370903286,3.875114855183683,76327200
2015-09-16,4.04723596572876,4.061978230685948,3.944441360353016,3.9886667873291586,70207200
2015-09-17,4.05839204788208,4.237286322707467,4.0042056066497524,4.042853667852668,121180800
2015-09-18,3.8866686820983887,4.024924149974973,3.863560825110715,3.8723253869019314,136171200
2015-09-21,3.919739007949829,4.0145642549466904,3.8149518345015885,3.946035429695706,100156800
2015-09-22,3.7468204498291016,3.7810857729122658,3.6368542010263982,3.7384534898086614,141897600
2015-09-23,3.7527968883514404,3.802601048261692,3.6934313675150707,3.7731167466690914,111880800
2015-09-24,3.7093687057495117,3.7523988168376605,3.5460123667171177,3.6420338306018465,146918400
2015-09-25,3.61932373046875,3.840451541901815,3.547207830124984,3.8352713221017027,141912000
2015-09-28,3.30735445022583,3.5754970728950517,3.275480433785159,3.5691219960278224,180028800
2015-09-29,3.258347749710083,3.432460552257928,3.1842399609216536,3.3312602258426014,182875200
2015-09-30,3.473897695541382,3.4902331029394,3.354766997333619,3.3938135727963914,166932000
2015-10-01,3.522505760192871,3.524896385551559,3.3579552276838447,3.4958108236584904,109632000
2015-10-02,3.7053840160369873,3.7097662966670537,3.346798466097924,3.381062875889579,158702400
2015-10-05,3.8743185997009277,3.8982239408740575,3.767539311687899,3.791843622372101,104076000
2015-10-06,3.818936586380005,3.8798959354437685,3.7225170554292735,3.8460291237803976,115060800
2015-10-07,3.8802950382232666,3.907387576554172,3.735665394855897,3.887067944823409,126554400
2015-10-08,3.9277076721191406,3.948426273413099,3.7257043872679376,3.8388578434093987,145936800
2015-10-09,3.975517988204956,4.004205030841588,3.9018094101173437,3.9328866216723775,87612000
2015-10-12,4.0089874267578125,4.032494256908145,3.961574796903251,4.005800229978691,76269600
2015-10-13,3.93049693107605,4.062775166304007,3.9205359156996358,3.940457034522099,106483200
2015-10-14,3.9137630462646484,3.9910578087714783,3.8631623096557997,3.9316925093413158,91665600
2015-10-15,4.105007648468018,4.105804219479408,3.9408552006250925,3.9559950654574907,107284800
2015-10-16,4.156006813049316,4.16357720212507,4.071938241957221,4.132101017177926,66321600
2015-10-19,4.230513095855713,4.237286001526879,4.113772805961871,4.1368820294185875,81811200
2015-10-20,4.1603899002075195,4.233302386561341,4.120547659309022,4.205014304330364,72626400
2015-10-21,4.093453884124756,4.237685719080982,4.081501211463536,4.225733046419761,88248000
2015-10-22,4.336095809936523,4.346455336862346,4.160787718657508,4.195849610492368,129876000
2015-10-23,4.696674823760986,4.753649953016994,4.615793440038231,4.68591723723354,102028800
2015-10-26,4.710619926452637,4.736517382623811,4.637707441261165,4.690698806320965,59944800
2015-10-27,4.741298198699951,4.758032120460854,4.668385720200159,4.672370399826004,52231200
2015-10-28,4.851263523101807,4.854451631109526,4.645276727683159,4.762812676421973,104479200
2015-10-29,4.833335876464844,4.856843619971802,4.7743690847519415,4.788313869445737,49912800
2015-10-30,4.767196178436279,4.864811018114685,4.766797664909444,4.83971013750569,60036000
2015-11-02,4.929755687713623,4.94569212718164,4.77596181979895,4.802656758000847,55300800
2015-11-03,4.97676944732666,5.033745029940083,4.8767639765381094,4.8994746892594625,61812000
2015-11-04,4.978762626647949,5.040120041992035,4.919396411404986,5.026175257771146,72916800
2015-11-05,4.934933662414551,5.030556385897353,4.863216733793727,4.993901350536113,71126400
2015-11-06,4.95127010345459,4.967206540483296,4.816600804252038,4.914216097699739,68124000
2015-11-09,4.791898727416992,4.913817881243859,4.70065827684396,4.893896763797253,75657600
2015-11-10,4.758032321929932,4.7679933374685675,4.673565682430651,4.715400944569505,49360800
2015-11-11,4.736916542053223,4.862819941385833,4.713409254583444,4.794290191069512,50414400
2015-11-12,4.599457740783691,4.747274347846197,4.58909912444468,4.675955926382273,68964000
2015-11-13,4.328924655914307,4.555232480597754,4.321355178135403,4.541685299446678,98848800
2015-11-16,4.509413242340088,4.516187061267229,4.284301402032771,4.314581594623815,92772000
2015-11-17,4.524951934814453,4.620177080432395,4.488296890325405,4.536905063204557,110707200
2015-11-18,4.784327030181885,4.797077180213571,4.563996522081489,4.575949645247124,98138400
2015-11-19,4.791499614715576,4.858435752845176,4.766797703399092,4.792297097740819,51979200
2015-11-20,4.886724472045898,4.900669253071733,4.846482815105243,4.858435484555959,50997600
2015-11-23,4.847280025482178,4.948480564509173,4.785522746266176,4.892700531612601,56438400
2015-11-24,4.83213996887207,4.868397409447549,4.678745980987063,4.753251150225144,66247200
2015-11-25,4.842896938323975,4.873576552726785,4.816999486302923,4.850866297029961,27988800
2015-11-27,4.8604278564453125,4.895887346535516,4.816998553227773,4.877559375343434,13603200
2015-11-30,4.82974910736084,4.90983299931702,4.781937515530343,4.909036428231095,46636800
2015-12-01,4.9731831550598145,4.9731831550598145,4.868396892222631,4.883935728537655,58521600
2015-12-02,4.882740020751953,5.0496811671687105,4.857240626628573,4.9827454855774045,61046400
2015-12-03,4.633722305297852,4.943301223718777,4.548459554752228,4.9213884496954305,112956000
2015-12-04,4.952066421508789,4.980354496320536,4.645674744933579,4.673166248715408,86644800
2015-12-07,4.891506195068359,4.9759728283349745,4.818991776442754,4.966809296589643,69225600
2015-12-08,4.891903400421143,4.936926764198526,4.730540080483186,4.7365164153021615,81300000
2015-12-09,4.664003372192383,4.905451061487973,4.580732278138783,4.822577569057444,144866400
2015-12-10,4.730142116546631,4.822576726350346,4.656830682382424,4.69786936383827,81463200
2015-12-11,4.405822277069092,4.603044104325262,4.395463203294056,4.5663890604952,147436800
2015-12-14,4.504631519317627,4.508616198733466,4.234496792095288,4.42494613837349,116172000
2015-12-15,4.581129550933838,4.701057043814331,4.568380309896379,4.620176124956327,95779200
2015-12-16,4.783531665802002,4.8118197431713785,4.538099309167347,4.677947921705773,98256000
2015-12-17,4.584317684173584,4.851263839671435,4.578341349164437,4.847280528262271,94756800
2015-12-18,4.332509994506836,4.567184759927951,4.322947949757126,4.534912003963062,102477600
2015-12-21,4.461203575134277,4.461601176742104,4.34247161885769,4.439688403727283,64029600
2015-12-22,4.5456695556640625,4.565590672064088,4.4596093296926735,4.530927747141993,67022400
2015-12-23,4.649659633636475,4.656831053054659,4.591887028984792,4.61698790887868,54948000
2015-12-24,4.640097141265869,4.683127481710951,4.637706516133907,4.645674962597034,24240000
2015-12-28,4.63890266418457,4.63890266418457,4.509811625943802,4.607426475795935,51336000
2015-12-29,4.850467681884766,4.885529576507586,4.709822501800281,4.719385002502916,72652800
2015-12-30,4.726556301116943,4.847677963173313,4.722970591427775,4.84170162836966,44796000
2015-12-31,4.551247596740723,4.700260655168274,4.546068744577923,4.6751593177484585,87952800
2016-01-04,4.273144721984863,4.273144721984863,4.093452966956106,4.248043841441199,132933600
2016-01-05,4.234896183013916,4.340081425246752,4.177123569334475,4.322948533159644,66163200
2016-01-06,4.121343612670898,4.185490158058813,4.017752433969664,4.023330255666176,121893600
2016-01-07,3.729290246963501,4.0042057762279075,3.723712425173791,3.8528034571214302,170174400
2016-01-08,3.641238212585449,3.879497811035017,3.6245040618466557,3.8101710385134138,165909600
2016-01-11,3.6731114387512207,3.7464226518759913,3.502185615236657,3.716938350848867,168088800
2016-01-12,3.797022819519043,3.8539986312282024,3.6416355893002446,3.771921708952605,158760000
2016-01-13,3.3997902870178223,3.8695374586165783,3.3866420754213165,3.8428425218663693,206700000
2016-01-14,3.619722604751587,3.7113606553402056,3.2790662587486405,3.4428202123264047,181708800
2016-01-15,3.287034511566162,3.3985948203198695,3.1447954997759964,3.2583476922776753,282357600
2016-01-19,3.300978899002075,3.4312647688663342,3.187825461551175,3.415726162436392,129614400
2016-01-20,3.271097183227539,3.3778762421427566,2.930043001875042,3.145990833060551,277348800
2016-01-21,3.283050060272217,3.426883136213597,3.181849728608471,3.312135623103511,169056000
2016-01-22,3.5659351348876953,3.571512729216735,3.4468044227078827,3.476288728524014,143440800
2016-01-25,3.405367374420166,3.5894413974614157,3.398594468815897,3.5340594203777917,138542400
2016-01-26,3.502584218978882,3.544020504282887,3.3619383611708766,3.450389664895382,121519200
2016-01-27,3.2420120239257812,3.482661957261963,3.195395750127771,3.4388352778172044,179157600
2016-01-28,3.3699073791503906,3.402577731923276,3.207746368049586,3.3942107730059905,157785600
2016-01-29,3.5894417762756348,3.5894417762756348,3.3687126955025883,3.377477485573814,128858400
2016-02-01,3.6097614765167236,3.6551822148276734,3.4922246095059624,3.5308726697780557,114120000
2016-02-02,3.3806657791137695,3.5671302290895786,3.347595536995718,3.5671302290895786,128433600
2016-02-03,3.3328542709350586,3.445211160161538,3.1531627229045665,3.44441367705168,235651200
2016-02-04,3.3268773555755615,3.4085546130482687,3.213325173399826,3.2997836809771153,142017600
2016-02-05,2.9846267700195312,3.298190303518291,2.9475729962836,3.295002195722616,214888800
2016-02-08,2.84836483001709,2.88382455591167,2.683016819185849,2.8180839563147293,257481600
2016-02-09,2.815295457839966,2.947972195607154,2.718078673400898,2.7308281427908123,229747200
2016-02-10,2.8487632274627686,3.024867890915846,2.844379807007007,2.9184875861680557,187764000
2016-02-11,2.8419899940490723,2.9049421440951013,2.7164848914810906,2.7411881735592196,238538400
2016-02-12,2.9631123542785645,2.975463766364164,2.853544839600916,2.9308395966136263,158215200
2016-02-16,3.1603341102600098,3.1603341102600098,3.0427972467293753,3.1005698506831396,149656800
2016-02-17,3.3786728382110596,3.3958055008943853,3.2113329427028168,3.2404185039187117,182616000
2016-02-18,3.263925552368164,3.4157268496453956,3.253167965759063,3.414531536912985,128949600
2016-02-19,3.2977921962738037,3.325283703752551,3.1961928990886714,3.2268716030458897,119467200
2016-02-22,3.453577756881714,3.465131913469091,3.3778761449077876,3.387438417791457,124132800
2016-02-23,3.281456708908081,3.422101429601791,3.278268600798015,3.3926180410779017,133912800
2016-02-24,3.3790712356567383,3.3906253914855053,3.1093355009377324,3.170295072062171,175279200
2016-02-25,3.472303628921509,3.4762883083369873,3.3089484156147293,3.401383038013641,129799200
2016-02-26,3.4643356800079346,3.559958646146614,3.4408277110989656,3.55159168505578,124288800
2016-02-29,3.3726956844329834,3.5336613868860076,3.3726956844329834,3.4563657315287237,114984000
2016-03-01,3.695423126220703,3.6962206092171574,3.4376402813464355,3.4651317863808773,155568000
2016-03-02,3.6994075775146484,3.7033920284781785,3.61414347305425,3.6814781181351304,96986400
2016-03-03,3.678689479827881,3.6930327757025965,3.600598151624966,3.6898458072530835,103298400
2016-03-04,3.6850643157958984,3.7555861618548074,3.610956532011387,3.6926347047663577,118922400
2016-03-07,3.61653470993042,3.6922363272726137,3.536849324898307,3.627691037726355,94562400
2016-03-08,3.52091121673584,3.6356587101999596,3.5069666640230706,3.53963815941437,106281600
2016-03-09,3.5882465839385986,3.594621660879127,3.506170574591972,3.568325465923243,104172000
2016-03-10,3.5746986865997314,3.6998059192843447,3.4372409567629605,3.6456192614912077,171727200
2016-03-11,3.7599689960479736,3.763953675861842,3.658768661571663,3.690244850713549,84830400
2016-03-14,3.7818825244903564,3.8097730005098507,3.717735979927014,3.722118260940344,78583200
2016-03-15,3.7794923782348633,3.789850995098146,3.70578332774477,3.7436336809337116,96559200
2016-03-16,3.875910758972168,3.9081835123258752,3.7460236305040646,3.7460236305040646,88228800
2016-03-17,3.8647565841674805,3.8994199715760995,3.8014063733772145,3.8464286064731703,63753600
2016-03-18,3.887068033218384,3.9197393061183496,3.8292954213037773,3.896630078966436,73768800
2016-03-21,3.9332849979400635,3.9464327519170768,3.8627631540401226,3.8703335427788206,68004000
2016-03-22,3.9683473110198975,3.9982294436993167,3.865951215197492,3.8695373811753306,63607200
2016-03-23,3.8739192485809326,3.9559952483136107,3.8468262576744796,3.9472302309926404,77227200
2016-03-24,3.8727240562438965,3.8798954753037487,3.7970222228816484,3.8109676874185276,63511200
2016-03-28,3.8587799072265625,3.9125678388044873,3.8400529616254357,3.911770355717726,64692000
2016-03-29,4.043251991271973,4.052017922646909,3.818937164978685,3.837662744677302,89896800
2016-03-30,4.103813171386719,4.17991284416106,4.077516748851747,4.116961382654205,104942400
2016-03-31,4.079907417297363,4.140468254126194,4.066759205890891,4.094648770979262,59260800
2016-04-01,4.215771198272705,4.220552448780106,3.9950421194410484,4.017752375403486,81511200
2016-04-04,4.163576602935791,4.223340856030897,4.138475726067462,4.209395164495605,68316000
2016-04-05,4.0516180992126465,4.116562123892347,4.0305018983101695,4.068352019299039,73420800
2016-04-06,4.245654106140137,4.248841303084289,4.0599859772037945,4.0639706573318275,91044000
2016-04-07,4.062376499176025,4.194256686616951,4.0093860455845105,4.173538083148023,126112800
2016-04-08,4.052812099456787,4.164770645621111,4.01057925773774,4.136084066651394,83121600
2016-04-11,4.009385585784912,4.165569157315003,4.006197477357316,4.105406377768712,68529600
2016-04-12,4.103015422821045,4.130905897740125,3.942050613510069,4.01695474079569,91212000
2016-04-13,4.263182640075684,4.283502265151416,4.186286419563681,4.203020791700483,81091200
2016-04-14,4.2659735679626465,4.312988596691112,4.232505721577009,4.264379513589837,55620000
2016-04-15,4.233301162719727,4.282307834401468,4.201028409763689,4.252028104844614,41546400
2016-04-18,4.2958550453186035,4.304620975129471,4.189873700001077,4.198240660314701,50731200
2016-04-19,4.221747398376465,4.342869975541972,4.153616176703432,4.338885296269839,79291200
2016-04-20,4.232106685638428,4.289082267338723,4.17712321569306,4.216169791599016,53884800
2016-04-21,4.233301162719727,4.277526584489813,4.175927531675134,4.22971545326853,66736800
2016-04-22,4.041658401489258,4.125726067888337,3.9436450403473704,4.0707430518263354,100660800
2016-04-25,4.038468837738037,4.040859462266023,3.9814941863418976,3.997431531206802,48475200
2016-04-26,3.9830899238586426,4.086680657431066,3.945238428824613,4.061978742772472,54657600
2016-04-27,3.8874661922454834,3.912168559476499,3.787460270803439,3.8623653114852314,91502400
2016-04-28,3.74960994720459,3.9671515992683632,3.722914784157415,3.900215916771113,80385600
2016-04-29,3.689845561981201,3.767539055422096,3.5978085456364575,3.736860353950598,95630400
2016-05-02,3.7874600887298584,3.8045927499248835,3.667533740190254,3.712954477089264,59008800
2016-05-03,3.6866583824157715,3.757976799790706,3.6527915726407976,3.70817355287746,72981600
2016-05-04,3.61374568939209,3.6563772861984614,3.585058873196208,3.61892476896454,77572800
2016-05-05,3.611752986907959,3.675103183460483,3.586254278025063,3.6480104205518433,71988000
2016-05-06,3.663947820663452,3.667135016829612,3.5440205596006438,3.5539815735414053,78424800
2016-05-09,3.696220874786377,3.7464228661870154,3.662354062998216,3.6675340551263806,59270400
2016-05-10,3.8512089252471924,3.8535995502791676,3.7165403161958266,3.7356648604865255,58240800
2016-05-11,3.7460238933563232,3.866348986291391,3.7404462999585633,3.8324830885246377,63532800
2016-05-12,3.6934311389923096,3.782280955923897,3.6161363898304675,3.7755071382778023,92371200
2016-05-13,3.6488070487976074,3.751601420761556,3.6316750714383073,3.6910405898221867,77983200
2016-05-16,3.7894532680511475,3.8296942453248897,3.659564980534976,3.6635494320916284,58646400
2016-05-17,3.6440258026123047,3.8117644263583847,3.6173317807446357,3.78506949256048,93614400
2016-05-18,3.6854629516601562,3.7448284693213916,3.598605017574764,3.6237058969868188,118984800
2016-05-19,3.627291679382324,3.6711195000311063,3.5480050493736366,3.6404396608048852,127048800
2016-05-20,3.7484145164489746,3.7914446292670703,3.6651432015014107,3.671517365969927,62676000
2016-05-23,3.7300865650177,3.800210814239753,3.722517087464526,3.757977041674079,43464000
2016-05-24,3.958386182785034,3.9703388531284234,3.7914448037070896,3.7942341704891787,75002400
2016-05-25,4.043650150299072,4.077914561898066,3.981495263648683,4.003806549373488,70423200
2016-05-26,4.077516078948975,4.092257430053163,4.024923698484688,4.057196451030415,47635200
2016-05-27,4.138874053955078,4.1420621622541445,4.083891040889971,4.084289554427354,53570400
2016-05-31,4.163576602935791,4.183098747224937,4.101819782503453,4.161584035598559,56474400
2016-06-01,4.165170192718506,4.191865126326885,4.114570376038927,4.12572556257138,50268000
2016-06-02,4.188679218292236,4.191069844124065,4.071939345991779,4.136883389188221,52329600
2016-06-03,4.131304740905762,4.17234251758573,4.050423360310039,4.164772583934913,77764800
2016-06-06,4.175529956817627,4.208599284604815,4.132500070534022,4.150030562294687,42998400
2016-06-07,4.146046161651611,4.195451355852388,4.138077714318794,4.1890765067931,38553600
2016-06-08,4.164374351501465,4.190670776208198,4.119749949829967,4.168756632987392,41131200
2016-06-09,4.146046161651611,4.158397802175684,4.090665087916393,4.114570885880017,49864800
2016-06-10,4.006596088409424,4.055203794417446,3.9615740921313085,4.03448656307359,80880000
2016-06-13,3.903801918029785,4.002214249356932,3.888662050403488,3.939261873620362,59524800
2016-06-14,3.9057936668395996,3.944042762307539,3.8169449749334485,3.871928220655555,70864800
2016-06-15,3.870732307434082,3.944042382744713,3.849217136308274,3.931293141447533,53188800
2016-06-16,3.898622512817383,3.9137632937688713,3.736462359569215,3.813757126964123,82180800
2016-06-17,3.765148401260376,3.882685266286855,3.739250950283912,3.882685266286855,83510400
2016-06-20,3.8328816890716553,3.949621544763038,3.8273038669011403,3.900216348519938,69621600
2016-06-21,3.8711307048797607,3.8954350169046803,3.8292954435886815,3.856389350588902,43207200
2016-06-22,3.8460285663604736,3.94643253423985,3.8348733805340287,3.8822859980607483,51648000
2016-06-23,4.008189678192139,4.00978282014853,3.8866681474229057,3.9352772156956695,64279200
2016-06-24,3.5173258781433105,3.759172301227132,3.4902331129099067,3.585855844229668,162751200
2016-06-27,3.3125340938568115,3.4420224857555355,3.2591439991223554,3.4372414635864117,117981600
2016-06-28,3.520115852355957,3.5248968757556436,3.410149578371801,3.413336547333902,99734400
2016-06-29,3.7029941082000732,3.7288917913022193,3.5994031478088924,3.606176054799504,104232000
2016-06-30,3.8376622200012207,3.842045869037199,3.6894470974365325,3.725305565414108,82905600
2016-07-01,3.8902554512023926,3.936871509794308,3.8265074120021385,3.8308896935773853,65712000
2016-07-05,3.821326732635498,3.847224411653698,3.759570816508468,3.840052536249371,65469600
2016-07-06,3.9113717079162598,3.91973866756972,3.732078933687649,3.7691329378423326,86738400
2016-07-07,3.9484260082244873,3.9763151158860173,3.8946380807284946,3.928902492948571,63115200
2016-07-08,4.130905628204346,4.140467672269294,3.996236792548526,4.006994377099778,75021600
2016-07-11,4.201427459716797,4.2496375613137145,4.173935500180568,4.1779201791600205,71323200
2016-07-12,4.2675676345825195,4.301433538693337,4.250833711341678,4.279520762586842,57895200
2016-07-13,4.23768424987793,4.30462037908365,4.234895111504544,4.302229754187187,63206400
2016-07-14,4.323745250701904,4.3468535625377305,4.291472496095987,4.3217526831659425,54952800
2016-07-15,4.299441814422607,4.359206085600169,4.273145389195616,4.351635695323366,42708000
2016-07-18,4.38510274887085,4.409806027212195,4.30740902799346,4.31099519367242,41930400
2016-07-19,4.339681625366211,4.379524768144797,4.316573313860195,4.342869733378249,39333600
2016-07-20,4.488296031951904,4.514990966946786,4.393469874041622,4.406220027207711,45362400
2016-07-21,4.4616007804870605,4.525349717935118,4.42335169159729,4.501842892855566,56402400
2016-07-22,4.5133957862854,4.530130158654268,4.428132150540087,4.471959964672343,43401600
2016-07-25,4.5173821449279785,4.517780202542541,4.470367573750987,4.503436449462473,38121600
2016-07-26,4.5325212478637695,4.580332838126684,4.462398372484365,4.512998189439165,68176800
2016-07-27,4.620973110198975,4.66041774531638,4.56638860750356,4.6436833675311595,65282400
2016-07-28,4.671175956726074,4.688706452047921,4.60264575006788,4.6464735842508125,43560000
2016-07-29,4.701852798461914,4.740500855996622,4.659221429845185,4.704642392921599,51316800
2016-08-01,4.775562763214111,4.811819283933419,4.695876478856382,4.713407880902973,52658400
2016-08-02,4.66798734664917,4.768788918139452,4.576746907240054,4.755243107091367,80553600
2016-08-03,4.712213039398193,4.714603664529421,4.648464099817391,4.657627630861125,42667200
2016-08-04,4.7544450759887695,4.7679917974052115,4.676353766998248,4.7110171414688224,42014400
2016-08-05,4.891903400421143,4.92258301347484,4.8110229396601385,4.831342569237682,61740000
2016-08-08,4.876366138458252,4.903061078451074,4.827757965774639,4.900271483211842,37951200
2016-08-09,4.908637523651123,4.953660429146364,4.876763283625148,4.884731729640368,39909600
2016-08-10,4.870787143707275,4.919793818202904,4.830944000109206,4.912223429413922,43860000
2016-08-11,4.933739185333252,4.964418801677995,4.889912269327599,4.9166072060671295,34324800
2016-08-12,4.942902565002441,4.942902565002441,4.890310185926191,4.904653479135156,34137600
2016-08-15,5.0050578117370605,5.038127136841257,4.955652168900835,4.960433418977258,28627200
2016-08-16,4.9261698722839355,4.980355406793285,4.91939605351814,4.975973125414847,31298400
2016-08-17,4.949277400970459,4.952863110603316,4.844092177410584,4.926169089145283,44918400
2016-08-18,4.954058647155762,4.973183193551061,4.908638134445145,4.93373901609551,28377600
2016-08-19,4.9472856521606445,4.979159895581862,4.885529732999358,4.926966021464369,36808800
2016-08-22,4.952066421508789,4.983940205867918,4.898278498472559,4.923778346697042,36621600
2016-08-23,4.981550693511963,5.040917362808179,4.977964983163687,5.012230312126371,31327200
2016-08-24,4.8855299949646,4.995894084265393,4.838913939959308,4.97437891180677,35599200
2016-08-25,4.862421035766602,4.907045437369113,4.830148275303282,4.846882197921627,29222400
2016-08-26,4.885926723480225,4.97876121527409,4.7970778225152895,4.868795203216575,53656800
2016-08-29,4.899473667144775,4.943300117312595,4.885926489083058,4.888716083353921,24916800
2016-08-30,4.85524845123291,4.922583101432188,4.8058432617760465,4.881544872064417,32875200
2016-08-31,4.842498302459717,4.856044111927134,4.779148343385897,4.834131343939214,35808000
2016-09-01,4.864015102386475,4.893498267867711,4.773969727759866,4.845687125403691,42976800
2016-09-02,4.920989513397217,4.979957665057209,4.869193693871612,4.950473133262042,45369600
2016-09-06,5.0122294425964355,5.016213209874918,4.916606716854534,4.9504726144251805,32992800
2016-09-07,5.021393299102783,5.049681377158733,4.968004339406279,5.027768603863877,29037600
2016-09-08,4.935333251953125,4.9831443917188665,4.897084157754463,4.980355252777765,35032800
2016-09-09,4.561208724975586,4.844890185306474,4.561208724975586,4.815008052554808,80457600
2016-09-12,4.79508638381958,4.826562573142032,4.484311906222964,4.4926788675462195,65325600
2016-09-13,4.681931495666504,4.776359127550982,4.609418001400691,4.730938622260918,62654400
2016-09-14,4.742094993591309,4.820983796133451,4.68910364108521,4.693884891170214,55764000
2016-09-15,4.962028980255127,4.98553581234696,4.745283622591062,4.749268302841877,65930400
2016-09-16,4.956449508666992,4.973183430564746,4.884732570257996,4.949676601967558,40761600
2016-09-19,4.891506195068359,5.041314459087474,4.865209772576606,4.99430080375595,45835200
2016-09-20,4.918599605560303,4.98035553155806,4.8958888911325396,4.940513292827375,37891200
2016-09-21,5.061634540557861,5.084344797069983,4.896287440165405,4.980355103825319,69300000
2016-09-22,5.179967880249023,5.201882023082205,5.138133074378475,5.156461051019048,39050400
2016-09-23,5.086734771728516,5.16642105601408,5.063227947096109,5.16363191751316,36532800
2016-09-26,4.960434436798096,5.017011510392778,4.9357320662764606,4.999082502875035,40941600
2016-09-27,5.101078510284424,5.110243409541162,4.935731416634153,4.954855962381684,41450400
2016-09-28,5.128970146179199,5.138133679613698,5.051276405021917,5.11940809912467,37848000
2016-09-29,5.020196914672852,5.132155025175702,4.9528622782231,5.107054150033946,57415200
2016-09-30,5.123391628265381,5.174390421544118,5.041314704388999,5.066416043427585,39993600
2016-10-03,5.111835479736328,5.126976712221032,5.046094890149426,5.1058591454038975,40879200
2016-10-04,5.082751750946045,5.185546361461662,5.026971252563174,5.148093838825698,56102400
2016-10-05,5.135741710662842,5.185545868905637,5.121796929365561,5.128968804754663,34428000
2016-10-06,5.127774238586426,5.16084311233431,5.054861760637076,5.116617682876488,37264800
2016-10-07,5.094305038452148,5.163232824616234,5.0209940599113505,5.144108280992341,45280800
2016-10-10,5.185545921325684,5.226185637011179,5.166819433614576,5.169608572288276,29944800
2016-10-11,4.971191883087158,5.181163394477708,4.902661683787126,5.174789001201631,64821600
2016-10-12,4.9608330726623535,5.007050157903515,4.910232338310504,4.97637145360619,41028000
2016-10-13,4.902660846710205,4.942902959107297,4.767992464460001,4.85724033859953,52214400
2016-10-14,4.913817882537842,5.032947441602344,4.909435601470555,4.9688008962491965,40905600
2016-10-17,4.879951000213623,4.938122121418434,4.860428852551926,4.912622270712364,27931200
2016-10-18,5.0050578117370605,5.077172796558428,5.000276561660638,5.050079806067209,38484000
2016-10-19,5.007049560546875,5.026970676294417,4.9799570255162635,4.995893462149184,23527200
2016-10-20,4.985934257507324,5.020995245146514,4.901466705290506,4.983941233643682,34975200
2016-10-21,5.040119647979736,5.051674717596829,4.9496766745009895,4.996691700279856,29316000
2016-10-24,5.223794460296631,5.234153530892865,5.138131845217403,5.142116524029872,34324800
2016-10-25,5.171599864959717,5.236145371688276,5.1512802365257775,5.228575895168398,29856000
2016-10-26,5.072391510009766,5.154069450361789,5.024182319952046,5.071993452477179,47654400
2016-10-27,5.001471996307373,5.1468984285620305,4.978761740802272,5.134546789005791,51520800
2016-10-28,4.915012836456299,5.033744790750687,4.860826395305322,4.954058499202381,71479200
2016-10-31,4.8871235847473145,4.962825208841605,4.884732959147999,4.962825208841605,28452000
2016-11-01,4.786717891693115,4.918598030684261,4.654439695214272,4.918598030684261,50961600
2016-11-02,4.662010669708252,4.803053886280126,4.630135520139701,4.770781591142832,40881600
2016-11-03,4.527740955352783,4.6867136670581235,4.510608064174131,4.642886751098021,43507200
2016-11-04,4.476344585418701,4.584716585285057,4.453633867595515,4.485906632950624,42460800
2016-11-07,4.797077655792236,4.812217520027952,4.674760009733411,4.693087981749398,50481600
2016-11-08,4.891107559204102,4.955653079196753,4.749267732580145,4.781141523037528,55293600
2016-11-09,4.959636688232422,4.981549458475935,4.70424334648463,4.717790525241653,91646400
2016-11-10,4.723766803741455,5.048087928177442,4.520967213541473,5.019798486500221,123984000
2016-11-11,4.719783306121826,4.754048634759509,4.605833499544033,4.650855503159314,56781600
2016-11-14,4.5604119300842285,4.738907234770835,4.5086161142653225,4.7285486187652195,88776000
2016-11-15,4.771577835083008,4.815007140488731,4.662806910709109,4.675955119583713,52785600
2016-11-16,4.84927225112915,4.864412117642623,4.699463080472975,4.699463080472975,43168800
2016-11-17,4.961629390716553,4.961629390716553,4.815804885031219,4.846085532976321,37768800
2016-11-18,4.905849933624268,5.003065817396438,4.890709153279448,4.970793056689758,31528800
2016-11-21,5.053266525268555,5.068805358567987,4.934933104852208,4.936926128131994,41812800
2016-11-22,5.09868860244751,5.139726834790577,5.0632286478783515,5.11462595270347,38340000
2016-11-23,5.03732967376709,5.066812828110377,4.972385207665769,5.049679942376333,36912000
2016-11-25,5.085939407348633,5.093509797657187,5.0405184333929265,5.061237036370122,19140000
2016-11-28,5.057650089263916,5.123788738093755,5.036931491352966,5.0628289408027385,35733600
2016-11-29,5.106259346008301,5.176382232907407,5.02497990278793,5.062033458161939,37291200
2016-11-30,4.940910339355469,5.1289690591779475,4.913817802448585,5.116617419400934,75648000
2016-12-01,4.669580459594727,4.916207874363645,4.640495814248687,4.915808904907834,93192000
2016-12-02,4.688307285308838,4.747673032700548,4.632526791697839,4.673963990360367,51492000
2016-12-05,4.796679496765137,4.856044785572345,4.698267180205415,4.764007773114118,44971200
2016-12-06,4.831343173980713,4.858835138326409,4.774766102962987,4.833733799400563,34627200
2016-12-07,5.010636329650879,5.034542129567748,4.761220624805721,4.803055432686335,74433600
2016-12-08,5.041314125061035,5.081953840780519,4.994300472844533,5.023385120339722,56508000
2016-12-09,5.1592512130737305,5.168015776853851,5.09829139671646,5.09829139671646,51336000
2016-12-12,5.0875325202941895,5.121398417742962,5.0289638004727895,5.088728060842042,47575200
2016-12-13,5.286347389221191,5.368025325362328,5.135741212416995,5.1429130871103155,84597600
2016-12-14,5.2477006912231445,5.354081000406317,5.20267778378163,5.296707365879385,71188800
2016-12-15,5.279574394226074,5.366830613169624,5.233754916443091,5.262043903701516,53212800
2016-12-16,5.215428829193115,5.338543535160103,5.186343265456617,5.304277750858768,57376800
2016-12-19,5.279175758361816,5.374798478863986,5.213833680009942,5.237340960631211,41786400
2016-12-20,5.342925071716309,5.368822523208275,5.3110508292995275,5.320613330007126,31392000
2016-12-21,5.3241987228393555,5.355673993893606,5.290730884285365,5.344916409220523,24144000
2016-12-22,5.277980327606201,5.333760814196321,5.2210052125379995,5.326588939642219,32760000
2016-12-23,5.294317722320557,5.296708347864696,5.239334702700956,5.25646668316442,16125600
2016-12-27,5.371611595153809,5.4636486114775895,5.317425155736111,5.323003889033055,37821600
2016-12-28,5.247302055358887,5.421414610504641,5.23574789959978,5.404283089581944,45669600
2016-12-29,5.221802711486816,5.277583207989779,5.174788600938535,5.244512967663079,42864000
2016-12-30,5.069203853607178,5.254871913669558,5.020197185039443,5.251683805977585,52692000
2017-01-03,5.191921234130859,5.254873614400109,5.114626468291371,5.164031666310509,48823200
2017-01-04,5.280370712280273,5.309456269189628,5.209052757119524,5.215825662515933,33256800
2017-01-05,5.374001979827881,5.380774885482539,5.271207382924105,5.275988633004538,30686400
2017-01-06,5.510265350341797,5.552499125265003,5.342925672818541,5.383963907036229,47899200
2017-01-09,5.566044807434082,5.593934826738826,5.512655394018161,5.523811948898218,33086400
2017-01-10,5.597919940948486,5.650512331397486,5.53456996427524,5.563654614488694,33168000
2017-01-11,5.640949726104736,5.644933493388036,5.519827150720084,5.60190315276087,47052000
2017-01-12,5.61226224899292,5.628996167736137,5.46085904139932,5.585168803441913,40258800
2017-01-13,5.6768083572387695,5.7039013496990485,5.628996764929913,5.630589907117702,29306400
2017-01-17,5.623418807983398,5.657684133997816,5.574810641809969,5.6258094333316215,27765600
2017-01-18,5.661667823791504,5.672823923274789,5.604294184118383,5.649714697214715,24664800
2017-01-19,5.646527290344238,5.740555957848687,5.6146530498431275,5.677604503845907,29865600
2017-01-20,5.683182716369629,5.765259632256237,5.641746428846858,5.721431807605326,28423200
2017-01-23,5.695933818817139,5.721432761259324,5.591545143626001,5.6656531692170535,27625200
2017-01-24,5.814663887023926,5.839367165957267,5.703104721984523,5.727010517901613,25845600
2017-01-25,5.9843950271606445,5.993160501447563,5.907099812787027,5.919849510665243,28074000
2017-01-26,6.009098529815674,6.044957458113821,5.977223825558384,6.011489155433231,25428000
2017-01-27,6.037783622741699,6.057704736484032,5.982800619268755,6.040174247583792,16624800
2017-01-30,5.9007248878479,5.9772230741319134,5.799524333229941,5.974035877685991,37521600
2017-01-31,5.868053913116455,5.868053913116455,5.760478512562164,5.8401638931286435,29808000
2017-02-01,5.979613304138184,6.017862394751552,5.903115122911446,5.982801412303655,36255600
2017-02-02,5.964474201202393,6.020253790176473,5.899928681547085,5.949333877235153,28947600
2017-02-03,6.016269207000732,6.036190323232672,5.970050758254238,5.98837873234577,24096000
2017-02-06,6.0385823249816895,6.041769521919332,5.970849602421902,5.986786043075342,20853600
2017-02-07,6.100735664367676,6.142969432727368,6.060892521082315,6.0704545654145265,23317200
2017-02-08,6.135000228881836,6.158906024261497,6.04575280766367,6.079220647616123,18483600
2017-02-09,6.198749542236328,6.241779885320746,6.142172474561587,6.151734519710819,25762800
2017-02-10,6.260108470916748,6.2872010108089995,6.209906247101122,6.241780493981998,23936400
2017-02-13,6.370073318481445,6.393181630191686,6.309511576775332,6.319074077035537,21494400
2017-02-14,6.429837703704834,6.432228328816915,6.314292951124791,6.374057211031468,31332000
2017-02-15,6.5406012535095215,6.553350495146702,6.40672897271986,6.421869295618277,36782400
2017-02-16,6.535022258758545,6.595583083516384,6.4880072443283385,6.556537426596154,31975200
2017-02-17,6.617100238800049,6.6218814899700265,6.503947000878631,6.507930312934794,25803600
2017-02-21,6.722283840179443,6.73184588421494,6.648175833070137,6.663315698129248,33364800
2017-02-22,6.723081111907959,6.739815489788057,6.666504953019574,6.701566395135325,21528000
2017-02-23,6.650566577911377,6.7533611749445965,6.567693096296538,6.752564603906924,31338000
2017-02-24,6.68642520904541,6.68642520904541,6.550162769925466,6.554944020131633,25365600
2017-02-27,6.7063469886779785,6.710331668220885,6.614708934459513,6.6513639737608345,26218800
2017-02-28,6.653753757476807,6.713518015513814,6.593192928404103,6.7071436233678385,20952000
2017-03-01,6.868905067443848,6.900780220264621,6.738221363740229,6.7700951486656775,31627200
2017-03-02,6.760533332824707,6.865718103335264,6.738221591429941,6.865718103335264,21459600
2017-03-03,6.795595645904541,6.805157691101741,6.692801038235021,6.744595943682101,17323200
2017-03-06,6.748580455780029,6.786032976450224,6.670488218107999,6.7222844901659995,19387200
2017-03-07,6.715113639831543,6.805158561444282,6.683239847787625,6.705551137446199,17714400
2017-03-08,6.749377250671387,6.8147202492183085,6.708737532322048,6.731846758335816,19326000
2017-03-09,6.770095348358154,6.794797714790048,6.659332756965859,6.7477836070592065,22086000
2017-03-10,6.844203472137451,6.881656450342936,6.766111231191542,6.856953169928804,25728000
2017-03-13,6.884045600891113,6.89041999287824,6.831453219276586,6.837827611263712,16941600
2017-03-14,6.8330464363098145,6.8473897303684685,6.750970439011025,6.837031115293144,26510400
2017-03-15,6.952576160430908,7.00596603486706,6.809141826992213,6.880062650530961,31906800
2017-03-16,6.948591709136963,7.000387068255992,6.89838994815272,7.000387068255992,19437600
2017-03-17,6.931858062744141,6.992418897945451,6.927873383302011,6.96452842167629,17660400
2017-03-20,6.952576160430908,7.001981811155593,6.900781252181837,6.931858470710385,18348000
2017-03-21,6.642599105834961,7.052183015944916,6.626661300326891,7.029871273742983,46784400
2017-03-22,6.773282051086426,6.791610023781997,6.615504451528044,6.64658166406193,35686800
2017-03-23,6.719097137451172,6.801969711726711,6.687221983120655,6.748580298710639,29532000
2017-03-24,6.755751609802246,6.861733399932802,6.684034228419725,6.782844143622502,25843200
2017-03-27,6.791610240936279,6.826672133499247,6.568490557242724,6.617895288086755,37629600
2017-03-28,6.919107913970947,6.978075606979737,6.748580595635409,6.790814367643445,42000000
2017-03-29,7.010746002197266,7.020308502126249,6.909544549820862,6.925481897714137,24085200
2017-03-30,7.045807838439941,7.068917064088779,6.985247003400818,7.008356229049654,26463600
2017-03-31,7.029073715209961,7.0856507811197265,6.991622106897471,7.0147304199509914,27073200
2017-04-03,7.013934135437012,7.098400768259493,6.902373597206942,7.0497926030321185,32260800
2017-04-04,7.045807838439941,7.051386572030043,6.9477944820802335,6.952575732625865,16212000
2017-04-05,6.965325832366943,7.201992716934389,6.923888631934379,7.080073564751662,36680400
2017-04-06,6.970902919769287,7.029073122960295,6.920701162610182,6.98923089280078,30825600
2017-04-07,6.962934970855713,7.025885968458865,6.8872329092448235,6.966121710936173,20787600
2017-04-10,6.970902919769287,7.054572970999558,6.911138662599821,6.98684026779819,24188400
2017-04-11,6.883248805999756,6.978871990806685,6.727861814636201,6.943810551547264,42673200
2017-04-12,6.792407035827637,6.889623814614758,6.771689348758253,6.875280519895881,34047600
2017-04-13,6.711925506591797,6.882452823640632,6.7079408271770244,6.76531446558891,30685200
2017-04-17,6.871295928955078,6.880061858462373,6.760533337018402,6.768501327558844,18166800
2017-04-18,6.85137414932251,6.907153725425859,6.794797090294646,6.807547241820219,25377600
2017-04-19,6.875280857086182,6.997996579189138,6.846593810276387,6.930263869509387,28784400
2017-04-20,7.041823863983154,7.092025622090824,6.927076141516143,6.958950382211117,41246400
2017-04-21,7.038636684417725,7.07369858178969,6.9900285179417265,7.0649326514815325,27013200
2017-04-24,7.294426441192627,7.315145038858861,7.240240917944704,7.271318130496423,30036000
2017-04-25,7.456189155578613,7.492844191203162,7.350207359952834,7.366941279686892,32056800
2017-04-26,7.42351770401001,7.516750262471163,7.407581266677082,7.463360849185424,43830000
2017-04-27,7.553407192230225,7.554203763419488,7.460971192851503,7.479299625647624,28838400
2017-04-28,7.596436977386475,7.653810161238181,7.558187884175233,7.645044687048293,34250400
2017-05-01,7.787682056427002,7.826728174793315,7.656996977168697,7.66655947797887,32317200
2017-05-02,7.83389949798584,7.84505605277044,7.766166789953196,7.8259310513855596,30206400
2017-05-03,7.756604194641113,7.786884838510954,7.693651825792361,7.786087811474597,36793200
2017-05-04,7.764573097229004,7.796446885113553,7.684887715587333,7.760588873743436,36303600
2017-05-05,7.8490400314331055,7.8490400314331055,7.736682918570445,7.820353438847229,27253200
2017-05-08,7.896052837371826,7.899240033185408,7.813179362707764,7.860990947632025,30633600
2017-05-09,7.982913017272949,8.034708841053936,7.91597641279131,7.933508275043317,37858800
2017-05-10,7.99566125869751,8.002833590113532,7.9111937192939354,7.991677035435386,28096800
2017-05-11,7.97653865814209,7.9805219702173975,7.819557131753012,7.931117227774212,31216800
2017-05-12,8.028331756591797,8.033113006704655,7.966177328985077,7.98689547152065,29269200
2017-05-15,8.10323715209961,8.116782964101994,8.015582416023856,8.03630147140922,34670400
2017-05-16,8.20523452758789,8.206031554611052,8.095267596647405,8.1606110455234,38533200
2017-05-17,7.584484577178955,8.054629840252963,7.574125047805887,8.01239651944966,70118400
2017-05-18,7.776526927947998,7.851431070196668,7.540657032303153,7.573328764075818,60192000
2017-05-19,7.8705549240112305,7.971756389472845,7.845852555942528,7.852227860696231,36422400
2017-05-22,8.074548721313477,8.08411121978363,7.916771144276147,7.9255357039554,32677200
2017-05-23,8.09447193145752,8.14387757840702,8.033910641354407,8.140689470137174,34429200
2017-05-24,8.206031799316406,8.215594300019035,8.098455946237474,8.162204431037903,32470800
2017-05-25,8.421979904174805,8.475368863023382,8.24428116779708,8.296076072498124,43752000
2017-05-26,8.457839965820312,8.466605440951351,8.383731940797022,8.415605732596863,27428400
2017-05-30,8.475367546081543,8.506445213617411,8.428353899198004,8.437118459856686,27596400
2017-05-31,8.465010643005371,8.570992450518844,8.335919608922644,8.552665386615988,48451200
2017-06-01,8.566211700439453,8.57338312099752,8.41082423419184,8.515212905514565,37046400
2017-06-02,8.858657836914062,8.865032229725072,8.613225475084162,8.650678452587474,41622000
2017-06-05,8.851486206054688,8.897703744589023,8.814033229444021,8.851486206054688,25738800
2017-06-06,8.751081466674805,8.905670970492793,8.706457071888206,8.819611200999065,38866800
2017-06-07,8.84670352935791,8.869014811998028,8.698488436730761,8.813235693467599,40705200
2017-06-08,8.870610237121582,8.91523372123001,8.731159683448343,8.90168790893674,46281600
2017-06-09,8.22913932800293,8.935154755818328,7.861789232303254,8.902483945449271,116569200
2017-06-12,8.080127716064453,8.116782751690364,7.76377638321869,8.000442340569299,83224800
2017-06-13,8.268980979919434,8.301652696334418,8.083312942116256,8.206029539501793,63246000
2017-06-14,8.158220291137695,8.366200579859967,7.962990611436123,8.366200579859967,69506400
2017-06-15,8.04825496673584,8.075347505449644,7.7597922470721326,7.908804401754271,70579200
2017-06-16,7.951834678649902,8.037895368725968,7.854618344720781,8.03231709083427,46928400
2017-06-19,8.336715698242188,8.363809145388714,8.136704776589328,8.173359812202074,55472400
2017-06-20,8.147859573364258,8.3462773323091,8.136703932013159,8.316793719088924,42969600
2017-06-21,8.384526252746582,8.392494698116053,8.181327248104584,8.198061165766498,41794800
2017-06-22,8.374966621398926,8.467401713653794,8.311218124683425,8.42198119472226,34222800
2017-06-23,8.468995094299316,8.502463850351493,8.277749619367242,8.345482334743371,34393200
2017-06-26,8.356640815734863,8.659445536848915,8.297672649441443,8.608446731785845,52840800
2017-06-27,7.896851062774658,8.286514307939015,7.896851062774658,8.259420859586394,72044400
2017-06-28,8.228344917297363,8.253845228826082,7.844259868874703,7.9797262271795955,60430800
2017-06-29,7.809197902679443,8.132721608651984,7.570140833331403,8.127144242638906,115782000
2017-06-30,7.782103538513184,7.937490068191112,7.736682117033438,7.87692969276852,49308000
2017-07-03,7.570140361785889,7.94545986432916,7.551015815667924,7.920756584650093,40842000
2017-07-05,7.7860870361328125,7.848242371755754,7.558186570662446,7.628309440064807,57016800
2017-07-06,7.580499649047852,7.704809437801912,7.492845357589495,7.605999502094364,53162400
2017-07-07,7.80760383605957,7.880914828611411,7.649826207017058,7.6554035730213,44811600
2017-07-10,7.970959663391113,8.02833376718379,7.774136804046328,7.837088274425605,46057200
2017-07-11,8.03630256652832,8.066582302829568,7.846650229487666,7.935898119880215,54285600
2017-07-12,8.322370529174805,8.347869917932373,8.193279531615831,8.237903917906616,52653600
2017-07-13,8.377357482910156,8.436325645181077,8.304047389580752,8.355046191164949,45738000
2017-07-14,8.574178695678711,8.604458423876368,8.40922877288651,8.476165356714851,42318000
2017-07-17,8.578960418701172,8.676175824160683,8.536726196035547,8.602068729593297,50331600
2017-07-18,8.749486923217773,8.758253308207554,8.486524555290703,8.561428677863317,42091200
2017-07-19,8.90965747833252,8.944719377933714,8.818815532619531,8.825190837969926,52117200
2017-07-20,8.943122863769531,8.993324617882823,8.820407160849216,8.974996645963314,54230400
2017-07-21,8.929577827453613,8.930374854544961,8.791722234350384,8.832361496706108,43458000
2017-07-24,9.045920372009277,9.069029601101413,8.893720094741276,8.927187941617145,44366400
2017-07-25,8.985358238220215,9.045122505504514,8.908063021926619,8.962249923202757,47090400
2017-07-26,9.065840721130371,9.082574643144847,9.004483311054075,9.042732405934359,30303600
2017-07-27,8.904080390930176,9.27143058529611,8.578962606137782,9.2483222685119,94478400
2017-07-28,8.875391960144043,8.916032134978675,8.691317912560846,8.747097954614249,35011200
2017-07-31,8.759847640991211,8.982170781811714,8.700880402536878,8.947905911908478,44358000
2017-08-01,8.817219734191895,8.854672707864925,8.737534360621819,8.84750037677317,30578400
2017-08-02,8.881765365600586,8.992529322220557,8.641115187548365,8.983763848932579,55183200
2017-08-03,8.789331436157227,8.918422471204218,8.734348420177287,8.91523436273614,36320400
2017-08-04,8.823596000671387,8.890531685293722,8.722395446648514,8.841126948916342,35744400
2017-08-07,8.979778289794922,8.994122039569746,8.837141466743256,8.875390554212606,27418800
2017-08-08,8.946311950683594,9.163853843088896,8.86981376293208,8.939937557669467,51943200
2017-08-09,8.911250114440918,8.922405757115717,8.66502165312012,8.727176082760135,49540800
2017-08-10,8.332732200622559,8.777378476541632,8.31201405591308,8.761441582446697,81691200
2017-08-11,8.523179054260254,8.579756112097682,8.314402679858762,8.373370818524187,52635600
2017-08-14,8.854673385620117,8.892922477293043,8.719207054672841,8.721598135863182,47744400
2017-08-15,8.870610237121582,8.922406052836754,8.798096277506398,8.904078990115746,36148800
2017-08-16,8.916828155517578,9.040341820984535,8.82837729865902,8.932765961599635,49526400
2017-08-17,8.36859130859375,8.851486688135148,8.366997254377022,8.808456343586784,79291200
2017-08-18,8.339105606079102,8.519196318135164,8.247467563953503,8.381339829518346,64926000
2017-08-21,8.323965072631836,8.402057297269714,8.159812177891826,8.35344868562162,43240800
2017-08-22,8.694503784179688,8.720004087909839,8.442697974102654,8.446681285145578,47132400
2017-08-23,8.597289085388184,8.65705335316572,8.540712926133448,8.551867658241829,42038400
2017-08-24,8.525571823120117,8.693708976037609,8.37496561869177,8.66024113326027,48590400
2017-08-25,8.468196868896484,8.684942621746478,8.436323083549869,8.612428665766652,46310400
2017-08-28,8.542304992675781,8.604459422087546,8.463415731417907,8.542304992675781,33121200
2017-08-29,8.647489547729492,8.685738636863324,8.300060549413091,8.319981665025434,42561600
2017-08-30,8.947108268737793,8.988544555836802,8.647489934490514,8.662630712577243,53124000
2017-08-31,9.20130443572998,9.233975243298527,9.005276854528411,9.019620602986114,53088000
2017-09-01,9.19493293762207,9.3064930399803,9.124013016747277,9.271431137193918,35500800
2017-09-05,8.948700904846191,9.170227902714831,8.739128400064027,9.107276448580071,64617600
2017-09-06,9.025997161865234,9.086557535940857,8.833157661448823,9.021215911714224,42778800
2017-09-07,9.08177661895752,9.155883711749947,8.98854361484968,9.0785894230367,36985200
2017-09-08,8.857860565185547,9.06344977451243,8.825189751088276,9.047512880994763,41323200
2017-09-11,9.139946937561035,9.198118051496206,9.054683290055815,9.057870486017555,42639600
2017-09-12,9.217243194580078,9.257085428489239,9.08974531027993,9.227601810624348,36709200
2017-09-13,9.2554931640625,9.257884245481982,9.127199152461259,9.163854193520027,25802400
2017-09-14,9.099308967590332,9.228400010494418,9.076200651372318,9.153495871681665,36788400
2017-09-15,9.172618865966797,9.284178945596162,9.042731723376102,9.08974537734975,39632400
2017-09-18,9.150308609008789,9.30091482464489,9.064247914359589,9.212463048516328,45754800
2017-09-19,9.189352035522461,9.232382374488509,9.099307134495746,9.193337170547291,28471200
2017-09-20,9.112854957580566,9.211665343726482,8.897704148714915,9.184571893869117,53653200
2017-09-21,8.937546730041504,9.088949040175391,8.845110742701713,9.085761843903057,42445200
2017-09-22,8.915234565734863,8.951093491374532,8.825986677133635,8.8490959044017,31083600
2017-09-25,8.635536193847656,8.819610205691383,8.498476740666526,8.806063483376713,67760400
2017-09-26,8.694503784179688,8.808454932229063,8.60366277084867,8.76064334462158,47545200
2017-09-27,8.93037223815918,9.02519745985111,8.765423243858045,8.833155935893728,55674000
2017-09-28,8.915234565734863,8.940734874408433,8.800487280390426,8.865829826518782,32268000
2017-09-29,9.104089736938477,9.123214740177687,8.897704396575678,8.969421334862027,44124000
2017-10-02,9.12958812713623,9.241149113852634,9.007669436679075,9.151103297443992,46102800
2017-10-03,9.18696403503418,9.218041712052305,9.104090533629323,9.163854806086256,31369200
2017-10-04,9.210866928100586,9.26824101564056,9.108869360856353,9.13357263761659,45076800
2017-10-05,9.476221084594727,9.491360950649813,9.279398266227327,9.318443471926317,47145600
2017-10-06,9.51048469543457,9.51446891818218,9.382987743650807,9.386971966398416,42980400
2017-10-09,9.486579895019531,9.583000106475238,9.448330803646185,9.554313515927795,34425600
2017-10-10,9.506503105163574,9.607703667678813,9.379803145230461,9.576626904027918,35878800
2017-10-11,9.589374542236328,9.5941557926708,9.454706150731374,9.494549296398471,29894400
2017-10-12,9.537579536437988,9.64834258651698,9.503313756702124,9.548735179379008,33090000
2017-10-13,9.644355773925781,9.677027493874892,9.614076046647744,9.647543881580402,24436800
2017-10-16,9.743964195251465,9.748745445309439,9.652326152942537,9.716871660829883,28539600
2017-10-17,9.778230667114258,9.781418775630126,9.68659260975083,9.732013124868061,30094800
2017-10-18,9.740778923034668,9.806916667928345,9.70013874928511,9.805323525696988,28950000
2017-10-19,9.633203506469727,9.63399962165671,9.428410398043717,9.573439239695269,40340400
2017-10-20,9.703326225280762,9.771855965321915,9.674639633056422,9.748746738963492,33277200
2017-10-23,9.522439002990723,9.767074334301146,9.477018491076661,9.76468416501316,30728400
2017-10-24,9.571046829223633,9.623639668499361,9.459486758479475,9.56785872119707,29436000
2017-10-25,9.454707145690918,9.60053210753219,9.241150379369339,9.506502966929759,44595600
2017-10-26,9.367051124572754,9.504111504975164,9.353505312676992,9.441159136132544,36384000
2017-10-27,10.174267768859863,10.230844831671043,9.787791741404188,9.81249501914781,73909200
2017-10-30,10.246782302856445,10.365514722909515,10.126457652406732,10.14876894042752,48278400
2017-10-31,10.355156898498535,10.402967586713718,10.25634558944864,10.338422975237137,30098400
2017-11-01,10.341609001159668,10.499386639337791,10.22765873801169,10.48504379800458,41532000
2017-11-02,10.28901481628418,10.324872823717444,10.076254204950805,10.310529985516219,45890400
2017-11-03,10.575885772705078,10.587838444491076,10.293001314117761,10.398187014467517,43350000
2017-11-06,10.683462142944336,10.700196068042853,10.544809490423688,10.557559191066868,38048400
2017-11-07,10.7009916305542,10.748803229404244,10.595009815460344,10.659555337118345,46660800
2017-11-08,10.83486270904541,10.84123710181386,10.65078866688453,10.690631813443384,34431600
2017-11-09,10.661148071289062,10.677881992024865,10.33124908319844,10.571103162985313,81597600
2017-11-10,10.657959938049316,10.682663217490758,10.529666850018742,10.589431113058142,33218400
2017-11-13,10.689833641052246,10.736848202421024,10.53683728783796,10.545601848972968,37572000
2017-11-14,10.582257270812988,10.617319161336308,10.42607281736553,10.582257270812988,45500400
2017-11-15,10.426872253417969,10.514526080382108,10.260328249518562,10.446793370471118,40334400
2017-11-16,10.817333221435547,10.893831416566403,10.585447554484277,10.591025832857492,40426800
2017-11-17,10.696209907531738,10.850004226620234,10.667523314259597,10.828489053683537,34676400
2017-11-20,10.669912338256836,10.749598628246337,10.626881997002979,10.712942679510693,25029600
2017-11-21,11.00618839263916,11.028499681973196,10.807770574716345,10.81892713131377,35371200
2017-11-22,11.05001449584961,11.085076394989287,10.983078806168681,11.045233244882345,30058800
2017-11-24,11.174321174621582,11.183086646966464,11.071526587266206,11.092245639666928,19976400
2017-11-27,11.155996322631836,11.237275758673535,11.082685333584184,11.159979634198557,33418800
2017-11-28,11.238070487976074,11.263570791914809,11.053200351879221,11.231696095939034,35152800
2017-11-29,10.660350799560547,11.21018278477105,10.499385974821594,11.21018278477105,104144400
2017-11-30,10.924909591674805,10.983876839120095,10.713742974211202,10.794224485083689,59390400
2017-12-01,10.779081344604492,10.935264891410538,10.30256134630925,10.713739723067672,85147200
2017-12-04,10.406949043273926,11.014951133190454,10.374278232628754,10.990247856531964,82722000
2017-12-05,10.422090530395508,10.780676092675419,10.27546856212746,10.388622690491555,57740400
2017-12-06,10.559946060180664,10.610147819784345,10.268296179174115,10.306545269147906,47379600
2017-12-07,10.664336204528809,10.757568317370493,10.525682664045013,10.566322840781092,38078400
2017-12-08,10.805378913879395,10.979093425036819,10.757567321176996,10.901001187353911,44200800
2017-12-11,11.053201675415039,11.066747488098304,10.817331815127305,10.8221130656927,35784000
2017-12-12,11.011762619018555,11.10977595926821,10.942435865397295,11.037262009783829,36688800
2017-12-13,11.066747665405273,11.178307748571035,11.026905429939154,11.136871458914145,41671200
2017-12-14,11.050811767578125,11.210979561622308,11.008577538572863,11.131293266220633,35623200
2017-12-15,11.410192489624023,11.459598134409799,11.119339633997756,11.17990092144858,55834800
2017-12-18,11.703435897827148,11.73690373624115,11.586297551447942,11.634905255075818,40540800
2017-12-19,11.51298713684082,11.677936167964317,11.405411285268867,11.640484104655636,49434000
2017-12-20,11.46517562866211,11.62773449178161,11.322537881929225,11.62295324146277,35575200
2017-12-21,11.459596633911133,11.610998920783608,11.420549609870598,11.505814164515044,33259200
2017-12-22,11.421348571777344,11.434098267980115,11.324928367291866,11.410989044643127,21246000
2017-12-26,11.23647689819336,11.277117068846602,11.107386790773614,11.238867979253671,24433200
2017-12-27,11.23647689819336,11.32652271286053,11.203806997741157,11.237274837143692,22598400
2017-12-28,11.26676082611084,11.346446218228314,11.234089094917644,11.336086688645745,23365200
2017-12-29,11.053997993469238,11.30899192773236,11.046029547014795,11.30899192773236,34279200
2018-01-02,11.621358871459961,11.645265122404277,11.147229930835628,11.227712333165996,45867600
2018-01-03,11.961617469787598,12.005444836955625,11.666780393082183,11.668374447135651,42612000
2018-01-04,12.031742095947266,12.144895319514683,11.98950786795847,12.101864976373895,35012400
2018-01-05,12.39510726928711,12.42140368982944,12.136926137998378,12.199877594735012,41190000
2018-01-08,12.532965660095215,12.558465057460424,12.381562418282797,12.393515089810792,36126000
2018-01-09,12.542526245117188,12.651695238423592,12.430966170712402,12.609462836918205,52084800
2018-01-10,12.453278541564941,12.458059792248228,12.208644113127338,12.368015792159026,47926800
2018-01-11,12.7026948928833,12.7026948928833,12.458058662764481,12.516229780861899,37419600
2018-01-12,12.97203254699707,13.021438194982217,12.623806489500042,12.659665412845225,44780400
2018-01-16,12.871626853942871,13.44058284984215,12.756083472051085,13.234197539747571,82510800
2018-01-17,13.277230262756348,13.343369837215468,12.8668488260411,13.042954436951852,41312400
2018-01-18,13.289978981018066,13.378430755558115,13.125029927189692,13.219059979817679,47197200
2018-01-19,13.417476654052734,13.474850752472992,13.215871650345216,13.40392992859723,42474000
2018-01-22,13.83662223815918,13.83662223815918,13.351335809043107,13.385600677018308,51931200
2018-01-23,14.187238693237305,14.221503559591007,13.948181655779889,13.969696825628265,64671600
2018-01-24,13.899572372436523,14.36413970155277,13.662109400401823,14.264532303411345,104536800
2018-01-25,13.88204288482666,14.199989200525449,13.75135780423762,14.189629672553895,66650400
2018-01-26,14.50200080871582,14.50200080871582,14.031058025612564,14.10436902834763,53218800
2018-01-29,14.309954643249512,14.513949790686754,14.216722543017976,14.415936440195877,66174000
2018-01-30,13.944195747375488,14.132253976083604,13.728247047971955,13.911524027077139,66253200
2018-01-31,14.11631965637207,14.26851991850598,13.865309917831873,14.18803659425065,55498800
2018-02-01,13.763310432434082,14.199988216357218,13.616688468448011,13.803949690579119,63984000
2018-02-02,12.922627449035645,13.692391443330662,12.90190930507899,13.609517955573763,95092800
2018-02-05,11.430912017822266,13.199136625190953,11.363975423271043,12.570416324230473,115314000
2018-02-06,12.312233924865723,12.351280954537845,10.759957187429814,10.902594934454562,119691600
2018-02-07,11.825357437133789,12.589543275816164,11.825357437133789,12.196692769249855,88056000
2018-02-08,10.359936714172363,11.964010391999643,10.359139687022974,11.947276469583997,108202800
2018-02-09,10.847612380981445,11.088262578134534,9.657905383939058,10.773505277588573,160172400
2018-02-12,11.454817771911621,11.665188240228444,10.935266449978709,11.218150881063908,87528000
2018-02-13,11.594267845153809,11.681922590139816,11.185480476074556,11.254010217816216,54027600
2018-02-14,12.273188591003418,12.321000181860548,11.408598468121925,11.420551137853646,84057600
2018-02-15,12.914658546447754,12.931392467616432,12.206253755803044,12.590338739453236,95187600
2018-02-16,12.770425796508789,13.185589304869774,12.697912756582348,12.820628464663507,85276800
2018-02-20,12.83417797088623,13.16726418786709,12.61185481718324,12.623807488600852,72934800
2018-02-21,12.71863079071045,13.40392812319966,12.709866229228368,13.018250028848513,88738800
2018-02-22,12.721019744873047,13.096339160940369,12.62380343849726,12.903500601971873,83301600
2018-02-23,13.478833198547363,13.48759867257732,12.872425995969866,13.00948456019505,71384400
2018-02-26,14.019899368286133,14.026273760929985,13.661313792056541,13.690797409877481,66975600
2018-02-27,13.517879486083984,14.11950540499414,13.500347627058678,14.044601278251841,86654400
2018-02-28,13.246150016784668,13.87726043107456,13.232603293661995,13.743389077698037,76507200
2018-03-01,12.608665466308594,13.452536569887576,12.246096576045103,13.27563486170351,125958000
2018-03-02,12.955297470092773,13.015858756062164,12.015006219331752,12.16640943425523,96699600
2018-03-05,13.361693382263184,13.476440639455141,12.619022950378746,12.772816320240977,74440800
2018-03-06,13.53062915802002,13.681235360345648,13.291572099313445,13.560910715833323,71030400
2018-03-07,13.631828308105469,13.666094085906181,13.165667821181493,13.234993667999536,66882000
2018-03-08,13.835026741027832,13.882838328181089,13.635015831501386,13.784027957912407,57584400
2018-03-09,14.640650749206543,14.640650749206543,14.08683547465465,14.148990820419359,73674000
2018-03-12,14.859785079956055,14.994453461307303,14.689257779015072,14.781692848631426,66339600
2018-03-13,14.320313453674316,14.994454246597824,14.172895368381939,14.781693622779233,91146000
2018-03-14,14.271705627441406,14.545026625237115,14.088427710289606,14.50120016950366,66811200
2018-03-15,14.207956314086914,14.487653529792347,14.075679007152639,14.314736051171188,55448400
2018-03-16,14.11392879486084,14.397610247850043,14.088428487960522,14.289236451332009,39134400
2018-03-19,13.227821350097656,13.744982411048303,12.834970959788032,13.744982411048303,97116000
2018-03-20,13.325039863586426,13.419068078746468,13.081997687489638,13.231010736496142,46096800
2018-03-21,13.132201194763184,13.594379357207318,12.968050081921575,13.227824388638572,66248400
2018-03-22,12.172783851623535,12.87720617606537,12.128160370032559,12.622211335243222,102939600
2018-03-23,11.189462661743164,12.231751438531301,11.189462661743164,12.128159817663137,108799200
2018-03-26,12.448497772216797,12.497902507684632,11.345647578848673,11.873167334873516,91752000
2018-03-27,11.254805564880371,12.740943576738834,10.930483968775548,12.740943576738834,136807200
2018-03-28,10.866738319396973,11.380710484622647,10.598196711070996,11.057983797432813,121144800
2018-03-29,11.468364715576172,11.76957715180921,10.720115788031054,11.03168775365116,98536800
2018-04-02,10.449979782104492,11.355209134364495,10.101753757740873,11.197431528132638,122476800
2018-04-03,10.800597190856934,10.932875408118834,10.230845062545072,10.73764573438374,110902800
2018-04-04,11.311383247375488,11.409396599920544,10.136019131952853,10.17028308765746,108364800
2018-04-05,11.489082336425781,11.693874521574253,11.248431228427382,11.648454009637263,91677600
2018-04-06,10.63166332244873,11.460394543067142,10.472292565204604,11.131292588820532,116145600
2018-04-09,10.844423294067383,11.495455743621545,10.801392955108664,10.91215691052478,87945600
2018-04-10,11.560799598693848,11.677937047728847,11.12730987546626,11.3512261570817,97437600
2018-04-11,11.366366386413574,11.743279022704707,11.332100606463175,11.363178278184524,71720400
2018-04-12,11.764793395996094,11.893087385609466,11.553626836651233,11.59426609451375,71383200
2018-04-13,11.590282440185547,12.003851017925006,11.447645605235449,11.953648345490425,71242800
2018-04-16,11.846074104309082,11.983930609004187,11.616578634870272,11.826949101884887,59149200
2018-04-17,12.6038818359375,12.695520781000974,12.140111569913,12.201469875594725,62073600
2018-04-18,12.691539764404297,12.825412050650609,12.438935971392384,12.622212995887619,59044800
2018-04-19,12.3464994430542,12.588743679022112,12.211830145448948,12.508261276041571,64509600
2018-04-20,11.754435539245605,12.271595794279026,11.626141531400283,12.251674676018379,70406400
2018-04-23,11.661999702453613,12.058037344232506,11.474738467115692,11.917790674495311,61666800
2018-04-24,10.918532371520996,11.880338876205006,10.690631870061727,11.81579336144855,106509600
2018-04-25,10.961563110351562,11.092248198747276,10.508948375566618,10.971125611830338,105408000
2018-04-26,11.641281127929688,11.75363822974967,11.26914884027968,11.378318745887883,70996800
2018-04-27,11.668373107910156,12.164017165814256,11.468361295946847,12.150471355635423,82429200
2018-04-30,11.419754028320312,11.960819522713217,11.325724908863744,11.746465777452196,80562000
2018-05-01,11.791090965270996,11.80623174401807,11.246040257051957,11.320148272764845,58489200
2018-05-02,11.585500717163086,11.972772858285825,11.554423047291627,11.86918214526466,71826000
2018-05-03,11.586298942565918,11.712999804255906,11.032483664387103,11.430912400997133,98036400
2018-05-04,12.238126754760742,12.323390409285725,11.409396461017613,11.439676193042335,92966400
2018-05-07,12.528982162475586,12.664448516769442,12.381563135960919,12.419812234225782,69531600
2018-05-08,12.487543106079102,12.58555645570565,12.232548262100975,12.462043712874312,63357600
2018-05-09,12.905895233154297,12.936972909159364,12.438936713632756,12.574402150271176,57498000
2018-05-10,13.30750846862793,13.334601003228624,12.999921704329655,13.028608292936946,59503200
2018-05-11,13.267666816711426,13.356914700575208,13.09235824542499,13.239776340043194,59848800
2018-05-14,13.32663631439209,13.58561451801657,13.267668158650249,13.351337773256962,54591600
2018-05-15,12.895532608032227,13.031795039125463,12.681178859985616,13.009482843454423,87260400
2018-05-16,13.132999420166016,13.227824677042303,12.921831909058138,12.925020017672427,44856000
2018-05-17,12.984785079956055,13.282808506530817,12.791944621954476,12.999127921874532,51609600
2018-05-18,12.776801109313965,12.964859350474162,12.724209184059626,12.83656536541267,42733200
2018-05-21,12.999923706054688,13.246152196036086,12.829396378299355,13.07004659032893,58446000
2018-05-22,12.93218994140625,13.235792504720747,12.8756128751459,13.166465741270056,48471600
2018-05-23,13.257307052612305,13.265275498990455,12.633368034742675,12.646117731333762,61522800
2018-05-24,13.246150016784668,13.317866943512119,12.846925213779395,13.253321435878354,35555200
2018-05-25,13.279619216918945,13.42544416631251,13.164871940001952,13.25093262567227,31540800
2018-05-29,13.10988712310791,13.334600395495633,12.86843993213441,13.097934454393807,47225600
2018-05-30,13.389586448669434,13.454131968732717,13.160091874175787,13.24376239807873,35403200
2018-05-31,13.36090087890625,13.6214731486461,13.253325003888799,13.370463381559011,40528400
2018-06-01,13.98244857788086,14.00396375089247,13.542583527811544,13.542583527811544,38585600
2018-06-04,14.341032028198242,14.367327536205265,14.06133482114688,14.08045982180314,32024800
2018-06-05,14.489249229431152,14.560966168395629,14.29800375488243,14.45578138537642,27950000
2018-06-06,14.72830581665039,14.740258487429998,14.314737206549765,14.53466926707158,28814000
2018-06-07,14.386454582214355,14.754602689815764,14.159350182749572,14.747430357584848,39226000
2018-06-08,14.376890182495117,14.439045523328774,14.063726044976338,14.15934831343778,24660400
2018-06-11,14.489249229431152,14.596825093843044,14.33386176839949,14.341034100647187,20418000
2018-06-12,14.718742370605469,14.75699146180358,14.503590662659674,14.54901208540949,23924000
2018-06-13,14.702008247375488,15.043859894211973,14.615947565384449,14.773725178391269,36123600
2018-06-14,15.149045944213867,15.218372711883692,14.8717397854649,14.9123799606932,45226400
2018-06-15,14.99843978881836,15.082109391939921,14.773725577125681,14.974533536547712,38844800
2018-06-18,14.964972496032715,15.000831421972926,14.563356537995983,14.702010078905735,34363200
2018-06-19,14.831100463867188,14.835881714577036,14.252581895000144,14.38884434847467,53816800
2018-06-20,15.14187240600586,15.330726767753044,14.996047470936741,15.027125140360537,39822400
2018-06-21,14.749821662902832,15.297262581772333,14.661370800775082,15.247059903115165,51140400
2018-06-22,14.601607322692871,14.912381353641042,14.489250199900447,14.898037600115279,31113600
2018-06-25,13.669281005859375,14.31234408626535,13.26527495471022,14.252579828951145,85653200
2018-06-26,13.8198881149292,14.051772828721404,13.650156919725717,13.800763113581663,47082800
2018-06-27,13.265275955200195,14.180863972105339,13.224635782957682,13.994399767039232,65919200
2018-06-28,13.590392112731934,13.724264380998708,13.117059291548644,13.200729801189212,55650000
2018-06-29,13.652549743652344,13.99918268591809,13.640597072249465,13.786421122453191,39268000
2018-07-02,13.958539962768555,13.975273882066364,13.215072446796583,13.305914374363406,41648400
2018-07-03,13.478035926818848,14.123490105533229,13.442177006695184,14.10914635509772,28212800
2018-07-05,13.972885131835938,14.006352973829962,13.528238860931763,13.743390576508073,32811200
2018-07-06,14.601607322692871,14.651809092137412,13.989620851216625,14.05894762536218,37506000
2018-07-09,15.008000373840332,15.024734293345233,14.675711240914113,14.840661178791313,36188800
2018-07-10,15.043861389160156,15.144264920173562,14.888473929909491,15.07254798203108,33392000
2018-07-11,14.82392692565918,14.979314369329693,14.651806473761205,14.702008234234354,39914800
2018-07-12,15.555440902709961,15.567394483779912,14.974532245602104,15.005609914909616,40676000
2018-07-13,15.600862503051758,15.689312438097625,15.440692904614918,15.557832164105513,33938000
2018-07-16,15.49567699432373,15.696485852890271,15.414398477569483,15.612814431235622,27780000
2018-07-17,15.782546043395996,15.873388891997283,15.008001692206337,15.012782942760632,37796800
2018-07-18,15.682143211364746,15.823187829130847,15.53870933611124,15.777766402820644,23268800
2018-07-19,15.450255393981934,15.672578507738326,15.390491135701833,15.529144652638168,38437200
2018-07-20,15.428742408752441,15.737126225771226,15.378540646520625,15.576958438099162,28698000
2018-07-23,15.562612533569336,15.593691115229937,15.10840471656696,15.292478742000474,31513600
2018-07-24,15.761028289794922,16.220017298092042,15.574564119165478,16.05267812544003,47533200
2018-07-25,16.418439865112305,16.449516628047494,15.770595415414906,15.782547174761952,38620800
2018-07-26,15.701266288757324,15.906855486821923,15.612814528333105,15.758639467050099,55944000
2018-07-27,15.04625129699707,15.992917964582015,14.768945138918536,15.978573300500434,59049200
2018-07-30,14.398406028747559,15.06298433669972,14.180864149472768,15.048641497318483,50402800
2018-07-31,14.685275077819824,14.890864292655651,14.3219082419126,14.551402797665489,47856000
2018-08-01,14.886083602905273,15.01995588810312,14.639855116847954,14.82153808568115,34650800
2018-08-02,15.478944778442383,15.538709043996215,14.54423170165767,14.558575453685505,46121200
2018-08-03,15.617598533630371,15.631941373931193,15.371370047876045,15.56022352470575,36066800
2018-08-06,15.904464721679688,15.914027222228501,15.536316657922608,15.598471999559644,34034000
2018-08-07,16.059852600097656,16.160256122796852,15.933152656140024,16.028775840365203,35985200
2018-08-08,16.102882385253906,16.220019824354434,15.873387845361652,16.007259204333682,31717200
2018-08-09,16.088537216186523,16.279781726466442,16.021599722535328,16.088537216186523,27265200
2018-08-10,15.713221549987793,15.909248268649693,15.543489430298237,15.76820365310358,42813200
2018-08-13,15.66779899597168,16.105273827383105,15.64628291344856,15.799279276806569,46337200
2018-08-14,15.957058906555176,16.014432090819113,15.593692974402716,15.839921456723618,30363600
2018-08-15,15.37614917755127,15.729954409321488,15.079718950193861,15.59608122288546,57928800
2018-08-16,15.517193794250488,15.813624021811858,15.4263509491313,15.715609757101264,32571200
2018-08-17,15.514801979064941,15.639110835109218,15.110795005165272,15.392882380197742,35131200
2018-08-20,15.483722686767578,15.641501198516915,15.299649580253707,15.627158360670741,33730800
2018-08-21,15.643895149230957,15.925982563068679,15.588911220966866,15.619987983287889,33534800
2018-08-22,15.825576782226562,15.87816962770876,15.488507273057104,15.538709037237208,31656800
2018-08-23,15.746687889099121,16.078977028952966,15.674970047519821,15.746687889099121,35566800
2018-08-24,16.184162139892578,16.22480322599421,15.89729439907753,15.914028320227398,31978400
2018-08-27,16.671836853027344,16.674227934021378,16.35628164464974,16.44473340282498,36425600
2018-08-28,16.74594497680664,16.870253824680354,16.647930723175563,16.810489569693694,32612400
2018-08-29,17.331636428833008,17.355541769479974,16.81766339755067,16.832008061027317,32867600
2018-08-30,17.23362159729004,17.537225067540597,17.056719893657906,17.226450177716654,43931600
2018-08-31,17.283828735351562,17.439214388348248,17.10931625312608,17.169080527005082,31590000
2018-09-04,17.078231811523438,17.219274559033284,16.78897307481911,17.133213897418432,40104800
2018-09-05,16.39931297302246,16.980221667126163,16.236754108964536,16.97305024757163,53864800
2018-09-06,15.95228099822998,16.478205885808475,15.62955245590676,16.42800411394642,57752400
2018-09-07,15.794498443603516,16.18177150214309,15.591300325871078,15.624768165315928,38504800
2018-09-10,15.933151245117188,16.069413677816136,15.665406717769963,16.03833509697543,27724400
2018-09-11,16.28695297241211,16.37062438262533,15.610423039448909,15.722778298917147,35261200
2018-09-12,16.145915985107422,16.253490945447744,15.727566080000416,16.22002309894805,44130800
2018-09-13,16.624027252197266,16.738773613291517,16.416046964905714,16.423218384491538,37338000
2018-09-14,16.49732780456543,16.76746161895214,16.306081431851982,16.683792014837724,38344000
2018-09-17,15.80167007446289,16.45429660009481,15.74429689519804,16.404094840255507,36411600
2018-09-18,16.17699432373047,16.411271095879503,15.81123723435968,15.835142580776271,36379200
2018-09-19,16.14113426208496,16.298912820337733,15.823189711668642,16.184164612166544,29481200
2018-09-20,16.647930145263672,16.72921047763135,16.341937462171767,16.451903468666654,31341600
2018-09-21,16.38258171081543,16.87264946364004,16.329988860401766,16.79615126954584,30140800
2018-09-24,16.523622512817383,16.540356431904865,15.835137101537248,16.043117373504852,26437600
2018-09-25,16.59056282043457,16.621639586312025,16.329989637492723,16.492548535661143,21629600
2018-09-26,16.573827743530273,17.08540974725966,16.521234894273103,16.60490450724552,35460000
2018-09-27,17.03281593322754,17.207328393708774,16.788978528682136,16.82005529063713,29262800
2018-09-28,17.00651741027832,17.15234234827704,16.800928213226374,16.88698889217186,30928800
2018-10-01,17.10453224182129,17.491803486149294,16.99217513923114,17.331635704263995,34116000
2018-10-02,17.00651741027832,17.393790465533012,16.88698889217186,17.059110250062833,32393600
2018-10-03,17.056716918945312,17.33163283909612,16.98021875040302,17.214495417485153,33284800
2018-10-04,16.083757400512695,16.872646364074278,15.706046838620276,16.853521363098857,75444800
2018-10-05,15.478944778442383,16.21524096779214,15.017564575412377,16.064633851325677,66462000
2018-10-08,15.201638221740723,15.598472898072716,14.639854505126314,15.261402485718012,59676800
2018-10-09,15.31877613067627,15.682142042492293,15.106014591141651,15.220761865177806,52144800
2018-10-10,13.3322114944458,15.074937569445934,13.253322231955881,15.058203649268725,121428000
2018-10-11,12.79194164276123,13.68601536198099,12.390326659761001,13.150527198096977,111216000
2018-10-12,13.872480392456055,13.989618748819872,13.100326226337039,13.812716129642537,84244000
2018-10-15,13.348942756652832,13.795979085960127,13.207899091864316,13.736214836675673,79867600
2018-10-16,14.498810768127441,14.623119634379725,13.70992175612529,13.77924852102274,62233200
2018-10-17,14.546621322631836,14.768944455065071,14.092413468704265,14.745039114516883,65060400
2018-10-18,13.537800788879395,14.374500451026423,13.341774083845083,14.357766530737903,78174400
2018-10-19,13.482817649841309,14.197597700904284,13.336992707054947,13.815106795177968,67418400
2018-10-22,13.686016082763672,14.003962396299384,13.380023351246207,13.724265174203355,57463200
2018-10-23,13.535409927368164,13.74099913645485,12.485949622869185,12.954501222411235,88390800
2018-10-24,11.694671630859375,13.55453628804477,11.63729844373865,13.48520951767106,102421200
2018-10-25,12.894736289978027,13.093154069068394,12.055646488592215,12.213424097054942,76036800
2018-10-26,11.893087387084961,12.62938348616265,11.350427812956193,11.570360757433633,122380800
2018-10-29,11.257197380065918,12.57440142483852,10.480261908274384,12.426186297868016,108980800
2018-10-30,11.692280769348145,11.725748611842802,10.893830152387254,11.053998856807803,92432800
2018-10-31,12.481167793273926,12.82780068237514,12.251673254587828,12.251673254587828,90078800
2018-11-01,13.02621841430664,13.057295172686548,12.297093718166295,12.591133765755414,63033200
2018-11-02,12.442919731140137,13.131404315989853,12.144098407568421,12.897128507741266,87178800
2018-11-05,12.320998191833496,12.46443202930791,11.895476105056554,12.450089192718528,51300400
2018-11-06,12.581574440002441,12.796725265943117,12.256456663633001,12.28992450909508,55730800
2018-11-07,13.738608360290527,13.760123530335903,12.94971939991355,13.030998829870502,69276000
2018-11-08,13.50433349609375,13.70275037839063,13.305915701866573,13.57605043051515,58762400
2018-11-09,12.818236351013184,13.215070942781914,12.500291008610155,13.129010275084822,68369600
2018-11-12,11.692280769348145,12.619822417585839,11.615782583094553,12.550495651315298,77183600
2018-11-13,11.6875,12.311439098267664,11.579924136172757,11.826153538250749,77227200
2018-11-14,11.391068458557129,12.148878846797002,11.206994426098962,12.019787824772274,78062000
2018-11-15,12.000663757324219,12.098677108610449,11.046825753206319,11.328913137284783,84908400
2018-11-16,11.869181632995605,12.048474401397774,11.503423765342662,11.656420115137017,67162400
2018-11-19,10.731271743774414,11.74965537430506,10.614134289965664,11.694671445617285,93246000
2018-11-20,10.136019706726074,10.575884733514496,9.729622522422048,9.973460833004463,101495600
2018-11-21,10.36312198638916,10.6667245268698,10.308138978386712,10.525680841322576,57557600
2018-11-23,10.133628845214844,10.451575179572556,10.10016100200463,10.107332422141008,28440000
2018-11-26,10.82928466796875,10.84840967055244,10.427668733014412,10.561541015309297,59982400
2018-11-27,10.941640853881836,11.025310453290592,10.492213362369938,10.666724892515514,60081600
2018-11-28,11.979148864746094,11.991101534803501,10.996624247984705,11.187869704694037,97532400
2018-11-29,11.869181632995605,12.113018995523998,11.589484440084531,11.838103964465446,64522400
2018-11-30,12.117801666259766,12.153660588916733,11.744873247892675,11.914603536351045,58317600
2018-12-03,12.739349365234375,12.980796564620006,12.49072983482626,12.928204638059588,74671600
2018-12-04,11.338476181030273,12.667633733885621,11.252415495401685,12.562448046148328,105048000
2018-12-06,11.503426551818848,11.527332807221391,10.477872361205286,10.616524994818445,98078000
2018-12-07,10.377467155456543,11.575142649889944,10.279453795281075,11.379115929539012,111493600
2018-12-10,10.702583312988281,10.843626996776154,9.997364894048921,10.317701349841876,88234400
2018-12-11,10.817333221435547,11.235683125026977,10.540027036103588,11.218949201837754,86081600
2018-12-12,11.08985424041748,11.601436081720095,11.085072990918473,11.288271990940883,84725600
2018-12-13,11.09224796295166,11.448442472126018,10.88187749454225,11.307398770068506,82362400
2018-12-14,10.255548477172852,10.836457219431097,10.210127051081583,10.731271526950547,78088800
2018-12-17,9.593358993530273,10.39659077064563,9.344739460245956,10.152752487454881,100296400
2018-12-18,9.75352668762207,10.042785476423278,9.507298237378256,9.82046327645035,78946800
2018-12-19,9.048307418823242,10.181438041849026,8.816422740386518,9.732010609938998,153931200
2018-12-20,8.684942245483398,9.270631233225359,8.302450454383335,8.957467110883208,160409200
2018-12-21,7.84585428237915,8.943126454474323,7.700029299274855,8.761443452004867,184517200
2018-12-24,7.264943599700928,7.9582094091018085,7.248209679164311,7.649825595903676,87800400
2018-12-26,8.58416748046875,8.603317406816469,7.334603510471717,7.492594283780123,189117600
2018-12-27,8.706250190734863,8.713432211558489,7.688885208681352,8.282547488629582,170917200
2018-12-28,8.670342445373535,9.122770423769964,8.466868931430252,8.857058522003914,152421200
2018-12-31,8.8666353225708,9.019838374795937,8.629648723361017,8.943236848683368,108483200
2019-01-02,8.993507385253906,9.151498163805469,8.313668083846084,8.325636902355896,135832800
2019-01-03,8.122162818908691,8.715825061516743,8.050349007324893,8.612891596753839,165255200
2019-01-04,9.1610746383667,9.278370351691475,8.418995934230928,8.509960609068202,136482000
2019-01-07,9.453116416931152,9.611107177315077,9.127559477191618,9.208948712126501,106553200
2019-01-08,9.726008415222168,9.840910690987968,9.31188117761977,9.74037062896657,105811200
2019-01-09,9.955815315246582,10.094655255445634,9.71882868777752,9.843306410844244,89049200
2019-01-10,10.051568031311035,10.061142538669412,9.565625941250728,9.72840443745383,87565600
2019-01-11,9.931877136230469,9.965390191927865,9.769098654418302,9.87203213301018,60402400
2019-01-14,9.673345565795898,9.800216670991338,9.541686751118831,9.678133275277528,55691600
2019-01-15,10.20955753326416,10.27418933074492,9.781067107054373,9.800217032525126,72562800
2019-01-16,10.223918914794922,10.49920626212598,10.216737807474656,10.286158222111139,67946400
2019-01-17,10.463301658630371,10.597354813988881,10.068325128093766,10.125775828131404,71020000
2019-01-18,10.750555992126465,10.918122178322866,10.496812857991213,10.705074119897516,83454400
2019-01-22,10.156892776489258,10.551870114666448,9.89118084860593,10.535112675706428,90867200
2019-01-23,10.16646957397461,10.413030698297066,9.819368368065582,10.28137187210048,83046800
2019-01-24,10.346003532409668,10.393878800214928,10.135348884050165,10.25025117047475,64057600
2019-01-25,10.714648246765137,10.812794008851432,10.489631378683985,10.594958248456864,69756800
2019-01-28,10.319673538208008,10.319673538208008,10.056354949686316,10.29573498661747,70179600
2019-01-29,10.027627944946289,10.343609468460247,9.917513365301593,10.338821758932797,61265200
2019-01-30,10.779282569885254,10.896579187586697,10.267009446506709,10.36515522329267,87912000
2019-01-31,11.253252029418945,11.423212502749093,10.934877142988844,10.968390192806527,80287600
2019-02-01,11.109626770019531,11.351400190133123,11.025844127693613,11.092870241554348,70780800
2019-02-04,11.516573905944824,11.528542725349178,11.092871124261517,11.123990785242746,55488400
2019-02-05,11.820584297180176,11.873247274632648,11.56205346670326,11.578809993142073,64458400
2019-02-06,11.727227210998535,11.904367908829807,11.566842127822474,11.844522905720973,72710000
2019-02-07,11.248467445373535,11.497421970040657,10.985148877728541,11.411245017471835,104896800
2019-02-08,11.30591869354248,11.310706403716127,10.91572898943253,10.942060938806417,72361200
2019-02-11,11.279585838317871,11.516572450488372,11.193408888437688,11.43518321039734,60598400
2019-02-12,11.76792049407959,11.822977783239738,11.463907791459649,11.521359391935837,64113200
2019-02-13,11.791858673095703,12.03602638836711,11.758345618420417,11.935487224341253,63804800
2019-02-14,11.834946632385254,11.957030941291956,11.542903659230161,11.657805947331507,76684800
2019-02-15,11.976181030273438,12.09347763130563,11.815796869629379,12.091083319950277,71248000
2019-02-19,12.047996520996094,12.158111108076605,11.863673800972308,11.863673800972308,51786400
2019-02-20,12.038423538208008,12.215564272732756,11.846919671223496,12.076724311604911,85532800
2019-02-21,11.901975631713867,12.038422178602875,11.71286518491599,11.937882089064342,64246800
2019-02-22,12.160504341125488,12.189229686677276,11.961819407412406,11.983363644866815,59818800
2019-02-25,12.2945556640625,12.538723348180813,12.27061711866141,12.45015209993998,62051200
2019-02-26,12.332858085632324,12.447760379556453,12.141354262425446,12.19880495280638,52678400
2019-02-27,12.2945556640625,12.347219550782766,11.918729176305662,12.167684569504194,57922000
2019-02-28,12.217954635620117,12.347220046489248,12.112626857950971,12.1868349819304,46031600
2019-03-01,12.462121963500977,12.517179248773523,12.21316656761995,12.476484177734248,70078400
2019-03-04,12.464516639709473,12.766135953808975,12.052782743772735,12.679959006923402,106544000
2019-03-05,12.495635032653809,12.610537312499835,12.308918028887136,12.490847323514956,50174400
2019-03-06,12.280196189880371,12.538727078145966,12.222745490151844,12.526758258466057,61734400
2019-03-07,11.83255386352539,12.194017273662245,11.688926224050594,12.179655057612122,84653200
2019-03-08,11.76552677154541,11.782283297646853,11.384912554225718,11.428001025104338,87468400
2019-03-11,12.5004243850708,12.521968622446723,11.904367759778472,11.904367759778472,64234000
2019-03-12,12.703897476196289,12.799649848615905,12.507605934582147,12.598570597064551,75803200
2019-03-13,12.9791841506958,13.187444499157936,12.845131019287694,12.89540060112989,72564800
2019-03-14,12.921731948852539,13.050997364594524,12.9025820242031,13.003121183227616,47721600
2019-03-15,13.242501258850098,13.390916600159976,13.036634316911956,13.072541681449897,69422800
2019-03-18,13.362192153930664,13.486669869350903,13.175476037381445,13.254470966243701,74497200
2019-03-19,13.496244430541992,13.711685879050673,13.331071648873564,13.534545193376571,82190400
2019-03-20,13.651896476745605,13.900940245426742,13.311856684246829,13.493849645368401,91761200
2019-03-21,14.28408432006836,14.34395055625727,13.517796314153061,13.524979970180125,75978800
2019-03-22,13.350170135498047,14.212243536700736,13.299882718349906,14.09730047743946,133800800
2019-03-25,13.266358375549316,13.402853321708468,12.974210849075064,13.184940257359095,105184800
2019-03-26,13.448352813720703,13.812339681394542,13.244807952571074,13.57526895677967,87936000
2019-03-27,13.184940338134766,13.596819426661899,12.895187057411738,13.503428243295202,88405200
2019-03-28,13.268753051757812,13.417221067317946,13.03407750668331,13.283121277838976,64218800
2019-03-29,13.568084716796875,13.60639907419554,13.333409163544257,13.560901060249105,63490000
2019-04-01,14.102090835571289,14.15237825610641,13.817127872385981,13.960806477768124,61182400
2019-04-02,14.257743835449219,14.300847601019194,14.03983075995049,14.149984421524282,53364400
2019-04-03,14.50439167022705,14.772592153306809,14.370290971944035,14.497208014180446,75692000
2019-04-04,14.482841491699219,14.67441328785535,14.231403452151397,14.506788537147722,71810400
2019-04-05,14.700752258300781,14.727093547388868,14.554678501347745,14.621729304522757,52327200
2019-04-08,14.815695762634277,14.84443221349469,14.454104100760253,14.626519151977675,51730000
2019-04-09,14.652859687805176,14.806118020269492,14.559468505208322,14.664833665870432,52060800
2019-04-10,14.88992977142334,14.899508588085798,14.662437899864285,14.71751472544406,49622000
2019-04-11,14.777379989624023,14.94979502428897,14.693567633043104,14.945005616272036,55885200
2019-04-12,14.959376335144043,14.990506122216466,14.782171862909227,14.966559991624399,47614000
2019-04-15,14.97134780883789,15.019240978416837,14.669621479930889,14.959374744814712,41684800
2019-04-16,15.117422103881836,15.217996941445248,14.988110815454936,15.122211512359083,47143600
2019-04-17,15.268284797668457,15.459856574815646,15.136579257972658,15.411964315643566,57211200
2019-04-18,15.316177368164062,15.352097474617196,15.055160546598552,15.344913818721071,45951600
2019-04-22,15.445490837097168,15.467041807829911,15.086293375769328,15.122213487296664,37878400
2019-04-23,16.032176971435547,16.09204320632063,15.500566340312933,15.567616231068623,52477200
2019-04-24,15.876529693603516,16.135150496353575,15.86934420918935,16.068100590937895,47537600
2019-04-25,16.053728103637695,16.247694099948752,15.811868028194562,16.22853646829592,59845200
2019-04-26,16.111202239990234,16.11599256230191,15.589168553349692,15.998653416310402,55258400
2019-04-29,16.19740867614746,16.276432546190367,16.029783946031483,16.10641265508058,41898800
2019-04-30,15.826239585876465,15.90287013305381,15.48619975415461,15.804688614712438,63797600
2019-05-01,15.644247055053711,16.262067121122104,15.627484580097098,16.12078183765402,62958000
2019-05-02,15.452672004699707,15.883709619645328,15.146157179392809,15.64903317884772,70644400
2019-05-03,16.180644989013672,16.22374874880526,15.754397712725957,15.838210071495048,54444800
2019-05-06,15.89089584350586,15.953157248387203,15.076714565347844,15.160527854459442,80857600
2019-05-07,14.966560363769531,15.57001127376873,14.521155381185933,15.37604523608554,118764800
2019-05-08,14.834855079650879,15.179684307722555,14.65286119083161,14.81569744357038,80618800
2019-05-09,14.600178718566895,14.748646736109995,13.953623152059915,14.35831860047833,110208800
2019-05-10,14.640889167785645,14.854012860185383,13.706976266018499,14.425371227448501,113929200
2019-05-13,13.127470016479492,13.752473755007752,12.995764461320931,13.524981843286751,117460400
2019-05-14,13.539348602294922,13.78839237155605,13.177756013303298,13.319040371491218,70096000
2019-05-15,14.102090835571289,14.221823311218506,13.263963506040778,13.280725979552484,88080000
2019-05-16,14.542706489562988,14.803723324935103,14.082934218166033,14.128432230391887,87013200
2019-05-17,14.090117454528809,14.688779819331211,14.049407938709383,14.102090519127602,91255200
2019-05-20,13.383697509765625,13.656687439251971,13.230440069596897,13.501035751230907,92184400
2019-05-21,13.78599739074707,13.898546211949231,13.58484679194231,13.714158086921008,57243600
2019-05-22,13.60639762878418,13.836283748755305,13.544137147182672,13.548926555534518,64456400
2019-05-23,12.964632987976074,13.141837463040082,12.717984367691816,13.137048054147936,103840400
2019-05-24,12.945477485656738,13.31425287023566,12.902373715052402,13.187336719837575,68612800
2019-05-28,12.806586265563965,13.268753722788382,12.79461319996731,13.060419458250264,58451600
2019-05-29,12.485702514648438,12.691642520574051,12.2749731000401,12.569515796366652,88960800
2019-05-30,12.634170532226562,12.734746287609937,12.413863213697947,12.57909370259441,68214000
2019-05-31,12.025931358337402,12.310894350242277,12.006773721829653,12.181583044274127,70300400
2019-06-03,11.257246017456055,12.021139732864816,11.046517535641282,11.930142803202944,120906400
2019-06-04,12.169609069824219,12.183977296132543,11.472766079881024,11.59010431101655,81934800
2019-06-05,12.437808990478516,12.528805925910945,12.061849097609137,12.521622269832637,76158400
2019-06-06,12.725163459777832,12.823344023133641,12.33483545319868,12.500066803507103,50151200
2019-06-07,13.450745582580566,13.6303442921371,12.888003324697939,12.931107088070409,75774000
2019-06-10,13.941651344299316,14.324794944606815,13.735711316576635,13.735711316576635,91636000
2019-06-11,13.994333267211914,14.456500757135615,13.853048890807989,14.382267197092368,68723600
2019-06-12,13.7572603225708,13.960805146365047,13.67344704951901,13.872203378611975,55088000
2019-06-13,13.982357025146484,14.087722178288942,13.836283272643502,13.920096545687384,49279600
2019-06-14,13.80036449432373,13.912912392884435,13.64710708169842,13.762050141167403,38572400
2019-06-17,14.051804542541504,14.169141866538501,13.850653930774568,13.886574041745451,37525200
2019-06-18,14.660043716430664,14.964164295644345,14.442130660582908,14.547494903871128,70914800
2019-06-19,14.832460403442383,14.933036169181252,14.463685031696917,14.734279799035084,68489600
2019-06-20,15.239548683166504,15.452672334276123,14.90190315324858,15.443093517409427,59677600
2019-06-21,15.17010498046875,15.455068869939426,15.074319543740577,15.160527076236368,52323200
2019-06-24,15.165315628051758,15.299415414590026,15.136579176519598,15.251522242189381,34469200
2019-06-25,14.389449119567871,15.153341993822481,14.31521465498741,15.129395863821715,69811600
2019-06-26,14.571441650390625,14.937823640240854,14.511575413678278,14.660044338435018,47057600
2019-06-27,14.729488372802734,14.844432350331418,14.619334717281207,14.729488372802734,37635200
2019-06-28,14.791749000549316,14.892323833796684,14.63370218152758,14.842036417173,49466400
2019-07-01,15.380834579467773,15.696928241151314,15.179683070956838,15.637062003506912,72410400
2019-07-02,15.567618370056152,15.567618370056152,15.239550700099382,15.364073508874357,40624400
2019-07-03,15.912446022033691,15.912446022033691,15.627483959095064,15.665797403056507,33563600
2019-07-05,15.809475898742676,15.898078591896121,15.399991035255004,15.586773412252258,58422400
2019-07-08,15.476617813110352,15.517328239827558,15.282651803878547,15.514933078968326,52893600
2019-07-09,15.708901405334473,15.761583990173891,15.213208998757755,15.246733947842348,44297600
2019-07-10,16.173465728759766,16.305170377767585,15.90047578488419,15.996262146781719,77054800
2019-07-11,16.13035774230957,16.35545535990367,15.974705173270511,16.252485367490667,63924800
2019-07-12,16.40095329284668,16.405743614769914,16.135147062254905,16.17585749071237,44596400
2019-07-15,16.53984260559082,16.5685790548376,16.381796702164593,16.513501317191047,36697200
2019-07-16,16.30516815185547,16.542239776256746,16.149517390365272,16.487162031918455,55996000
2019-07-17,16.063310623168945,16.386587967215945,16.05373180513395,16.31235441116064,46254000
2019-07-18,16.13275718688965,16.20220225388448,15.668194517255975,15.826240462127771,67784000
2019-07-19,15.742424964904785,16.451240982514946,15.701716362748478,16.451240982514946,70389600
2019-07-22,16.113597869873047,16.21896304012298,15.857370427924748,15.862158923403056,47753200
2019-07-23,16.42490005493164,16.432085538093585,16.05373047835806,16.38179811779546,58024800
2019-07-24,16.774518966674805,16.774518966674805,16.23572287772772,16.245299867128832,54622400
2019-07-25,16.295591354370117,16.606894708012458,16.197409843247364,16.604499546846068,75037600
2019-07-26,16.779312133789062,16.855940859143107,16.575767253346086,16.59492489142783,55739200
2019-07-29,16.623655319213867,16.752966603117102,16.300378022942013,16.752966603117102,56637600
2019-07-30,16.40095329284668,16.590130815419272,16.202198780372637,16.240512220895972,55752000
2019-07-31,15.708901405334473,16.55900276548465,15.253918517993583,16.53026631185241,98170400
2019-08-01,15.488593101501465,16.66676022177633,15.239549333261051,15.795107946421176,149192400
2019-08-02,14.779776573181152,15.189261406444126,14.511575179330904,15.134184579176557,123460000
2019-08-05,13.228043556213379,13.874598157005746,12.854477924666877,13.874598157005746,151242400
2019-08-06,13.771629333496094,13.884178156078663,13.290305169820364,13.582452710914021,106770400
2019-08-07,13.9727783203125,14.039829121980093,13.002945535107202,13.3166449227159,153954400
2019-08-08,14.897113800048828,14.901903208499935,14.054197095865534,14.185903544555313,109528000
2019-08-09,14.456500053405762,14.827670576012977,14.121249641867722,14.669623731584068,110683200
2019-08-12,13.9727783203125,14.327187221092903,13.774022903137897,14.195480778613462,106655600
2019-08-13,14.88992977142334,15.179682124315894,13.888966267352487,13.946438253840991,119629600
2019-08-14,13.556110382080078,14.305635899089875,13.472297105096386,14.164351548132581,152465200
2019-08-15,13.498636245727539,13.726128084916306,13.187332056383697,13.625553264730216,104469600
2019-08-16,14.121247291564941,14.245769165463594,13.836283438676908,13.836283438676908,82202800
2019-08-19,14.782171249389648,14.90429888540486,14.60017828937892,14.719910764342536,60022000
2019-08-20,14.478052139282227,14.85880148528323,14.466079073254297,14.705544047758416,62632000
2019-08-21,14.846826553344727,14.98811090708536,14.695963382591035,14.854010209361384,50740800
2019-08-22,14.70314884185791,15.036004988571175,14.351135059959207,14.933034983165246,76314800
2019-08-23,13.357354164123535,14.798933223683866,13.189729435616963,14.39902720926639,151175200
2019-08-26,13.898545265197754,13.903334673591418,13.520190223474554,13.76683973157387,73292800
2019-08-27,13.814732551574707,14.262532663027311,13.64950206594725,14.188298200129378,77289600
2019-08-28,13.953622817993164,14.025462120665948,13.469903506883181,13.67584351110178,63912400
2019-08-29,14.588204383850098,14.710332020474402,14.305636581934085,14.468471908289333,70761600
2019-08-30,14.485235214233398,14.830064413064088,14.238585694787496,14.827669252013948,68051600
2019-09-03,14.063776969909668,14.411001344081745,13.915308950710402,14.197877676161914,64392800
2019-09-04,14.655254364013672,14.695962964932821,14.348738622710918,14.458893188257939,50232400
2019-09-05,15.464644432067871,15.591560542920547,15.11502496682664,15.138972006082145,63372000
2019-09-06,15.421544075012207,15.555643870464579,15.31617890602952,15.529302578218907,57519200
2019-09-09,15.32336139678955,15.58198304827217,15.079107056592166,15.558036920472635,56156400
2019-09-10,15.196443557739258,15.201232965743031,14.770196293751379,15.071921690099684,68382800
2019-09-11,15.60593032836914,15.634666780033866,15.165315698012153,15.265890538379825,55700400
2019-09-12,15.799899101257324,16.159096546635986,15.730454042580728,15.895683625113488,69965600
2019-09-13,15.632271766662598,15.838211771440522,15.565221872450731,15.732846607980393,53805200
2019-09-16,15.416751861572266,15.512538200991502,15.277862674249231,15.323361596542172,48562000
2019-09-17,15.620299339294434,15.634666651522414,15.320967241241494,15.411964177125917,45398000
2019-09-18,15.610722541809082,15.629878351600508,15.026427409309804,15.531698660386251,71031600
2019-09-19,15.680166244506836,15.96991862428009,15.589168391257742,15.692138396216226,66385200
2019-09-20,15.186867713928223,15.792713785938925,15.02403237736258,15.747216684714354,61756400
2019-09-23,15.201234817504883,15.335335517487687,15.014452450035426,15.153341645119148,44704800
2019-09-24,14.600178718566895,15.502960802462875,14.401422365811216,15.409569615403726,101882800
2019-09-25,15.067133903503418,15.191655784543066,14.183508585157355,14.549889658754408,76152000
2019-09-26,14.916272163391113,15.052767113721552,14.573837207022102,15.021636414009922,68107200
2019-09-27,14.375081062316895,15.002479906752631,14.047014327324337,14.978532862984293,94246000
2019-09-30,14.758225440979004,14.827669583719654,14.434947203449868,14.511575916015373,58551600
2019-10-01,14.401421546936035,15.170103795854157,14.324792838142804,14.923455196518836,79227200
2019-10-02,13.663869857788086,14.111669041533574,13.414826099993896,14.111669041533574,135412000
2019-10-03,14.11406421661377,14.121248786484228,13.149020733594483,13.654291938302332,120260800
2019-10-04,14.707938194274902,14.77019959876955,14.26971776896334,14.298453309929743,84488800
2019-10-07,14.571441650390625,14.925850575595641,14.497208101498533,14.573836811411434,81265200
2019-10-08,13.908125877380371,14.48284125651611,13.888968241332664,14.28169064544701,117702800
2019-10-09,14.329582214355469,14.513970329938365,14.142799851278417,14.27211022614685,76134800
2019-10-10,14.643282890319824,14.815697042950358,14.291269101493317,14.331977706834055,88119600
2019-10-11,15.191656112670898,15.565221763858569,15.119816810304194,15.13897444479467,111254800
2019-10-14,15.208418846130371,15.352098366806608,15.100660347481076,15.146158359944415,45746800
2019-10-15,15.785527229309082,15.888497218910222,15.318571361915751,15.344912649509464,70360800
2019-10-16,15.668191909790039,15.783135890818633,15.514934486400314,15.617904489018967,58596800
2019-10-17,15.77595043182373,16.01062688942184,15.598746878314506,15.938786672797033,60919600
2019-10-18,15.32336139678955,15.811869163698102,15.083896464849317,15.713689491628276,77222000
2019-10-21,15.728057861328125,15.761582807898012,15.428726676259435,15.572405279697893,47088000
2019-10-22,15.364072799682617,15.979497677374141,15.344915164298035,15.89089498394995,62511600
2019-10-23,15.435912132263184,15.447886111851162,15.182079842358483,15.256313400280172,48452800
2019-10-24,15.878921508789062,15.910053124019706,15.558039327295566,15.773558164776949,61242400
2019-10-25,16.240514755249023,16.281223363086607,15.625089834096103,15.634668652464851,64588800
2019-10-28,16.7362060546875,16.803255951758576,16.489557436044898,16.489557436044898,55798000
2019-10-29,16.350666046142578,16.7266259342731,16.33869389515382,16.65478754742297,53514000
2019-10-30,16.58055305480957,16.66197208993879,16.1567008862272,16.43687444649212,59492400
2019-10-31,16.592527389526367,16.743389657451687,16.30995866208259,16.70746954785823,61648000
2019-11-01,17.04271697998047,17.04750730122135,16.73620219156509,16.812830888668934,57526400
2019-11-04,17.346837997436523,17.47375410253658,17.270209302264476,17.387546592096506,49963200
2019-11-05,17.368392944335938,17.47615327058284,17.215135518848125,17.425864022150712,51614800
2019-11-06,17.258235931396484,17.33246946861061,17.013982527902485,17.325285813650826,57664800
2019-11-07,17.433048248291016,17.768297700511138,17.28218416781947,17.531227923020484,62859600
2019-11-08,17.638992309570312,17.646175967064295,17.200770932708263,17.330082248518682,40803600
2019-11-11,17.56475257873535,17.59109386768598,17.301341516201514,17.37797022215631,38046400
2019-11-12,17.70842933654785,17.89281834006949,17.52883065432334,17.605459352326907,64346000
2019-11-13,17.682092666625977,17.775485686579497,17.495310280664437,17.536020714429267,55879200
2019-11-14,17.677303314208984,17.713223423684976,17.363604800528844,17.526441046777023,53325600
2019-11-15,18.01015853881836,18.041288324381032,17.830559827629138,17.986212409387644,45293200
2019-11-18,18.103553771972656,18.19455164192583,17.763513907865992,17.986216432634745,48348000
2019-11-19,18.177785873413086,18.311885665517725,17.981422853584657,18.311885665517725,56060000
2019-11-20,17.859294891357422,18.206518308552923,17.43783610363089,18.04368208331579,75190000
2019-11-21,17.72041130065918,17.828169827779355,17.56475867383985,17.797040033204727,45329600
2019-11-22,17.768295288085938,17.89042290165469,17.473754476915246,17.85450280037303,41834000
2019-11-25,18.383726119995117,18.39570010005081,17.98382003296578,17.988610355777197,40039200
2019-11-26,18.493877410888672,18.56092729920193,18.34301333521141,18.41724870610603,41845200
2019-11-27,18.86744499206543,18.874628648768514,18.56332346050161,18.625584863549534,40778400
2019-11-29,18.61600685119629,18.814763221121797,18.582481900482684,18.72855568300887,26898000
2019-12-02,18.01734161376953,18.627977942904767,17.72758925496743,18.61600396508937,75907600
2019-12-03,17.61264419555664,17.63179999913365,17.02834925261101,17.31331306937092,78026000
2019-12-04,17.87366485595703,18.000580995194465,17.801824635609613,17.88563883500583,43829600
2019-12-05,17.967058181762695,18.062844544620045,17.713225873117697,18.06044938313106,44540400
2019-12-06,18.522613525390625,18.58727008502419,18.32864750043509,18.362172447292277,46470800
2019-12-09,18.29512596130371,18.70939937904865,18.27596832325334,18.460355565312614,38964400
2019-12-10,18.254413604736328,18.505850701402228,18.122707153883326,18.307094358104983,56024000
2019-12-11,18.529800415039062,18.589666663012533,18.285546927175368,18.362175651502497,45298000
2019-12-12,18.95365333557129,19.157198201063025,18.395699499491858,18.469933057889687,91582000
2019-12-13,19.12367057800293,19.329610576043862,18.788419290938208,18.908151762963286,80498000
2019-12-16,19.672046661376953,19.772621505244512,19.482869125355986,19.497236438202027,49694000
2019-12-17,19.698389053344727,19.82530519583519,19.636127649245967,19.772622609826453,42274400
2019-12-18,19.743885040283203,19.94264139373529,19.717543748766776,19.79177912802791,35704000
2019-12-19,20.14618682861328,20.158160807640993,19.79417486505454,19.79417486505454,41692400
2019-12-20,20.385652542114258,20.479043735647867,20.25873639843898,20.409600501049244,49774000
2019-12-23,20.53651237487793,20.63708720439193,20.491013454728673,20.59877193964047,36213600
2019-12-24,20.5631046295166,20.618202291393803,20.421770089154776,20.589455446810046,19949200
2019-12-26,21.097305297851562,21.106887579332184,20.656531315542935,20.656531315542935,32129200
2019-12-27,21.03502082824707,21.334460263008058,20.87691775706257,21.32248378219758,49875200
2019-12-30,20.615802764892578,21.046996222293952,20.31396917234463,21.015855183338914,56452800
2019-12-31,20.733186721801758,20.783492326380134,20.328344030380674,20.433747293859117,42190000
2020-01-02,21.7608642578125,21.7608642578125,21.13324029920752,21.250620059554993,65536000
2020-01-03,21.16916847229004,21.559636791793512,20.89847408510792,20.910452392156586,72590000
2020-01-06,21.571617126464844,21.57880338031629,20.589454340413926,20.66611076088474,64047600
2020-01-07,21.545269012451172,21.746491456058706,21.358419078348902,21.593178595891025,53849600
2020-01-08,22.041141510009766,22.345371214141483,21.447052784149943,21.55006003722765,79582400
2020-01-09,22.596899032592773,22.723861066629606,22.211220875820494,22.57294424218394,72711600
2020-01-10,22.412443161010742,22.869987513633664,22.30943591806021,22.850822950379296,68802000
2020-01-13,23.195775985717773,23.20775246610113,22.592105083293923,22.6927181187867,58279200
2020-01-14,22.92508316040039,23.272434012911503,22.810099437084062,23.135889699202536,72868800
2020-01-15,22.9394588470459,23.267643328147596,22.714279786480663,22.944249074285537,66501600
2020-01-16,23.57906150817871,23.593434017779813,23.12391315193131,23.26285350352019,60550400
2020-01-17,23.931198120117188,23.988689975357907,23.538333758644868,23.88568274475034,72201200
2020-01-21,23.919219970703125,24.0773248582015,23.706019254627904,23.722787788668658,69441200
2020-01-22,24.082117080688477,24.50372832132934,23.99827440353545,24.249804262627812,68074400
2020-01-23,24.30489730834961,24.336038348396936,23.708414527716606,24.034204745262016,71794400
2020-01-24,23.674882888793945,24.72411814232731,23.358674878987078,24.649857738001256,119687200
2020-01-27,22.211217880249023,22.60168621138824,21.602756782232852,22.098628370115485,99313200
2020-01-28,23.243688583374023,23.397001442218578,22.513057390237755,22.67355650377292,85931200
2020-01-29,23.327529907226562,23.706021805018306,23.040068770563636,23.626969352764334,68938800
2020-01-30,23.591039657592773,23.619784676599604,22.67355669653332,22.90112995929353,100124800
2020-01-31,22.431608200073242,23.89526839536331,22.218407455337815,23.878499859068388,110192000
2020-02-03,23.46167755126953,23.63415494615997,22.740626930598772,22.78374627932138,86844000
2020-02-04,25.06427764892578,25.21280026568348,24.199496419968163,24.43425773966475,70124400
2020-02-05,25.354137420654297,26.010510041693014,24.887012587828796,26.005717986793883,87306000
2020-02-06,25.972177505493164,26.00092434821602,25.251128686618582,25.514635014861888,56566400
2020-02-07,25.636804580688477,26.065602049480034,25.421209660377134,25.62722412756488,77026000
2020-02-10,26.56147575378418,26.568663835644365,25.368510033658314,25.3876745966855,61624400
2020-02-11,26.580638885498047,27.277734750099853,26.369834186450365,26.997458056911217,96885200
2020-02-12,27.35918426513672,27.392721338327355,26.853730312234905,27.04297626960115,60804000
2020-02-13,27.253782272338867,27.57238631026547,26.681254146133014,26.77947117054805,77641200
2020-02-14,27.438232421875,27.546029879150293,27.08848740794725,27.361576005502247,56984800
2020-02-18,27.48614501953125,27.65143617798883,26.971108808682747,27.05016126078275,65083600
2020-02-19,28.281455993652344,28.45872546021822,27.88380136278923,27.98201654995322,52813600
2020-02-20,27.476560592651367,28.26229117007555,26.44409405190404,28.099396051633526,113828800
2020-02-21,25.905107498168945,27.20826866730448,25.56734072356541,27.08370082327232,103553600
2020-02-24,22.920291900634766,23.85454329174006,22.42921050229013,23.064022462120217,134837200
2020-02-25,21.066162109375,23.69404268294391,20.826610579644136,23.45928137964908,150396800
2020-02-26,21.35602378845215,22.453170466871054,20.87692062697317,21.387164836000217,167868000
2020-02-27,18.162796020507812,20.69964754633681,18.105304167928693,19.715090661208333,212558000
2020-02-28,18.445466995239258,18.548474221694615,16.169727560761686,16.387720320696562,247111200
2020-03-02,20.96316146850586,21.01825731418944,18.198735727065397,18.989254927106543,181759200
2020-03-03,18.989253997802734,21.91897078818569,18.41672583599415,21.169174959062524,274063200
2020-03-04,21.29373550415039,21.3560194141225,19.475540256020665,20.012135175229595,157913600
2020-03-05,19.42523765563965,20.783496566919695,18.94613447317809,19.70072235108176,193486000
2020-03-06,18.407140731811523,18.70418597789042,17.008160518536727,17.422585515611853,196759600
2020-03-09,14.667742729187012,16.564991665643188,14.61264597696466,14.739608018441524,203482400
2020-03-10,16.95067024230957,16.991393572108805,14.612646319458783,16.284717145090024,228126400
2020-03-11,14.770748138427734,16.105051076684283,14.133541069150885,15.757700241964194,215464000
2020-03-12,10.722326278686523,13.77421322931266,10.636088493900235,11.85780095393003,309112800
2020-03-13,13.616109848022461,13.728699366541436,10.794192941655705,12.514173107061406,278145200
2020-03-16,8.923293113708496,11.64220219356693,8.861010127611504,9.69225318687589,329145200
2020-03-17,10.377373695373535,10.813357469420358,8.56396842620313,9.433540860732432,381010400
2020-03-18,9.416770935058594,9.941388454655614,7.840521435423416,8.695720320947501,424499600
2020-03-19,9.634764671325684,10.559433900146274,8.62385672900437,9.306578354523852,402404400
2020-03-20,8.506475448608398,10.492358089839392,8.408259346079625,10.298321912106534,391127600
2020-03-23,8.532824516296387,9.102957365027235,7.730327324642949,8.607085813248176,410036800
2020-03-24,10.434866905212402,10.477986261690628,9.613204932279295,9.876711298475792,414912000
2020-03-25,10.192919731140137,11.460147831644164,9.840779523547573,10.588180210837017,417437200
2020-03-26,11.853010177612305,11.977577088995856,10.461215390897006,10.49954451484574,324620000
2020-03-27,10.621716499328613,11.577527652117842,10.489963320465279,10.930738239550823,278571600
2020-03-30,11.73802661895752,11.829056469014027,10.779820364348742,10.918760709899027,208310800
2020-03-31,11.412236213684082,12.344091639261627,11.225386288626035,11.644601520150298,365952000
2020-04-01,9.99648380279541,10.952294672420509,9.730581496440442,10.44444484374655,267794800
2020-04-02,10.588180541992188,10.621717618638785,9.766518508883339,9.869525766478919,233765600
2020-04-03,10.161776542663574,10.775028853535655,9.788076701037093,10.50673136732391,277242000
2020-04-06,12.288995742797852,12.502196500558897,11.105611278940062,11.285274962062301,259308400
2020-04-07,12.265039443969727,13.484356860200919,12.217128951592311,13.39093190266411,329004800
2020-04-08,13.04837417602539,13.175336214397326,12.284204090747652,12.621971764418625,259090000
2020-04-09,13.096282958984375,13.5873643735042,12.760911333199685,13.398118427388916,276648800
2020-04-13,13.551430702209473,13.625692009446626,12.713000302463993,12.935783310358834,213480800
2020-04-14,15.309741020202637,15.427121693253836,14.226967798722786,14.38507180062198,245024800
2020-04-15,14.801891326904297,15.18517346294974,14.29164624081774,14.591085695170957,215844000
2020-04-16,15.594804763793945,15.827170048157514,14.840217967116779,15.285783974165165,281460000
2020-04-17,15.985279083251953,16.313463605794155,15.338488666222906,16.210456344617324,231782400
2020-04-20,15.46784496307373,16.172127171059792,15.441494143888303,15.616367595970374,193499200
2020-04-21,13.7574462890625,15.122890376247843,13.489148795290358,15.010300849602233,259744800
2020-04-22,14.974367141723633,15.249851792570617,14.447354457381554,14.619830953751999,137092800
2020-04-23,14.876150131225586,15.71218448637501,14.785121204813375,15.146843624796809,212434000
2020-04-24,15.594804763793945,15.666670956272663,14.662949426854722,14.981553411139474,158990800
2020-04-27,15.89903736114502,16.191288722993452,15.724163921860038,16.093073535826083,152370800
2020-04-28,15.039045333862305,16.344602318674877,14.99832201084298,16.342206291546326,193123600
2020-04-29,16.60331916809082,16.857245081753174,15.83196280000295,16.06193392156261,173052000
2020-04-30,16.713510513305664,16.88119769161451,16.277526773915866,16.86682518373753,190272400
2020-05-01,15.213918685913086,16.124214401974683,14.97197202014684,15.647507324590533,173122800
2020-05-04,15.75051498413086,15.793634337801114,14.868965175031585,14.981554700039103,100378000
2020-05-05,16.253572463989258,16.82131030109646,16.100259616671696,16.22482744738803,144357200
2020-05-06,16.57457160949707,17.039300353522933,16.382929646766904,16.658414282829064,155940400
2020-05-07,17.22136116027832,17.4273756439988,16.905153180461614,17.206988651806345,144744800
2020-05-08,17.916059494018555,17.95438678918952,17.37227648694223,17.619016102819202,131101200
2020-05-11,18.36162567138672,18.661065092552082,17.547150080290294,17.599851710836706,134692000
2020-05-12,17.269269943237305,18.71616148944784,17.254897435428674,18.55805842065315,169681600
2020-05-13,16.61529541015625,17.834611904482294,15.992461754831423,17.389045881816344,245559600
2020-05-14,17.166263580322266,17.173449833827444,15.836751852869709,16.299086380578753,201499600
2020-05-15,17.46091079711914,17.511216398877377,16.358974129591616,16.459585333108087,178903200
2020-05-18,18.471818923950195,18.73292921861905,18.019066671121454,18.205916575129105,148237200
2020-05-19,18.33048439025879,19.061117372265777,18.301739373021363,18.536498876082614,130715200
2020-05-20,19.403675079345703,19.52584687861963,18.974877595930593,18.974877595930593,142708000
2020-05-21,18.807193756103516,19.62406363700773,18.668253410685967,19.461168500774527,161346800
2020-05-22,18.97727394104004,19.041952054896132,18.457447520072144,18.706579521885683,104832400
2020-05-26,18.89822006225586,19.959433413641154,18.77604827017484,19.894755304676572,122601200
2020-05-27,19.164125442504883,19.173707724542144,17.57829340418957,18.71137312513638,173645600
2020-05-28,19.04195213317871,19.933084188577613,18.81677491973307,18.82875140061248,151996400
2020-05-29,19.827678680419922,19.95943274863055,18.761675138108718,19.17370404854952,179246400
2020-06-01,20.072023391723633,20.179820851714442,19.554591197448126,19.657598430884462,104940800
2020-06-02,20.472076416015625,20.4936370071196,19.556989515718588,20.179823215858445,125357200
2020-06-03,20.749954223632812,20.958362885420083,20.41218568846524,20.63736471191029,107516800
2020-06-04,20.32834243774414,21.05178723481621,19.969015152364687,20.65652868300528,133204400
2020-06-05,21.533288955688477,21.686601803417243,20.48165778409586,20.577478770834663,140697200
2020-06-08,22.012392044067383,22.05790742394925,21.05658185998134,21.461422741486807,109272400
2020-06-09,22.50347328186035,22.752607114172925,21.736907222213986,21.772840320384383,106589600
2020-06-10,23.315553665161133,23.76830596524801,22.848427028750322,22.98736737153713,151455600
2020-06-11,19.882780075073242,22.56815292372797,19.839660719877386,22.17768452718962,191666000
2020-06-12,20.31397247314453,21.47579714239549,19.267131526128868,21.150006883339966,205938400
2020-06-15,21.030229568481445,21.24343028934856,19.178495390714815,19.42283898095268,199092400
2020-06-16,22.14175033569336,22.54659304910655,21.1547972696326,22.37171960952985,191608800
2020-06-17,22.357345581054688,22.867589701349104,22.1345625766041,22.558567996618727,129429200
2020-06-18,22.529823303222656,22.604083696555172,22.048324191059404,22.263920944836475,106392800
2020-06-19,22.498682022094727,23.29159892656562,22.029161184947522,23.22931500937908,144975200
2020-06-22,23.298786163330078,23.36825633780712,22.40046777762709,22.496288770962096,110066800
2020-06-23,23.90724754333496,24.582782901197902,23.63415889830314,23.804240294585526,117449200
2020-06-24,22.498682022094727,24.06774546734909,22.002810367200652,23.69164959216502,196410800
2020-06-25,23.09516716003418,23.169427560023554,21.736908403298056,22.496288250098225,150851600
2020-06-26,21.435075759887695,23.06881743016715,21.29613540759537,23.00174145387765,187970400
2020-06-29,22.12019157409668,22.141752166231548,20.6685096133985,21.37039580175711,129804800
2020-06-30,23.392210006713867,23.59103823850701,22.069884382938596,22.115399763806106,125694400
2020-07-01,24.228240966796875,24.54684493202858,23.293989658609302,23.442512261287927,126068800
2020-07-02,24.74327850341797,25.361321908193638,24.611524426868943,24.98283004068297,114076000
2020-07-06,26.56147575378418,26.72916293882208,25.70148654881406,25.70388257610079,105992000
2020-07-07,26.039255142211914,27.347208333491896,25.929061638421192,26.482427012465326,123049600
2020-07-08,27.040573120117188,27.054947453151062,25.98894216351328,26.453672666228304,119965600
2020-07-09,27.71611213684082,27.948477420462282,26.31713203615746,27.6466437993353,158798000
2020-07-10,28.303016662597656,28.3748810327051,26.803423412649032,27.64904011158327,121394800
2020-07-13,26.554290771484375,30.171519058811704,26.27641190481331,29.237269411903156,187292400
2020-07-14,27.11723518371582,27.241803015279523,24.76723502364783,25.773350819467566,229875600
2020-07-15,27.251386642456055,27.84068327512289,26.204545641758024,27.514892999360725,183772000
2020-07-16,26.666879653930664,26.91601349628042,25.62962095786005,26.360253948771998,149986000
2020-07-17,26.791444778442383,27.07890773828102,26.111119245994228,26.868103029839332,115501600
2020-07-20,29.071977615356445,29.280388131562177,26.611782058195804,27.021416836192138,125810800
2020-07-21,28.14251708984375,29.62533995165296,27.88380097544959,29.60617538889044,147156800
2020-07-22,28.46830177307129,28.77732345333418,27.704133666698446,28.307802693226915,113894400
2020-07-23,26.238080978393555,28.564126309516826,25.768560159721808,28.341343294917312,168324400
2020-07-24,25.46193504333496,25.90989710989069,24.197103123216827,25.035533567135033,178609200
2020-07-27,26.82977294921875,26.961527029576246,25.747000773641048,26.01290130626876,133812000
2020-07-28,25.821258544921875,26.76030006413738,25.720647345213013,26.609383264574085,119351200
2020-07-29,26.700414657592773,26.97589929647708,26.147051180299577,26.276409232322642,97140400
2020-07-30,27.134002685546875,27.301689863549917,25.71825400561547,26.087163604062265,151100000
2020-07-31,28.5976619720459,28.626408814577523,27.04057697376344,28.58328946459668,179907600
2020-08-03,29.66366958618164,29.97508551206643,29.239662309043382,29.285177689477056,108934000
2020-08-04,30.049345016479492,30.0924643657144,29.306733798807954,29.54149510633871,105504000
2020-08-05,30.288898468017578,30.43981528607719,29.922384890134744,30.219428299428245,81190800
2020-08-06,31.448333740234375,31.604040818051466,29.99665162978545,30.20985240747073,96032000
2020-08-07,30.420650482177734,31.57768672198901,29.630131472608237,31.290221940994165,148354000
2020-08-10,30.011018753051758,30.56917431920573,28.78691015120278,30.48772583949842,127155600
2020-08-11,28.30780601501465,30.051740993665064,28.12095609982114,29.5989887137321,155136800
2020-08-12,30.425443649291992,30.74883788447156,29.009693075602925,29.009693075602925,110623600
2020-08-13,30.638641357421875,31.42436826358647,30.310455100108058,30.681760706356297,117140800
2020-08-14,30.55000877380371,30.94766522269737,30.04216065923905,30.820703194056204,99868800
2020-08-17,31.55851936340332,31.707040139895867,31.060251750497688,31.110555524028168,63332400
2020-08-18,32.4855842590332,32.674828365996056,31.450719858923197,31.963360004737027,74656800
2020-08-19,31.850772857666016,32.86886685442995,31.690270116835997,32.48079089243536,102923600
2020-08-20,33.1611213684082,33.34318289706907,31.421978323453875,31.560918669702037,76387200
2020-08-21,33.853431701660156,34.018719224665745,33.00781124489017,33.21622360914435,82140000
2020-08-24,34.481048583984375,35.34822397228784,33.642618210238396,35.02483159271706,125692000
2020-08-25,35.28594207763672,35.321873346025676,34.03308856450145,34.215146416449436,86278400
2020-08-26,37.54491424560547,37.62157249784357,35.712346309329796,35.75786168968784,109831600
2020-08-27,37.20474624633789,38.2971006003285,36.31122009396859,37.98808074568621,151301200
2020-08-28,37.77968215942383,38.0240221448538,37.16642703008859,37.6790672768737,99072800
2020-08-31,38.65403747558594,39.415809634713284,37.806026613985075,37.97850036366562,90199200
2020-09-01,40.661476135253906,40.71657196112812,39.034919274923006,39.74638757849955,96573600
2020-09-02,41.808929443359375,42.082018049218796,39.446951143279485,42.03650267236449,144684800
2020-09-03,35.38895034790039,40.10092901625375,34.21275498582689,39.9404299123499,221512400
2020-09-04,33.93008041381836,36.0045976540437,29.670854270506013,34.82600450078537,280740400
2020-09-08,29.134262084960938,32.09272355649732,29.00011196534793,29.931967409920684,213412400
2020-09-09,31.637575149536133,32.38736901987501,30.10444302733815,30.909336386293777,145176000
2020-09-10,29.80739974975586,33.15153920323615,29.16300548870819,32.70357896976036,232968400
2020-09-11,29.15581703186035,30.708111778896463,27.982014147799795,30.423044868124183,192898800
2020-09-14,30.657804489135742,31.335733905170443,29.963104712088317,30.4230431941874,134516400
2020-09-15,31.960962295532227,32.440065319579055,31.37166762290358,31.939403536713957,150444800
2020-09-16,30.425443649291992,32.41611832309659,30.32483060673761,32.22687054684509,153070800
2020-09-17,29.024063110351562,29.694806271386824,27.79995469399336,28.07783350749328,223422400
2020-09-18,27.902965545654297,29.572638325760188,26.53273037753452,29.431303787523806,231521200
2020-09-21,28.233545303344727,28.255104065179204,25.895521707154433,26.64531921437433,187657200
2020-09-22,29.776262283325195,29.975088706780557,27.89817693577305,29.03365091927113,157533200
2020-09-23,27.019020080566406,29.740325888837578,26.760303962794854,29.668459691356595,202753600
2020-09-24,27.41427993774414,28.43716425099977,26.1518422471095,26.276410076451917,187518000
2020-09-25,29.335485458374023,29.598991823579478,27.08130610311658,27.56519947721144,162239200
2020-09-28,31.074626922607422,31.1417010632454,30.080487638523323,30.97161785681348,136665600
2020-09-29,30.748838424682617,31.342925270720322,30.550010191012188,31.017135002518987,110902800
2020-09-30,31.357295989990234,32.46402662093959,30.722485853563178,30.803932502148815,169384000
2020-10-01,32.82574462890625,33.07488025768539,32.04720218568714,32.71555297619965,139338000
2020-10-02,30.118818283081055,32.011275962562124,29.783445735334617,30.69134453459792,199776800
2020-10-05,32.018463134765625,32.123866408470356,30.72248828762965,30.775189924482017,105395200
2020-10-06,30.29848289489746,32.36820645286855,29.979878873242967,31.71423170066555,172824400
2020-10-07,31.891496658325195,32.12625613645708,30.993178412382132,31.18242251454363,112544400
2020-10-08,32.36102294921875,32.725142384243284,31.989717259019212,32.68681325313183,98946800
2020-10-09,33.800724029541016,33.870192368385766,32.808980792128864,32.94791746981836,97635600
2020-10-12,36.95322036743164,38.0240160761921,35.18054037967034,35.549448154163414,147058400
2020-10-13,36.958011627197266,37.92819610387186,36.447765672777834,37.657501691581146,141930800
2020-10-14,36.04532241821289,37.657503344007715,35.36978528523917,37.2885955612589,148294800
2020-10-15,35.300315856933594,35.54705365613852,34.00194692021189,34.260663027733536,124538400
2020-10-16,34.758941650390625,36.47652633339871,34.615209215761375,35.949513498537534,114048400
2020-10-19,33.03176498413086,35.81535298562954,32.66525138396084,35.46321189444395,138777600
2020-10-20,33.24495315551758,34.35167979192486,32.72033484441062,33.292862719100526,137355200
2020-10-21,33.15872573852539,34.25826649652474,32.9910403814122,33.31922484142421,121286400
2020-10-22,33.175498962402344,33.77677210020492,31.97294903153023,33.46535432141915,119581600
2020-10-23,33.36953353881836,33.40067275650335,32.313110266132625,33.395884357023675,95544000
2020-10-26,31.8483829498291,33.532430324023785,30.54043149635372,32.52392018371115,158556800
2020-10-27,32.60056686401367,32.86646920871663,31.74536980203363,32.16458497983682,111930000
2020-10-28,28.774932861328125,31.199195206740367,28.698276438387154,31.002761181093767,184720000
2020-10-29,30.23859214782715,31.25189598124758,29.04322862956327,29.210915806635708,138187200
2020-10-30,28.135330200195312,29.87926710517738,27.20108057135378,29.59659618916976,230811200
2020-11-02,28.144908905029297,29.24684558365218,27.215449621390245,28.69587815815731,151136000
2020-11-03,29.560665130615234,30.281715893105584,28.41081682361025,28.741399171381772,134969200
2020-11-04,33.55638122558594,34.16963260258368,31.937014079747104,32.48079346099336,169187600
2020-11-05,36.14592361450195,36.54357995894565,35.35540297881399,35.85127630988515,150132400
2020-11-06,36.268096923828125,36.54837540539969,34.50978972874876,35.90158340825416,135151200
2020-11-09,34.05464553833008,37.94017155108405,33.89174860122753,37.29337951189588,165865600
2020-11-10,32.21729278564453,33.357556971986526,31.22554940679938,32.85210300020392,168666800
2020-11-11,34.382835388183594,34.540940296306665,32.933547707588964,33.074885907117206,126830800
2020-11-12,33.87977600097656,35.19491540552226,33.47014487277279,34.69904556791768,143343600
2020-11-13,34.76850891113281,34.99368793413101,33.695319080419004,34.44271868418641,104747600
2020-11-16,35.56862258911133,35.695584651988085,34.43315027921223,34.67509609322372,106874400
2020-11-17,35.24042892456055,35.77941991600428,35.00566942731748,35.645271631865384,91352000
2020-11-18,34.423561096191406,35.63329729855717,34.423561096191406,35.03681255225159,77170800
2020-11-19,35.2763671875,35.379376275910204,34.006746635766554,34.23431992398666,79670800
2020-11-20,34.56010437011719,35.51831060416841,34.52416944318025,35.226057410361456,64996800
2020-11-23,34.567291259765625,35.39134922103776,33.71927668009523,34.93141065887194,89530400
2020-11-24,35.98063659667969,36.17946479151679,34.27263679100402,34.93140345312962,78007600
2020-11-25,36.65857696533203,36.89333648366346,36.040533467659266,36.34476498918894,64338800
2020-11-27,37.65989685058594,38.10546283326131,37.25744838787937,37.37961834972388,46463600
2020-11-30,37.85393524169922,38.035993095565686,36.07167120549859,37.78206904889763,92311200
2020-12-01,39.34154510498047,39.993125531782795,38.35219981299022,38.7570388113549,84994800
2020-12-02,39.499664306640625,39.631418421459465,38.131823023231796,38.857667754821485,73064800
2020-12-03,39.660152435302734,40.2901741561053,39.370297118429896,39.59547249593396,78730800
2020-12-04,40.14644241333008,40.20633029937727,39.40862321859672,39.669737179765,63544000
2020-12-07,40.82676696777344,40.96810515354541,40.1488393301914,40.220701867555995,62014000
2020-12-08,41.200469970703125,41.365757460031794,39.91168153802084,40.639916598757736,66962800
2020-12-09,38.440834045410156,41.26514495624138,37.99766225587155,41.164533752969824,122439200
2020-12-10,38.912750244140625,39.35112997282745,37.192768396629496,37.61916981803208,86673200
2020-12-11,38.63966369628906,38.694759526391685,37.34608320175122,38.24440146659706,84909600
2020-12-14,39.46372604370117,40.25664113719426,39.087628332983634,39.10200084200806,73342400
2020-12-15,40.69022750854492,40.72615877989139,39.50684223531222,40.38360180883281,78708800
2020-12-16,41.37295150756836,41.74185930139822,40.479421557588566,40.90822089664412,68795200
2020-12-17,42.2209587097168,42.3239641168637,41.58375073930196,42.077226324343115,69637600
2020-12-18,41.76103210449219,42.61862729654469,40.85073526645615,42.53478277195247,84378000
2020-12-21,41.605308532714844,41.830487558771225,39.44934473385957,40.62075524029326,101798400
2020-12-22,41.933502197265625,42.331158672552576,40.766883589773585,41.993390088534134,80165200
2020-12-23,41.30108642578125,42.103581979779285,41.24598693373649,41.93110455961052,59717200
2020-12-24,41.837677001953125,42.02692477456292,41.37534426214593,41.42085964176769,38532800
2020-12-28,43.092926025390625,43.30133469376916,42.168256942483204,42.91805442612204,58526400
2020-12-29,43.21989822387695,43.933760951728345,42.83422001067458,43.68223470181714,60571200
2020-12-30,43.212703704833984,43.83793339287749,42.94440714009293,43.70617931009695,52403600
2020-12-31,43.55046081542969,43.71335407111879,42.71921686793261,43.18394733486361,53354000
2021-01-04,41.64604187011719,44.170913807387514,39.9643888267159,44.096653405595276,98736000
2021-01-05,42.69048309326172,42.77432394212934,41.269940509027684,41.269940509027684,59356400
2021-01-06,40.92498016357422,42.72161653565503,40.29735636061246,40.699801153430855,105365200
2021-01-07,43.88105392456055,44.23319501755106,42.00536838714323,42.01015678665139,61847600
2021-01-08,45.58186721801758,45.725599605635324,43.93375143580436,44.87039884431603,76407600
2021-01-11,43.56724166870117,44.78176984974608,43.31331759632337,44.27152384998558,70162800
2021-01-12,43.377994537353516,44.07987881501718,42.25689139748295,43.62712653773224,73015600
2021-01-13,44.221221923828125,44.60210804837412,43.239059010513024,43.49538094864918,54375200
2021-01-14,43.54807662963867,44.877588523135806,43.34925205080883,44.43681452852657,59118000
2021-01-15,42.48925018310547,43.869069220858016,41.940678833211464,43.45704033100313,70846000
2021-01-19,44.331417083740234,44.57336653132086,43.02346743680431,43.466635689374435,60483600
2021-01-20,47.421630859375,47.85521862038203,45.768722817395414,45.9244335325458,60868000
2021-01-21,48.60020446777344,48.935575071012906,47.43119209888369,48.03007078700091,46084200
2021-01-22,48.159446716308594,48.638549863191066,47.852820994725164,48.1067487329971,40939400
2021-01-25,49.49614715576172,50.339369755587164,46.37718816139333,49.71174577469345,76585200
2021-01-26,49.5488395690918,50.10460089544111,48.95475277441245,49.69257195494529,45484400
2021-01-27,45.553123474121094,48.53314533107619,44.55658815216357,48.513980768507786,94450400
2021-01-28,46.22386932373047,48.38941375680689,45.6824804740114,45.94119659015503,45010800
2021-01-29,43.344459533691406,45.95557005645514,42.52040158848597,45.4668864859527,92139200
2021-02-01,46.530494689941406,46.966476613032896,43.95291765583886,44.82009675804929,52829800
2021-02-02,48.78227233886719,49.328449522707814,47.79532122688609,47.857603307406094,46373200
2021-02-03,48.22172546386719,49.936915357956494,48.22172546386719,49.793182972652275,47586000
2021-02-04,49.927330017089844,49.97045119372329,48.2696338490929,48.887677242219446,36404400
2021-02-05,50.449554443359375,50.92386545646068,49.62070452870252,50.40164121242148,43307600
2021-02-08,51.43650436401367,51.52753511430247,50.47350619836419,51.244862410637054,38497400
2021-02-09,51.41255187988281,52.0162228021782,51.01489908961455,51.01489908961455,32884400
2021-02-10,51.04843521118164,52.318055463271136,49.56800477656564,52.116833044668255,61774000
2021-02-11,51.87248992919922,52.097668966269005,50.76576296134259,51.819791952161445,49430000
2021-02-12,52.7540397644043,52.84507051813891,50.995732360293445,51.541909572168386,38735800
2021-02-16,52.31327819824219,53.59248283124682,51.78147336784391,53.16128923156345,44331800
2021-02-17,51.58503341674805,51.71439330951695,49.83151785193387,50.89512739129227,52993400
2021-02-18,50.89033508300781,51.24487037593908,49.00266758002578,49.855470567078534,55101000
2021-02-19,50.2195930480957,51.58982837711043,49.759654453465636,51.57066381209246,46688600
2021-02-22,46.32926559448242,48.77269418558903,46.233446442200986,48.16902329147017,66367400
2021-02-23,45.9172477722168,46.64548666474922,41.4040966196193,43.97208999909571,99637400
2021-02-24,47.023963928222656,47.17727675422896,43.550466901432245,44.67156625624101,61521000
2021-02-25,42.113155364990234,46.98563210578262,41.41845380642446,45.811831191857735,118896000
2021-02-26,42.74557876586914,44.633246131847244,41.322641987374304,43.306128510346944,104659200
2021-03-01,46.472999572753906,46.62152036046609,44.16851488733664,44.729064623476006,66853600
2021-03-02,44.245174407958984,46.80358708555024,44.125398622525815,46.73172088323696,75846600
2021-03-03,40.40755081176758,44.173301201071524,40.3644332903769,43.77564843449216,115771200
2021-03-04,38.40969467163086,41.5094923152405,36.833445033100354,40.23028791477529,216018600
2021-03-05,40.129676818847656,40.46983958239708,35.947105133004015,39.42539467455899,168328200
2021-03-08,36.69929122924805,40.65189121191757,36.54118635267742,39.89969960385049,117865800
2021-03-09,41.02080535888672,41.75383245666238,39.252913895828044,39.511629987148794,86714600
2021-03-10,40.671058654785156,42.879724063788174,40.393178001465415,42.764740352343075,101685600
2021-03-11,43.492977142333984,44.20205131108546,42.22814529992663,42.649754695640276,79467800
2021-03-12,42.41020584106445,42.482072038875664,40.75730156773995,41.763417371296896,83295000
2021-03-15,43.76606369018555,43.8427219341211,41.864023961913084,42.54914148220552,63350800
2021-03-16,44.484718322753906,45.989101636460276,43.8858394986585,44.71947779832475,84385200
2021-03-17,45.04526901245117,45.86453847841031,42.45332330567683,43.176769964520055,98185400
2021-03-18,40.91061782836914,43.3588352258056,40.699811271950516,42.932433713243896,114126800
2021-03-19,41.432838439941406,41.94547861993146,39.95719998819311,40.84354000804756,96643200
2021-03-22,43.64149856567383,44.49430513340757,42.300012111379935,42.300012111379935,70550600
2021-03-23,43.071372985839844,44.66678731814771,42.72162608557588,44.10144546714673,93890400
2021-03-24,40.896240234375,43.65587506836571,40.843538601822296,43.641498905178736,95241800
2021-03-25,40.67585372924805,41.289105109513635,39.118768661590416,40.158421506424,119937200
2021-03-26,42.47249221801758,42.6258050698422,40.0194829335569,40.58961681468599,107530200
2021-03-29,42.44853210449219,42.89889016882093,41.068716551693164,42.27605470348401,95294600
2021-03-30,41.84486389160156,42.060462484358055,40.70459980518718,41.65801397103926,74174800
2021-03-31,43.72295379638672,44.364950252637726,42.40542015486242,42.53956844988401,80984400
2021-04-01,45.945987701416016,46.00826978808677,45.23691351003162,45.342316776141,72543600
2021-04-05,48.705623626708984,49.05057479342815,46.93773199166514,47.05271571390486,65269800
2021-04-06,48.590633392333984,49.48176541164794,48.25047064489403,48.56188837728076,60303400
2021-04-07,48.94995880126953,49.3380347657545,47.95821561250354,48.40378160486311,49493600
2021-04-08,50.478302001953125,50.56454070461515,49.87463108331895,50.2674954720534,56809600
2021-04-09,51.39338302612305,51.48441377612467,49.50092742375635,49.83629809965777,64719200
2021-04-12,51.19215774536133,51.37900763362139,50.2962374235159,50.9286532734575,54816000
2021-04-13,52.945682525634766,53.18044201194262,51.80062645401515,51.925190623332384,57511000
2021-04-14,51.08676528930664,53.14691020449759,50.6699479067743,53.07983605891154,80613800
2021-04-15,53.34333801269531,53.54935249427427,52.33722222218254,52.399507965269166,60399000
2021-04-16,53.56851577758789,53.654754480730034,52.65343076866463,53.61642901120749,58744000
2021-04-19,52.10725784301758,53.357717314355874,51.14425952083671,52.7732109064179,79584000
2021-04-20,50.96698760986328,52.37555192526897,50.013573442867354,51.76709258288397,79141800
2021-04-21,52.25577163696289,52.33242988260018,49.836299674214324,50.30582229057689,55528600
2021-04-22,50.35373306274414,52.52406943399954,49.797975389735726,52.064130915047826,87424200
2021-04-23,52.2509880065918,52.854658994875905,50.650785251228434,50.650785251228434,53843000
2021-04-26,53.285850524902344,53.40562630700102,52.0066460493525,52.37076179514039,49988400
2021-04-27,52.58636474609375,53.501449896286005,52.11204997795493,53.405630724787486,59656400
2021-04-28,52.04496383666992,52.89297829566027,51.72875771935909,52.40908318395879,59475000
2021-04-29,52.56719207763672,53.76974186748861,51.06280865435103,53.5924724067482,74062200
2021-04-30,51.58024215698242,52.60552251160969,51.115511559225205,51.40297269183037,59220200
2021-05-03,50.73701858520508,52.456996944901924,50.51183954529679,52.107253731855614,67111000
2021-05-04,48.063621520996094,49.6782002393889,46.209491259206125,49.5632128667664,105617000
2021-05-05,47.503074645996094,49.275754711728936,47.143747309271866,48.88768235775211,68214600
2021-05-06,48.542720794677734,48.6193790370711,46.37238456682565,47.368919786342275,84831600
2021-05-07,49.73089599609375,50.82325032009022,49.23741680457195,49.812342633962636,79353400
2021-05-10,45.993892669677734,49.18472072816439,45.87890896147807,49.103270431892874,92107400
2021-05-11,45.76393127441406,46.10888612721706,43.11928349503598,43.4019525989753,114403400
2021-05-12,42.280853271484375,44.628459453305744,41.835287192781,43.60796739758064,118079000
2021-05-13,43.17198181152344,44.39848461130765,42.194611022220386,43.40674131345505,104301000
2021-05-14,45.979522705078125,46.420296656933886,44.278705326259725,44.499092302187606,72131600
2021-05-17,45.20337677001953,45.59145276673878,43.94812898694381,45.28003502057474,69271200
2021-05-18,44.254756927490234,46.128048243611254,44.16851821886659,45.61540804658921,65842000
2021-05-19,44.41764450073242,44.55179277343508,41.84007133950844,41.99338417334953,95944800
2021-05-20,46.985633850097656,47.364125681174606,44.95423803310771,45.069221736451965,69613200
2021-05-21,46.20949172973633,47.87677209707498,46.0465984330955,47.68992218374391,64066600
2021-05-24,48.5235595703125,49.031407667653944,47.057505308769734,47.21561020312689,46090800
2021-05-25,48.75831985473633,49.55842479293636,48.21214262462762,49.227842491193435,53364400
2021-05-26,49.25179672241211,49.46259958619419,48.734364533074945,49.04099020336371,39017400
2021-05-27,48.676876068115234,49.4242794179358,48.600221469957596,49.04578751600317,41608400
2021-05-28,49.15119171142578,49.87463851064469,49.01225501086489,49.24222248203269,40928600
2021-06-01,48.672080993652344,49.970453579787474,48.04924917192263,49.75485499685811,51931800
2021-06-02,48.9260139465332,49.33325088426206,48.16423805360178,48.84456363477393,41589400
2021-06-03,47.38808059692383,48.23129926492631,46.655049919293255,47.66595756544474,60516000
2021-06-04,49.817134857177734,50.01356519948644,48.1642272042319,48.2121367763609,45587600
2021-06-07,50.25791931152344,50.291456384575234,49.25659186423386,49.553637122168915,31096600
2021-06-08,50.315406799316406,51.46525498969483,49.55363461204152,51.062810133459024,46472200
2021-06-09,50.37290573120117,51.32153159219863,50.272294506670185,50.9574121687053,38901800
2021-06-10,51.915611267089844,51.98268540745233,50.305824587857096,50.51183906333231,58603400
2021-06-11,52.3276481628418,52.33722861780538,51.62815798195472,51.94436416949162,34169400
2021-06-14,53.79369354248047,53.83681472066343,51.98268447465761,52.52886169653223,45411600
2021-06-15,52.797157287597656,53.82243757343739,52.44262203634646,53.66912473598284,45054000
2021-06-16,52.2318229675293,53.5014470257336,50.55496196940543,52.998390919456575,78889000
2021-06-17,54.18177032470703,54.65608504738636,51.70960011536657,51.72397262418714,72161800
2021-06-18,52.88819122314453,53.93742818791173,52.54802845880477,53.37687843492648,71447200
2021-06-21,53.855987548828125,54.04283748734509,51.929990813745114,53.00318086027508,53854200
2021-06-22,55.36036682128906,55.59991838061049,53.64517677928362,53.808070085094165,51789400
2021-06-23,55.45618438720703,56.035898705452105,55.06331998743489,55.36994568212209,46998400
2021-06-24,56.4766731262207,57.248029423492795,56.146094466865975,56.40959898343762,46836200
2021-06-25,56.299407958984375,56.893494796968575,55.98319814916374,56.768926963833174,43496600
2021-06-28,58.29247283935547,58.39308405092887,56.88870062123147,56.90307312927531,44393800
2021-06-29,58.94884490966797,58.96800947199015,57.813369265128046,58.23977072481354,37280000
2021-06-30,58.690128326416016,59.073412259225734,58.37871058791643,58.87697823846247,40273400
2021-07-01,58.718875885009766,58.99675656556784,57.803790847314446,58.48890843957777,41917400
2021-07-02,60.711944580078125,60.91795905644939,59.59084144079115,59.71540926854893,46751000
2021-07-06,61.52642059326172,61.689313896356985,59.64833727675169,61.06168999108212,54799800
2021-07-07,61.919288635253906,62.867910747131994,60.894004615898154,62.71459424270996,57637800
2021-07-08,60.846092224121094,61.25812117254827,58.565560499962885,59.26026217127219,76262200
2021-07-09,61.87615966796875,62.187581055333105,60.18971843985949,60.501136171957434,46437800
2021-07-12,62.652313232421875,62.90144157606031,61.833043730499,62.66668574030359,43563000
2021-07-13,62.61876678466797,64.23334902431985,62.19236536523288,62.465457611095296,59725000
2021-07-14,62.958946228027344,64.2381507517544,62.54691722966878,63.89319590147589,68021400
2021-07-15,61.65577697753906,63.04038459625845,60.58737549315131,62.95893794933765,68596400
2021-07-16,60.14180374145508,62.62356127837531,59.969326355450846,62.12050162665195,63701400
2021-07-19,58.699710845947266,58.92968194478079,57.33426772706054,58.35954807985735,101143200
2021-07-20,60.635284423828125,61.46892641191508,58.23498063318392,59.14048515880734,60772400
2021-07-21,62.019893646240234,62.08696778653555,60.36698944497258,60.51551023344557,40881600
2021-07-22,63.32305908203125,63.337431590922236,62.2067479247857,62.21154363477171,47478800
2021-07-23,65.42631530761719,65.68982346321026,63.380543113054635,64.05608020906608,51949200
2021-07-26,65.69942474365234,65.91023132322547,64.69809349067994,65.1676198944691,42988800
2021-07-27,63.553016662597656,65.55567121321033,61.24374376291786,65.55567121321033,89391000
2021-07-28,64.24773406982422,65.09095296537193,62.89187130484892,64.13274668430391,71970200
2021-07-29,64.56393432617188,65.21551486690748,63.94589451315558,63.950682912601124,44319200
2021-07-30,63.59614944458008,63.88840263406184,62.41276417819767,62.451093304256474,56559400
2021-08-02,63.57697677612305,64.7699460681499,63.251190193227046,64.45852468217048,54560000
2021-08-03,64.68370819091797,64.77473895142113,62.2115417015549,63.93152011037429,63417800
2021-08-04,65.00470733642578,65.52213957949994,64.10399844858564,64.72203825222418,48428400
2021-08-05,66.22640991210938,66.3461856698303,65.06219305611731,65.42630872779739,38670200
2021-08-06,65.3640365600586,66.08269125553373,64.75558084814051,65.53651397939397,43153000
2021-08-09,65.71377563476562,66.01081718432607,65.00469786212174,65.59399987309999,34210800
2021-08-10,64.73161315917969,66.16892230432272,64.06566021435138,66.00602902240094,53081200
2021-08-11,64.38188171386719,65.66108620890486,63.64405879100029,65.39757802216668,46594000
2021-08-12,65.0526123046875,65.2538347107761,63.356590704493556,64.10877870031055,39745400
2021-08-13,65.7042007446289,65.92937979299361,64.9807576744671,65.2442585386726,36644800
2021-08-16,65.81918334960938,65.84313265513939,63.00205490498189,65.12927374598364,61229200
2021-08-17,64.08963012695312,64.84661397772699,62.74813985103152,64.3004366816666,83197600
2021-08-18,62.22591781616211,64.54477524632505,62.04864468418603,63.7686305032166,65042400
2021-08-19,63.11225891113281,64.00818681550506,61.0616979162246,61.20063827497997,81623800
2021-08-20,65.06220245361328,65.28738149549575,63.51948988649779,63.69675569415853,62541200
2021-08-23,67.96077728271484,68.36801052913891,65.63712433637447,65.6514968444522,48266200
2021-08-24,68.63151550292969,68.96209779440915,68.0661773834098,68.32488982730999,36343400
2021-08-25,68.70818328857422,69.1824907199972,68.3344834229842,68.74651241716471,38063600
2021-08-26,67.54396057128906,68.75609096547986,67.28524808488919,68.35364607084273,53502400
2021-08-27,69.51788330078125,69.75743492165158,67.62063124685278,67.8841394919172,46160000
2021-08-30,71.82234954833984,72.11460274019566,69.92509800095007,69.94905461874811,45635200
2021-08-31,71.6211166381836,72.00918893391537,70.75872969737284,71.97085981315352,45898000
2021-09-01,72.01398468017578,73.2165381213622,71.89900461669107,72.26312033528103,47784000
2021-09-02,71.91337585449219,72.98656208423765,71.19472122827355,72.79971217384211,47519200
2021-09-03,72.5601806640625,72.7949438718988,71.22348590689784,71.24264681891911,46600600
2021-09-07,72.85720825195312,73.2452805736978,71.94211962257201,72.60807260556746,45185400
2021-09-08,72.10980224609375,72.75180593203274,70.7683194648072,72.73263771485271,63423000
2021-09-09,71.33845520019531,72.8715911090529,71.18993439527651,72.21521483076809,55286800
2021-09-10,69.73345947265625,72.7518105429145,69.5226529335127,72.3445699731569,69217800
2021-09-13,69.5753402709961,71.2809458309812,68.39674364003942,71.04618272235311,77774600
2021-09-14,68.97647094726562,70.84018163428327,68.42550532999938,70.40419607736736,59629200
2021-09-15,70.50481414794922,70.69645246427257,67.917653014385,69.22560974463129,55892600
2021-09-16,70.64374542236328,70.96953930781066,68.62672561403286,69.73345252371777,52615400
2021-09-17,68.14762115478516,70.39460834122164,67.53436982940958,70.3802358344185,77325200
2021-09-20,63.955474853515625,65.85751472759524,61.325196227287705,64.88014031882432,121913600
2021-09-21,64.03692626953125,65.5173531903837,63.52428241010063,64.86098424002265,71700600
2021-09-22,65.91021728515625,66.70552287888083,64.0129657836241,64.61184466143267,87669400
2021-09-23,67.74038696289062,68.30573242191979,66.19767439727066,66.5522133227816,69369600
2021-09-24,67.93202209472656,68.15241272685734,66.25995703415836,66.46117944930413,54775200
2021-09-27,66.29349517822266,66.7869707980712,64.87055835266848,66.21684423641187,78355400
2021-09-28,60.764644622802734,64.1471112039927,60.40052525787415,63.78778389334732,148823000
2021-09-29,60.362205505371094,62.422346879748304,60.03162681383618,61.30603930603909,97530600
2021-09-30,59.68187713623047,62.063016637001105,59.447117624516956,61.219797754647786,117312000
2021-10-01,60.769439697265625,61.32998948618417,57.894820896329314,60.00766746954558,104354000
2021-10-04,57.032432556152344,60.12264603992953,55.80113775493334,59.93579612632067,128618000
2021-10-05,59.226722717285156,60.36698670583279,57.358220016765635,57.477995784039116,81306400
2021-10-06,60.39573669433594,60.520304526034025,57.13783774934468,57.61694085789633,117495400
2021-10-07,62.029476165771484,63.40449966186299,61.674937255846615,61.95761362820088,75407600
2021-10-08,61.07606887817383,62.72418116673976,60.831725257369136,62.604405383734864,78566000
2021-10-11,59.72019958496094,62.13487954403972,59.66749795379972,60.29991387246798,68107600
2021-10-12,59.11174011230469,60.66403681304924,58.742832327691914,60.44843822142363,87201800
2021-10-13,60.49634552001953,60.822135767182665,59.21714114795539,60.26158602957251,70460600
2021-10-14,63.835697174072266,63.9363047272309,61.99593578616729,62.336102190470754,60875000
2021-10-15,65.01908111572266,65.08615525337925,63.92193098697862,64.48727641339796,51429000
2021-10-18,66.96903228759766,67.0840196660586,63.99859446075647,64.3195926679433,50438200
2021-10-19,68.43988037109375,68.52611541954882,67.20858190202048,67.57269762416367,53225400
2021-10-20,68.2242660522461,69.0962370440061,67.40020828594632,68.74649389184816,59354800
2021-10-21,69.44599151611328,69.57056299840278,67.61582151161045,67.76434230000208,46050200
2021-10-22,67.68768310546875,69.30705386834758,66.76780606168656,68.73692002884727,70124200
2021-10-25,69.7190933227539,70.29880404773697,67.41939671136274,68.50696292266133,59475800
2021-10-26,70.37066650390625,72.44038811903296,69.78136442031702,71.0605761457929,83987800
2021-10-27,70.92640686035156,72.68950975047514,70.55270709488306,70.6964394609552,72534000
2021-10-28,73.2548599243164,73.4225489309167,71.57799910044555,72.0139846691799,65368800
2021-10-29,74.33763122558594,74.45261127920568,71.28095141763248,71.4773854232761,67257200
2021-11-01,75.07066345214844,75.18564351364473,73.38900694743606,74.6442619995229,65022800
2021-11-02,76.07197570800781,76.35464473073665,74.72090901480091,74.7544424241853,60085600
2021-11-03,78.48666381835938,78.72621533926434,75.73182132795223,76.34027692746763,72605200
2021-11-04,81.41399383544922,82.09432673390582,78.9226589461676,79.25802968520928,80439800
2021-11-05,81.71582794189453,83.20105055563596,80.83906834468333,82.62612826695762,85252800
2021-11-08,81.38045501708984,82.35782215038056,80.99717106481637,81.68708071680196,56459800
2021-11-09,79.70359802246094,82.30512454270337,78.84600662538591,82.04641206581678,88118800
2021-11-10,76.2109375,79.72275696824317,74.9796389613549,77.95966097967762,96976800
2021-11-11,76.82897186279297,78.08901532981429,76.60858122459216,77.97402795633565,57719000
2021-11-12,79.2676010131836,79.56464988603621,76.53671499200723,77.5236661408418,63820400
2021-11-15,79.24365234375,80.15874104847033,77.6578222018455,79.9671027265701,69729200
2021-11-16,80.88219451904297,81.16486361332363,78.6016589244885,78.71185059826114,51590800
2021-11-17,80.97801208496094,82.25721654908546,80.38870997871467,81.06904284822826,57968000
2021-11-18,83.45497131347656,83.79513042528488,80.85823335280871,82.25241783709527,86841600
2021-11-19,84.86832427978516,85.69717060988178,83.9963604244858,84.528157856386,64607200
2021-11-22,81.92662048339844,87.84833439672502,81.85954634969298,85.89838149955588,89522400
2021-11-23,80.8103256225586,82.48718660998598,77.99319682430976,81.18402548634256,113012800
2021-11-24,81.5577163696289,81.71582126544112,77.77280491041397,79.20053006126422,99120800
2021-11-26,77.05895233154297,80.79595853047744,76.04325594757103,79.9048263392741,88841200
2021-11-29,81.84518432617188,82.48239233325526,79.21011724797137,79.62693461006154,79466000
2021-11-30,78.32857513427734,82.78422849603513,76.9966689874734,81.29421743547671,151293000
2021-12-01,74.30889129638672,82.22366898514544,74.00705401391839,80.90134710431833,151275600
2021-12-02,75.70787048339844,76.90562817920355,72.65597890332471,73.50399339890392,198216400
2021-12-03,71.90379333496094,77.26974653387649,69.43640801076037,76.65649515745946,240286800
2021-12-06,73.58545684814453,74.3951424050852,69.72388632476707,72.14814728496972,152414000
2021-12-07,80.22102355957031,80.62346840566053,77.49013737462518,77.50450988266175,135289200
2021-12-08,81.33733367919922,81.44752534300817,79.27718892900477,80.43661753015304,102621800
2021-12-09,77.82550048828125,81.69185829417373,77.61469397693034,80.5611748055453,106401000
2021-12-10,80.23540496826172,80.40788239436691,77.50930688007355,79.42093107686152,101537600
2021-12-13,76.78584289550781,80.43660556060519,76.55107978442642,80.23538316990623,89572600
2021-12-14,74.50052642822266,75.48747757006245,71.78401293347356,73.83936186074324,115466800
2021-12-15,79.43051147460938,79.6604862601905,71.87984813418375,74.24183056783379,134530600
2021-12-16,73.3698501586914,80.30726116210197,72.32061317545026,80.01500797184089,148110000
2021-12-17,72.24874114990234,74.63946068231616,70.42814810415115,71.30490755985447,150010400
2021-12-20,70.08799743652344,70.54793968266848,68.27219969290499,69.47954169231852,120933000
2021-12-21,74.77362060546875,74.95567480324756,69.81011244402175,71.94211967083066,109562400
2021-12-22,77.44222259521484,77.61469999874448,74.17474334736211,74.53885906124337,88611400
2021-12-23,79.2819595336914,80.14913476273107,77.60031069613264,77.69612983057053,65654200
2021-12-27,83.07169342041016,83.13876756780539,80.01022463834629,80.05334216655741,62981600
2021-12-28,82.09431457519531,83.8334537609812,81.46189500906755,83.7280504999599,72412600
2021-12-29,81.96495819091797,82.88004685489808,80.4653631674713,82.07514985557813,57747400
2021-12-30,81.19839477539062,83.20104961957146,80.85823565390193,81.8164418944299,56635800
2021-12-31,79.68922424316406,81.63917017474265,79.3921826428555,80.79116290085527,60248600
2022-01-03,81.98892211914062,82.13744292182552,79.10950758896203,80.40788030599525,76505200
2022-01-04,78.80287170410156,82.35302724325543,76.84334188249981,82.32428222844977,106648200
2022-01-05,71.5540542602539,78.43876379031006,71.38636524318738,77.79676736077184,133245200
2022-01-06,71.35761260986328,73.21173915644346,69.19206468061518,70.44252398914273,154226600
2022-01-07,69.02438354492188,72.31581933178447,68.03263667031993,71.3384449645942,142713400
2022-01-10,69.2783203125,69.44121363343528,63.289530773401935,66.28392554295097,179217400
2022-01-11,72.32540893554688,72.35894235187774,67.57269963574596,68.71775577991843,154326800
2022-01-12,73.14945220947266,74.7065371654932,71.8079694804041,73.76749925514521,138371200
2022-01-13,67.84099578857422,74.30888705742223,67.09358887888227,73.9064349335781,86765900
2022-01-14,68.86627960205078,69.05791791053628,66.11622528103335,66.20246032669198,89225800
2022-01-18,63.902767181396484,66.80613049621181,63.29909265934377,65.62753377596844,77660000
2022-01-19,61.67974090576172,65.83835265395311,61.478518464126694,64.54477563742294,91642200
2022-01-20,59.293800354003906,65.33049864981443,58.92968097652796,63.260769760119516,86098500
2022-01-21,54.30154800415039,59.43753423759935,54.13865469146523,58.08646353221771,171027300
2022-01-24,55.087276458740234,55.33640846428813,46.15679124503496,51.599402794203584,255084600
2022-01-25,51.02448272705078,53.956595163036496,49.5871733544578,51.88686981271327,173749000
2022-01-26,50.92865753173828,56.390429576422704,49.22304812604534,54.60816923594302,207838100
2022-01-27,49.40511703491211,53.88952271067316,48.906849331464564,53.08462929052972,161764100
2022-01-28,54.01407241821289,54.100311106374065,48.00612022369346,50.20999699775327,167016200
2022-01-31,59.24589538574219,59.46628238905063,53.870357630090645,54.66566693287619,113751100
2022-02-01,60.37656784057617,60.702358077449,57.23365284152041,59.81122606645174,101845800
2022-02-02,61.80430221557617,62.63794427260156,59.744157346283615,62.49421187510981,100815200
2022-02-03,54.368621826171875,58.51765280423674,53.77453134568289,56.840791940978974,105575000
2022-02-04,56.246707916259766,57.885239735532416,53.55414702301398,54.49318871456088,96534400
2022-02-07,54.9722900390625,57.751089550347444,54.34945818671702,56.601241350668616,76956100
2022-02-08,56.840797424316406,57.329484684272245,53.879939811067295,54.426117109653035,79296600
2022-02-09,60.36698913574219,60.443647384410724,58.220605691487435,58.98717355710687,75537700
2022-02-10,56.36168670654297,60.280750093586065,55.384315973131265,56.83120933882302,127143300
2022-02-11,51.05323028564453,57.061184200720234,50.36332423804592,56.32336491410389,134255600
2022-02-14,51.19696044921875,52.67259895780354,49.539264068250176,50.68911230422879,95062500
2022-02-15,54.90522003173828,55.03936832834044,53.03671702341711,53.496659262148704,81722300
2022-02-16,54.895633697509766,55.384317247829685,52.41387951037684,53.91826294160337,93090500
2022-02-17,50.02794647216797,53.70745854754582,49.797979023544364,53.314594138819366,78835600
2022-02-18,48.3319206237793,50.583707443391255,47.24915022242631,50.3920654675335,113082700
2022-02-22,46.83711624145508,49.34761525626016,45.23691011784371,46.99042907468135,131438100
2022-02-23,43.2534294128418,48.51398331817485,43.090536105349315,48.14028346661751,130460200
2022-02-24,47.48869705200195,47.766574051309306,38.91275146949289,39.05648019563125,194867400
2022-02-25,49.7404899597168,49.836309129676884,46.23345497227896,47.9103160334497,119186100
2022-02-28,50.267494201660156,50.96698425878905,47.83364968161186,48.351081884507124,121700500
2022-03-01,47.94863510131836,50.75617932412494,46.8083674796413,49.75005997434724,124072500
2022-03-02,50.23875045776367,50.83283726763852,47.354547800521075,48.55230552904822,109747900
2022-03-03,48.140281677246094,51.53232888817675,47.30663964139426,51.50358387151517,111944300
2022-03-04,46.080135345458984,47.71866703610342,45.03569046297923,47.114996119188866,115695500
2022-03-07,40.934574127197266,46.51133447645941,40.848335414362616,46.041811783189225,124876300
2022-03-08,40.369232177734375,44.07748951094097,39.06607103343776,40.61836420578312,177968000
2022-03-09,44.69074249267578,45.22733935152669,42.49644912725737,43.502568694511204,109537100
2022-03-10,43.2534294128418,43.71336797285597,41.38492649978834,43.02346196046809,112787400
2022-03-11,40.57044982910156,44.527842378092,40.33089828397349,44.40327455115077,98907400
2022-03-14,38.19409942626953,41.32743411506373,37.906638299509794,40.06260223310765,123132600
2022-03-15,41.72987747192383,42.055667712026846,38.558217426636375,39.16188467470393,105703600
2022-03-16,46.41550827026367,46.45383739656662,41.86402869688922,43.2725930187557,163087500
2022-03-17,47.967803955078125,48.09236812998002,45.07402077632767,45.601033458209834,96030800
2022-03-18,50.947818756103516,51.1777898382321,46.885026765718145,47.39287485069973,100784800
2022-03-21,50.58370590209961,51.67606037935798,48.648128949920206,50.65078004331606,110547300
2022-03-22,53.57330322265625,53.98533214052224,50.66035578410895,50.85199773629925,93344600
2022-03-23,51.31193923950195,53.91826116959636,51.264029662459485,52.27972950998544,102749700
2022-03-24,54.63691711425781,54.70399125479499,51.177792201126685,52.155162948582564,85575300
2022-03-25,54.55068588256836,55.1543568853474,52.557614990019715,54.656089162210236,99394700
2022-03-28,57.032432556152344,57.11867125899232,53.975756142631454,54.54109428259,91703700
2022-03-29,59.95496368408203,60.32866352997032,57.626522246337004,58.9488478708597,102006700
2022-03-30,58.15353775024414,59.9262215593601,57.300734746870255,59.102163574667664,83909400
2022-03-31,55.74843978881836,58.287687807567416,55.480143209122645,58.10562628111668,84049400
2022-04-01,55.50889205932617,56.36169509389559,54.04283756867389,55.98799521629928,88081300
2022-04-04,58.97759246826172,58.97759246826172,55.796348090955576,55.94008048693547,68757500
2022-04-05,55.077693939208984,58.60389317579272,54.48360709709108,58.27810290974096,86048800
2022-04-06,51.4556770324707,53.05587973647833,50.210009622148974,52.52886702310377,148429900
2022-04-07,51.79104232788086,52.78757761367933,49.42427559319251,51.00531356741917,114827000
2022-04-08,49.67341232299805,51.35027326646599,49.34762205062789,50.995737976178894,102091200
2022-04-11,46.14720916748047,48.169024778317464,45.94598674831845,47.747415377892295,92957300
2022-04-12,45.553123474121094,48.849351475288415,44.930287984081005,48.06362268631675,123964100
2022-04-13,48.28401565551758,48.71520922856666,45.35190666931786,45.66811285270918,95042300
2022-04-14,45.03569412231445,48.53314842583495,44.87280081299584,48.31275776987821,83921800
2022-04-18,45.16026306152344,46.00348195728237,43.905011517113806,44.52784706207079,87762700
2022-04-19,48.063621520996094,48.31275351781189,44.37452921478637,44.7769740531657,86186300
2022-04-20,45.89807891845703,48.6193847009106,45.45730128387986,48.456487744481365,107814700
2022-04-21,43.20551300048828,48.64812391638035,42.72640995264754,47.56535000478575,134313200
2022-04-22,39.775142669677734,43.66546163839633,39.55475565507107,43.16719391418111,124412400
2022-04-25,41.25077819824219,41.35618147024451,38.62529512866962,39.10439825212253,166439400
2022-04-26,36.61305618286133,40.522539036716886,36.507652921321146,40.455464898512474,166131600
2022-04-27,36.45016098022461,38.539050574024834,35.808160991447714,36.574725141634445,158349300
2022-04-28,40.30215072631836,40.94414707224189,36.68012910684769,38.16535151717946,172349200
2022-04-29,35.00326919555664,40.02427098766435,34.68706306945337,38.70194548830601,160058400
2022-05-02,36.651390075683594,36.68013509429285,33.66178751651432,34.73497752270668,155952800
2022-05-03,36.73762512207031,37.53293435148206,35.74108981666619,36.59389273282812,142782800
2022-05-04,40.378814697265625,40.67585997940416,35.00327652977865,36.881363739507634,219403400
2022-05-05,34.36127471923828,38.81693133045481,33.07727827241161,38.80735087682719,227776300
2022-05-06,33.16352081298828,35.003275164731136,31.71662724496106,33.623459400924,233397200
2022-05-09,29.24445152282715,32.023247106343845,28.755766177268065,31.19919290506348,210209900
2022-05-10,30.25057029724121,31.697463747117077,29.014485214646825,31.352508920517092,231789800
2022-05-11,27.55801010131836,31.237520170483005,27.280129430390257,29.56066117428093,264765900
2022-05-12,27.337623596191406,28.64078278789117,25.574524038611383,26.283596408650457,295496500
2022-05-13,30.308061599731445,30.662598701374744,28.152097628541032,28.602455716652788,197974000
2022-05-16,29.369016647338867,30.4517905655781,28.918660437552795,29.828955137456532,159194000
2022-05-17,31.58247184753418,31.697459210119977,29.934358030765683,31.074623789545107,153990700
2022-05-18,26.97350311279297,30.365553805802964,26.53272915524245,30.145164999394492,164052600
2022-05-19,26.427324295043945,27.807141597576535,25.909893948864916,26.3889970012244,196007800
2022-05-20,26.197355270385742,27.63466443959798,23.888078684728725,27.452604766427157,229055600
2022-05-23,27.49093246459961,27.625080728603354,25.83323458628335,26.494397281620287,170520300
2022-05-24,25.775747299194336,26.216523116692734,24.367184794795133,26.01529885741665,183244300
2022-05-25,26.81061363220215,27.404702382176414,25.28706536688401,25.3349767816751,180641900
2022-05-26,29.05280876159668,29.49358451951366,26.52314523355644,26.599801648720295,168565800
2022-05-27,31.89868927001953,31.94659885496606,29.96311206499019,29.9918570849047,157517900
2022-05-31,31.668712615966797,32.57900919209327,30.40388078681272,31.908264154143954,184579300
2022-06-01,30.930896759033203,32.99104167054342,30.231406631123566,32.30113199687175,199447100
2022-06-02,33.44139862060547,33.518053217651335,30.135586422594518,30.5859426891306,168430700
2022-06-03,30.7967472076416,32.22447607827384,30.43262964959914,31.754953423960337,162361900
2022-06-06,31.180030822753906,32.703578836614504,30.662598594212586,32.21489162456995,150479300
2022-06-07,31.937009811401367,32.19572223159161,29.75229750374809,30.106834550962223,137443300
2022-06-08,31.285436630249023,32.52151995843006,30.978810911834067,31.697465624731667,112853000
2022-06-09,28.736602783203125,31.678297256652236,28.67911092481201,30.72967154121616,137979700
2022-06-10,25.670345306396484,27.423862601910507,25.555359756754594,27.078907780618138,171676100
2022-06-13,22.115400314331055,23.935991835118465,21.866266468466804,23.255666270654597,213365700
2022-06-14,22.25912857055664,22.872381753333475,21.57880307689833,22.65199294839968,196600500
2022-06-15,23.85933494567871,24.83670574645648,22.36453372707547,23.054441560053885,274911500
2022-06-16,20.946386337280273,22.153726266023124,20.42895415597628,22.02915844713151,212142200
2022-06-17,21.722537994384766,22.307044451833615,20.745167080247416,21.14761381973729,220590500
2022-06-21,23.361064910888672,23.935988960952976,22.78614268845754,22.824469983724136,159204100
2022-06-22,23.27482795715332,24.386346930443352,22.565753807085695,22.719066642875134,194486800
2022-06-23,24.271360397338867,24.501329641619684,23.15984146949838,23.89766060383668,182686400
2022-06-24,26.81061363220215,26.86810732995145,24.96127505683903,25.01876875458833,151817500
2022-06-27,26.178192138671875,27.308875705935428,25.871566458254616,27.16514514669399,169131000
2022-06-28,23.792261123657227,27.03099744575941,23.725186978552458,26.312342757979632,186870800
2022-06-29,23.840166091918945,24.233032259972834,23.092766530939276,23.74434694752988,190091100
2022-06-30,22.996946334838867,23.849749176579884,21.799188713232674,23.054438188938697,256203900
2022-07-01,23.370649337768555,23.47605260778905,22.134564252870632,22.613667367315305,208600400
2022-07-05,24.577991485595703,24.60673833284332,22.038745129661415,22.431609570544698,220554000
2022-07-06,25.047510147094727,25.60326968472098,24.223454036042007,24.692974867171657,206122900
2022-07-07,26.599803924560547,26.829773189727938,25.267897911770266,25.277478365306475,137866300
2022-07-08,26.724369049072266,27.126815706840347,25.5936854949794,25.861983876035858,159729200
2022-07-11,25.01876449584961,26.13028354292765,24.77921294557187,26.06320940127121,129224100
2022-07-12,24.29052734375,25.85240263326016,23.868916107341352,25.33497223971464,159616500
2022-07-13,24.137216567993164,24.75046799887114,22.69990715614784,22.84363773180569,180575500
2022-07-14,24.386348724365234,24.60673571357064,22.63283143685128,23.447305251535017,175823500
2022-07-15,25.670345306396484,25.727837167400775,24.731301829282074,25.172077637337132,154380200
2022-07-18,25.07625389099121,26.829770993534765,24.740881388045405,26.456071196681698,159950200
2022-07-19,27.270545959472656,27.42386062381429,25.574522474931225,26.01529642355974,149321700
2022-07-20,28.64078140258789,28.985736203404922,27.251383573715344,27.462188269973975,188563100
2022-07-21,29.85770606994629,29.876870633235647,27.99878546644565,28.755769267675127,159690900
2022-07-22,28.295833587646484,30.21224624797147,27.74007398925758,29.58941067125902,149400400
2022-07-25,27.87421989440918,28.429979445021793,27.222639353490933,28.295831155173936,110448800
2022-07-26,26.187774658203125,27.375950094460592,25.919476271577285,27.299293673657957,115877800
2022-07-27,29.455259323120117,29.94394472027094,27.241803441135026,27.404698573518633,170959500
2022-07-28,30.29848289489746,30.490123051263264,28.28624937343936,29.397768494314615,162035900
2022-07-29,31.96576499938965,32.243645723183114,30.346395726843358,30.787171606190398,146073200
2022-08-01,31.917848587036133,32.981454356929525,31.084206593914615,31.409996835357564,142641500
2022-08-02,31.62080955505371,32.914386665653595,30.86382566116861,31.18003551124738,162687500
2022-08-03,34.15046691894531,34.447512144105374,31.91784846940815,32.14781590059894,147106900
2022-08-04,34.63916015625,34.75414389192591,33.49889228863481,34.19838246816942,126783600
2022-08-05,33.815101623535156,34.476262662836746,32.72274701283384,32.991043610475,141949300
2022-08-08,33.47013854980469,35.29073155754607,33.00061596392912,34.11213486663244,133893900
2022-08-09,32.32029724121094,32.93354867282538,31.802864975061173,32.84730996180042,109203000
2022-08-10,34.97452926635742,35.10867756089253,33.83426510754212,34.6295744202575,135777200
2022-08-11,34.447513580322266,36.43100011955565,34.17921335905824,35.769839158233374,136680500
2022-08-12,36.39266586303711,36.45973999507914,34.725389359040754,35.07034047157148,105593500
2022-08-15,37.264644622802734,37.44670616992514,36.066886677069725,36.0764707875852,98154200
2022-08-16,37.025081634521484,37.73415572840607,35.96147232132762,36.948427050333606,110377900
2022-08-17,35.74109649658203,36.72805153295365,35.022441726589356,35.942318954915855,131419200
2022-08-18,35.98063659667969,36.3735009326094,35.15657880539637,35.70275596375559,96070400
2022-08-19,33.872589111328125,35.16616972808468,33.60429253389716,34.95536318566508,112128300
2022-08-22,31.208770751953125,32.550260683882186,30.911725560596633,32.47360244536464,112487700
2022-08-23,31.10337257385254,31.956175512469333,30.854240568574948,31.074627557353825,109754900
2022-08-24,31.342920303344727,31.908262042235258,30.7584140040365,30.950055952947316,93502800
2022-08-25,32.99104309082031,33.00062354547074,31.563314100289254,31.889104387407734,111026300
2022-08-26,28.976158142089844,33.28808829731347,28.937830840658446,32.91438477183143,183138300
2022-08-29,28.08502197265625,28.861170276350137,27.749649451908258,28.1233510962312,124220500
2022-08-30,27.145980834960938,28.698275640922148,26.408161642385753,28.544962799300453,163507400
2022-08-31,26.64771270751953,28.171260642964935,26.609385411618742,27.94129138466058,170515300
2022-09-01,26.676462173461914,26.76270088226068,24.932527089101743,25.948225203401982,198660200
2022-09-02,25.564939498901367,27.826306520299177,25.076254159821342,27.44302261131891,227231500
2022-09-06,24.980436325073242,25.890732981965474,24.395929935218227,25.641599140840935,180541700
2022-09-07,26.456071853637695,26.73395068117322,25.018762657578563,25.085836794306683,165784800
2022-09-08,26.887264251708984,27.23221905304629,25.526611435763538,25.900313079756685,205399900
2022-09-09,28.592870712280273,28.76534810597143,27.462187200423244,27.481351761418512,149367900
2022-09-12,29.63731575012207,29.73313672818572,28.928243436664086,29.033644867664275,136570600
2022-09-13,24.760051727294922,27.414283701515334,24.4917532967964,27.05974655505777,195648300
2022-09-14,25.315805435180664,25.55535696207388,24.568404013325903,25.037924786720637,154645900
2022-09-15,24.04139518737793,25.440375448420163,23.61978392163047,24.798377181708528,196865300
2022-09-16,23.571870803833008,23.696436794673613,22.68073882410988,23.198169176044942,196071800
2022-09-19,24.137216567993164,24.175543868606326,22.920294160665435,22.93945872478873,151346300
2022-09-20,23.56229019165039,24.137214267110505,22.977783835042064,23.504798332394355,161059300
2022-09-21,22.268709182739258,24.83670178142165,22.259126902579034,23.77309244286645,295557600
2022-09-22,21.444652557373047,22.144144426888914,21.147609166426026,21.89501061177319,215542000
2022-09-23,20.419370651245117,20.946385081454228,19.59531468145158,20.8888914018898,280652000
2022-09-26,20.141494750976562,21.28175881242075,19.959435061344596,20.27564303405628,245303900
2022-09-27,20.160661697387695,21.415911455344325,19.643229411242118,20.9080614516422,271960600
2022-09-28,21.33925437927246,21.645880097673064,19.815706241790195,20.1510788066534,256019500
2022-09-29,19.537822723388672,20.496028868961563,18.800005380298764,20.41937245042106,270097800
2022-09-30,18.512540817260742,20.208565984885276,18.474213525166803,19.31743405519669,256598800
2022-10-03,19.796539306640625,20.131911831339487,18.550872017911406,18.87666226160364,223611300
2022-10-04,21.63629913330078,21.81835885005222,20.975136245459744,20.98471852819756,231661800
2022-10-05,21.63629913330078,22.03874587012138,20.13191546850082,20.7643315081284,229199500
2022-10-06,21.090116500854492,22.096232175781054,21.00387780555986,21.367995319755895,237543600
2022-10-07,18.685020446777344,20.0360910097952,18.359230200469028,20.0073441665445,250972600
2022-10-10,18.100513458251953,18.79042305096673,17.53517168761431,18.704184351877384,206499800
2022-10-11,17.38185691833496,18.34006295489381,16.998574869238016,17.74597623570179,264873500
2022-10-12,17.34353256225586,17.860962959192285,17.180637435369093,17.468098563930077,200741900
2022-10-13,18.502962112426758,18.800007364806003,15.637925654049823,15.829567634447182,414753600
2022-10-14,16.83568572998047,19.144962949392344,16.730282443802242,19.020396924700126,335066300
2022-10-17,18.493377685546875,18.68501964371517,18.014274617759305,18.02385689843104,230025400
2022-10-18,18.95332145690918,20.12233249636924,18.368815023362405,19.997766480312357,346276900
2022-10-19,18.72335433959961,19.394097737575926,18.215504278630092,18.598786481421374,259851100
2022-10-20,18.407140731811523,19.61448079638703,18.167589175212413,18.522126283137762,264851500
2022-10-21,19.71030044555664,19.825285989071467,17.947200962550678,18.186752502876125,313729000
2022-10-24,20.381046295166016,20.572686438421815,18.972482012687813,19.767793084900923,274622000
2022-10-25,21.607547760009766,21.693786458956367,20.57268520028369,20.582267481014778,238399800
2022-10-26,20.17982292175293,21.55964042039559,20.05525691459377,20.294808474820385,279465900
2022-10-27,19.068302154541016,20.237314835506798,18.943736158317275,19.921106876872308,256629400
2022-10-28,20.79307746887207,20.898478919222324,18.886245321003496,18.924574450318843,255388600
2022-10-31,20.074419021606445,20.47686566664649,19.633643254356333,20.294805991414933,209561100
2022-11-01,19.451583862304688,20.955969033554577,19.365345163709687,20.831401212191505,215232400
2022-11-02,17.439353942871094,20.10316606597991,17.420189379830507,19.43242280825922,331476300
2022-11-03,16.43323516845703,17.199801187904992,16.32783373435325,16.912338245249558,212231800
2022-11-04,17.199798583984375,17.58308062186573,16.145771609085962,17.372274130306295,382370200
2022-11-07,17.74597930908203,17.860963029908362,16.9698309691545,17.40102449133646,200943400
2022-11-08,18.12926483154297,18.80001003040331,17.33395360710586,18.06219067718366,296056300
2022-11-09,16.86443328857422,17.918460711791425,16.797359131869854,17.755565547952095,215569100
2022-11-10,20.553524017333984,20.639762722787786,18.876663143161903,19.307854842797592,328442400
2022-11-11,21.722537994384766,21.87585086393962,20.23731888520956,20.534362341517888,307134200
2022-11-14,21.14760971069336,22.000412610344256,20.908058170105292,21.24343069245523,214225900
2022-11-15,22.000411987304688,22.949037669486106,21.253012371521116,22.66157473234129,318265700
2022-11-16,21.109283447265625,21.636296131288322,20.90805919295819,21.559639707655325,191679400
2022-11-17,20.946386337280273,21.281757016681233,20.036089793563903,20.074418915571513,213462200
2022-11-18,20.927227020263672,21.636299506387164,20.390631971127924,21.617134940581064,194788500
2022-11-21,20.29480743408203,20.888894249503984,20.093583183441307,20.620597685494044,144111300
2022-11-22,21.14760971069336,21.176356553511884,19.959434288692528,20.438537369868662,146238600
2022-11-23,21.780027389526367,21.91417750587368,21.090119554897427,21.128446854115687,178783500
2022-11-25,21.32967185974121,21.559641145982347,21.22426858485149,21.406328288488258,67376500
2022-11-28,20.390626907348633,21.339250747567746,20.179820391100073,20.888892701133557,131382600
2022-11-29,19.901941299438477,20.524774904038203,19.614478370492606,20.42895392772291,137902700
2022-11-30,22.57533836364746,22.661577070927084,19.78695836862851,19.978600346501757,272734900
2022-12-01,22.699907302856445,23.15984587898749,22.048326739520743,22.709489584980023,205503600
2022-12-02,22.431608200073242,22.642412917442716,21.454237384969225,21.51173107595185,181655000
2022-12-05,21.300926208496094,22.23038751528071,20.946390891015522,21.923759955458515,150990000
2022-12-06,19.949851989746094,21.281757969370933,19.643226310491443,21.253012954211567,169900500
2022-12-07,19.71030044555664,20.151076230124737,19.336600627491567,19.700718164627638,173667900
2022-12-08,20.409791946411133,20.60143392326226,19.537824424241865,19.997764803157896,188920100
2022-12-09,20.01693344116211,20.783499746971923,19.90194968325266,20.170246336797298,177003900
2022-12-12,20.745162963867188,20.75474524476719,19.806121367265625,20.036090625966015,112827500
2022-12-13,21.39674186706543,23.217333068324507,20.812235568675863,23.169423494988635,347692800
2022-12-14,20.88889503479004,22.02916095759864,20.198987208728536,21.281759441973676,289455500
2022-12-15,18.819168090820312,20.151075874301885,18.54128925931878,19.988180756651616,214026600
2022-12-16,18.263408660888672,18.98206327156388,17.928036143713605,18.665855315972117,175642100
2022-12-19,17.506423950195312,18.33047986230065,17.228543334652738,18.301734852163758,155266500
2022-12-20,17.429773330688477,17.78430864272839,16.93150560971149,17.24771361963275,172881200
2022-12-21,18.18675422668457,18.445470353390107,17.46809953759145,17.64057695539514,163187300
2022-12-22,16.8941650390625,17.57802142928913,15.96951199761738,17.55875740325267,230450200
2022-12-23,16.942325592041016,17.06753810422373,16.21030903626814,16.576316395595132,165067300
2022-12-27,16.219942092895508,16.836376353318652,16.104359750506664,16.817112323400675,131600300
2022-12-28,15.564979553222656,16.56668704940857,15.507189301402388,16.133255567959093,182434600
2022-12-29,16.663005828857422,16.85564247773639,15.92135895604764,16.056203507991377,153054900
2022-12-30,16.663005828857422,16.663005828857422,15.892462907580025,16.142889816274987,150970600
2023-01-03,16.287364959716797,17.37575880757832,15.863565471524401,17.08680385953479,179925900
2023-01-04,16.537792205810547,16.846009354058108,15.930989924838052,16.69190077993433,217636400
2023-01-05,15.757614135742188,16.22957177827409,15.680559864249606,16.191043723968427,181252000
2023-01-06,16.990482330322266,17.240909169752253,15.507187157844616,16.03693504006119,233447600
2023-01-09,17.346860885620117,18.261880196003293,17.231278551478823,17.41428314840301,186021400
2023-01-10,17.809186935424805,17.809186935424805,17.048276162595517,17.16385666213264,164361500
2023-01-11,18.695310592651367,18.714574620102503,17.83808157938241,17.992190124753936,151275000
2023-01-12,18.984264373779297,19.18653299542687,17.90550451538838,18.801261617430114,280926300
2023-01-13,19.359907150268555,19.427329417264797,18.39672770833598,18.464149975332223,159783000
2023-01-17,19.465856552124023,19.754811500520276,19.080585124714762,19.321379996485433,139757900
2023-01-18,18.74346923828125,20.14008002832623,18.67604697783142,19.82223091683501,186650100
2023-01-19,18.15593147277832,18.59899310069406,17.895872602244026,18.367830272592084,166370700
2023-01-20,19.63922691345215,19.69701899881039,18.261880110101547,18.47378074884402,161325200
2023-01-23,20.929887771606445,21.189946648657596,19.629595223469586,19.793335793784877,194042100
2023-01-24,20.804676055908203,21.06473494292281,20.457930873222057,20.573513213157096,145006500
2023-01-25,20.65056800842285,20.795044559100933,19.24432505026261,19.80296906010514,218083600
2023-01-26,21.84490966796875,21.8834358896934,20.804675961737807,21.401846176862055,203418900
2023-01-27,22.470975875854492,22.942933572895985,21.507796452393745,21.536692496460393,188411100
2023-01-30,21.122520446777344,22.05680362254431,21.045466183179226,21.719690530383097,173908000
2023-01-31,22.066438674926758,22.076070688843213,21.093627314790474,21.132155370456296,158256900
2023-02-01,23.491945266723633,24.031327060075625,21.536692236459192,22.018281942375584,271638800
2023-02-02,25.91915512084961,26.439272830783377,24.801867266679377,25.004134040241127,267885100
2023-02-03,24.580337524414062,26.14068704716667,24.185434136734774,24.28175060231991,267404200
2023-02-06,23.954275131225586,24.512919171423093,23.617161936579706,23.935011100190025,161816200
2023-02-07,25.437564849853516,25.707255711864125,23.636420610027375,23.91574164825381,259894600
2023-02-08,24.06985092163086,25.33161531304519,23.89647835055799,25.0908204836926,181257200
2023-02-09,23.424522399902344,25.129350355946535,23.048883026818295,25.090822298646177,197598400
2023-02-10,22.942934036254883,23.366733505530036,22.365026003083127,22.885143784073403,183931700
2023-02-13,24.031326293945312,24.17580283369046,22.97182860728276,23.25114967250753,139869900
2023-02-14,24.551437377929688,24.79223217587382,23.16445882737829,23.636418248013086,255737200
2023-02-15,25.100454330444336,25.138982387771513,23.935008153080528,24.098748722483258,137763700
2023-02-16,23.66531753540039,24.917451856155303,23.626791314748885,23.915744399551375,194496500
2023-02-17,23.154830932617188,23.337833674353128,22.44207664383992,23.145198919296554,194902400
2023-02-21,21.52705955505371,22.58655724267404,21.469269306527185,22.24944409155136,150468800
2023-02-22,21.54632568359375,22.008651391103836,21.170684438762628,21.623379968178764,167338700
2023-02-23,22.085702896118164,22.37465596766635,21.141787569467347,22.336129748782042,179770000
2023-02-24,20.968416213989258,21.21884308125111,20.56388078796918,20.949152184864744,172781800
2023-02-27,21.421110153198242,21.960490115839352,21.286265621817705,21.652272994330147,138754400
2023-02-28,21.315155029296875,21.88343090804228,21.189942540797052,21.2669968038243,127315800
2023-03-01,20.795042037963867,21.39221219826565,20.583143245134007,21.247735665103527,154386900
2023-03-02,21.2958984375,21.47890121207996,20.178610411445487,20.23640066462237,157937300
2023-03-03,22.596189498901367,22.663613605024686,21.55595574411776,21.671538088924404,151676600
2023-03-06,22.692508697509766,23.5786339184882,22.6347184414144,22.885145333986472,151849900
2023-03-07,21.84490966796875,22.904407403621494,21.690801106832236,22.692506754219572,176331500
2023-03-08,22.14349365234375,22.287970191441058,21.507795410620492,21.91233082236428,145492800
2023-03-09,20.97804832458496,22.836983052755773,20.795043721302207,22.259076873326347,196833700
2023-03-10,20.111183166503906,21.34405334356542,19.860758162792084,21.016572231488436,314857600
2023-03-13,20.54461669921875,21.334423519842165,19.38880067476761,19.716281820458136,329540700
2023-03-14,21.94122886657715,22.066441388652052,21.112893939081662,21.305530566863553,217162900
2023-03-15,22.259075164794922,22.365023643094634,21.026204946597293,21.353686069601057,274559400
2023-03-16,24.02169418334961,24.10838047427285,21.88343479006815,22.03754334346083,228357100
2023-03-17,23.66531753540039,24.57070668469719,23.212623879311447,24.012062706858508,201770300
2023-03-20,23.91574478149414,24.00243107574308,23.010355617737964,23.530473383231598,164178000
2023-03-21,24.92708396911621,25.04266631428375,24.01206457144266,24.37807196308827,135145100
2023-03-22,23.909847259521484,26.118697417171248,23.880782760878656,24.907704357818083,237918100
2023-03-23,24.762386322021484,25.779621631868395,24.103605781814835,24.801138988070733,196497200
2023-03-24,25.014272689819336,25.033649022520144,24.064854561425182,24.646131607647916,169415100
2023-03-27,24.50081443786621,25.44054446242167,24.27799029264202,25.17896949704691,136795600
2023-03-28,24.093921661376953,24.355494789759117,23.53202088719873,24.355494789759117,118020700
2023-03-29,25.411479949951172,25.54711243998914,24.77207571121005,24.956147188371556,119365300
2023-03-30,26.09932518005371,26.244643990124125,25.66336690201354,25.983069023300022,130150000
2023-03-31,27.378135681152344,27.43626283989484,26.070262598557253,26.15745426058553,127022100
2023-04-03,27.184371948242188,27.242500946103643,26.47715243805349,26.816230867596865,125116300
2023-04-04,26.91311264038086,27.542828713718446,26.564346019159895,27.281253747802722,116090400
2023-04-05,26.05088233947754,26.661223881751177,25.585861443916816,26.61278305023728,129137000
2023-04-06,26.574033737182617,26.699976210590656,25.295225278084253,25.634301878732387,120960300
2023-04-10,26.51590347290039,26.525589790786263,25.35334945675661,25.808682158368114,118528800
2023-04-11,26.002445220947266,26.51590698485249,25.866814578637133,26.50621881785478,104260800
2023-04-12,25.31460189819336,26.632163135778175,25.1886594141673,26.486844316416093,174019300
2023-04-13,26.767791748046875,26.87435973644659,25.663366587645847,25.702119255365343,123761500
2023-04-14,26.61278533935547,27.058431788472024,25.866814948164077,26.36089853730332,142666100
2023-04-17,26.641845703125,26.75810184287415,25.97337705718184,26.49652691431005,114308900
2023-04-18,26.661226272583008,27.30063052327445,26.351212314408848,27.19406253221623,106414900
2023-04-19,26.603097915649414,26.874361059554307,26.0024463190565,26.03151082127706,95925300
2023-04-20,25.983068466186523,26.71935251562911,25.643990018073257,25.837749659231946,136847600
2023-04-21,26.031511306762695,26.24464545020141,25.43085785113865,25.866816153432637,114444000
2023-04-24,25.876497268676758,26.322143648925866,25.32428476205635,25.973377077237753,107645400
2023-04-25,24.413619995117188,25.62461301376727,24.384555497451252,25.459917889317712,138288000
2023-04-26,24.820514678955078,25.566485002815632,24.713946697905524,25.208032090277854,124862300
2023-04-27,26.82592010498047,26.961550743081606,25.566486151795438,25.731181289987756,127815600
2023-04-28,27.368444442749023,27.397508942773868,26.47715343477112,26.77747921037912,130536100
2023-05-01,27.29094123840332,27.63970785098,27.000303626475333,27.26187673807897,89001300
2023-05-02,26.564346313476562,27.339381204966823,26.11869986499796,27.261877715817796,124656000
2023-05-03,26.041194915771484,27.3200051867735,25.992755930705073,26.641848308870713,170133800
2023-05-04,25.750553131103516,26.234950294478548,25.459915572209912,25.944312735584944,121310800
2023-05-05,27.329692840576172,27.571891473397283,26.18651684583683,26.273708501478744,97801600
2023-05-08,27.55251693725586,27.649396759774753,26.951863515901866,27.22312664938898,75738500
2023-05-09,27.019678115844727,27.339380228140232,26.942174629464873,27.11655793577676,64840700
2023-05-10,27.891592025756836,28.11441429717631,27.00030109225025,27.630017090875526,151551000
2023-05-11,28.12410545349121,28.27911242816313,27.60095552810181,28.007849298572822,97341500
2023-05-12,27.833465576171875,28.385678146206725,27.29094117288855,28.26942384084616,105381700
2023-05-15,28.259735107421875,28.337238592051083,27.542827412644485,27.94972116890504,86467600
2023-05-16,28.366304397583008,28.81194899275927,28.056288596965576,28.075664930972085,79663500
2023-05-17,29.3835391998291,29.528858015593382,28.31786480450938,28.627878770894245,101104600
2023-05-18,30.962671279907227,31.04017661368993,29.451352379892878,29.451352379892878,135933800
2023-05-19,30.749534606933594,31.233933663783617,30.46858518657216,31.030484027295028,99029200
2023-05-22,31.069236755371094,31.35018802414356,30.681719356916584,30.691407522856537,83312400
2023-05-23,29.867935180664062,30.904545028456056,29.771055358439906,30.575154741591266,106315000
2023-05-24,29.3835391998291,29.741994003354726,28.841014758655586,29.325412043089187,117972500
2023-05-25,31.50520133972168,31.84427797688538,30.691413714870635,31.35019434906711,130873500
2023-05-26,33.888431549072266,34.15000651050399,31.766772900558603,31.78614923425626,126392200
2023-05-30,34.363136291503906,35.52568653854947,33.946554431238305,35.17692368183007,135306400
2023-05-31,33.665611267089844,34.479398852739344,33.32653464626005,33.87874725484457,105144500
2023-06-01,34.88628387451172,35.29317943441657,33.33621435024862,33.65591826843509,108379600
2023-06-02,35.6710205078125,36.02947351152031,34.88629547148716,35.41913551225908,108252800
2023-06-05,35.74851608276367,36.52355089061322,35.41912582747043,35.612881757689706,103130900
2023-06-06,35.70977020263672,36.00040784883876,35.12849121457445,35.54507319587205,79754500
2023-06-07,33.888431549072266,36.38792316120361,33.68498558873351,35.78726790354952,114242700
2023-06-08,35.050987243652344,35.24474689349703,33.85937038624573,33.92718570934268,94076900
2023-06-09,35.47724914550781,36.446043525089785,35.07035727999887,35.535378138719345,103972000
2023-06-12,37.28889846801758,37.30827110403961,35.69038621321054,35.99071381075548,77428700
2023-06-13,38.1220588684082,38.39332381848366,37.12420180052121,38.14143520024627,133267100
2023-06-14,38.935848236083984,39.04241621858893,37.22108158875482,38.1220607372779,152656500
2023-06-15,40.301849365234375,40.77656029212457,38.27706873031889,38.499894715526615,127937000
2023-06-16,39.526817321777344,41.115639809390956,39.38150035512466,41.08657715519201,112405200
2023-06-20,39.33305740356445,39.79808204153844,38.36426284982486,39.032733457126255,84124900
2023-06-21,37.7567024230957,39.08815127903267,37.41655342039419,38.95209167795207,99633300
2023-06-22,39.01039505004883,39.05898722791608,37.16386633967474,37.29020526066047,105099600
2023-06-23,37.853885650634766,38.59249640787422,37.29992665586877,37.7372636799855,112576200
2023-06-26,36.35722732543945,38.5536259639382,36.289197525177066,37.66923485318106,108450000
2023-06-27,38.1551628112793,38.388410480876324,36.54187786088314,36.784842484179826,97677000
2023-06-28,38.3884162902832,39.01040522687438,37.54290031131374,37.58177183934081,108676300
2023-06-29,38.126007080078125,38.44672215257472,37.58176500584715,38.252349718396104,99133200
2023-06-30,39.8462028503418,40.18635187954031,39.156184129769734,39.263089169616805,92154400
2023-07-03,40.11831283569336,40.32240591356251,39.690696482118284,40.04056609292767,39934000
2023-07-05,40.08916473388672,40.66256142019252,39.56436023306186,39.57408089456572,69503700
2023-07-06,39.146461486816406,39.28252109161131,38.184323591568905,38.84518770686945,85236700
2023-07-07,38.74799346923828,40.09887605552474,38.660526064720315,39.058987861447584,84312400
2023-07-10,38.777156829833984,38.98124623137038,37.83445286938578,38.641093521463645,86006800
2023-07-11,39.331111907958984,39.47688844827213,38.19403561531881,38.89377487232815,81239300
2023-07-12,40.788902282714844,41.2456732550551,39.99197861220653,40.652842686386,115167700
2023-07-13,42.82008361816406,43.11164040472615,41.62469819811751,41.80934996455951,82386600
2023-07-14,42.781211853027344,44.083502398570516,42.48965504287356,42.97558429557853,93028200
2023-07-17,43.966880798339844,44.28759218009431,42.86867963961913,43.033893807449545,72762600
2023-07-18,45.0164794921875,45.52184629048353,43.06304579579779,43.75306435012016,98056600
2023-07-19,45.0164794921875,45.81340306059977,44.53055030621195,45.414941276393634,100286900
2023-07-20,41.857948303222656,44.413937379763496,41.48864100865473,43.8891328623269,116931400
2023-07-21,41.488643646240234,42.93671463848272,41.313708795973454,42.645157790486905,102554300
2023-07-24,41.65385437011719,42.09119142049031,41.01242793201854,41.770476347768074,63214600
2023-07-25,42.489654541015625,43.033892924915605,41.867665698075115,41.867665698075115,69099600
2023-07-26,42.05231857299805,42.61599458634537,41.2456742224912,42.10091075749153,102882300
2023-07-27,41.69272994995117,44.404212270432794,41.25539289589096,43.840536284246404,130551600
2023-07-28,43.947444915771484,44.30703154201986,42.888118945605264,43.05333311994911,102243800
2023-07-31,44.034912109375,44.42365330385701,43.55869979000282,44.05434972520102,79504600
2023-08-01,43.694766998291016,43.95716929659289,42.96587296101253,43.52955279603435,76528300
2023-08-02,40.83749771118164,42.470220411562394,40.361285378842986,42.46049974971164,129022000
2023-08-03,40.545936584472656,41.26510977668617,39.894789481275495,39.95310232416275,100670100
2023-08-04,39.98225784301758,41.9551293991431,39.81704367859242,41.19708096030589,123726400
2023-08-07,40.97355651855469,41.01243175050643,39.78788789544976,40.555657043438885,74896100
2023-08-08,39.9239501953125,40.12803959686675,38.874341203297355,40.12803959686675,94390000
2023-08-09,38.59250259399414,40.05029043649316,38.33982099919331,40.00169824987909,99715300
2023-08-10,38.767433166503906,40.575090485500326,38.2620663251563,39.515764621537144,130277100
2023-08-11,37.989952087402344,38.553628136678284,37.513739751381976,37.93163923788568,100786900
2023-08-14,39.25336837768555,39.30196056636094,37.51374058874339,37.73727132987364,71276800
2023-08-15,38.04825973510742,39.204769953977156,37.78585750917649,38.94236772804622,81276800
2023-08-16,36.78484344482422,38.310661022386796,36.755688875617935,37.82473176310327,95111000
2023-08-17,35.540863037109375,37.280490543424655,35.40480344798451,37.173585521299195,105116400
2023-08-18,35.375648498535156,35.77411030838404,34.37463179001082,34.5301289912361,123501000
2023-08-21,37.08612060546875,37.299930664089594,35.676925024037395,35.83242223739455,95743600
2023-08-22,36.92090606689453,37.88304390631924,36.707096010424166,37.87332695254602,90184000
2023-08-23,38.66053009033203,38.99096212987957,37.20274233480101,37.270772133471446,87727000
2023-08-24,36.114261627197266,39.758730993669054,36.05594878268917,39.729576425087984,116198600
2023-08-25,36.96949005126953,37.474856804352406,35.3270471769139,36.3766559042426,139144700
2023-08-28,37.79557418823242,38.06769336544039,37.0083712234963,37.85388702935373,91320500
2023-08-29,40.205780029296875,40.351560268824464,37.60119928164548,37.70810429631964,93747800
2023-08-30,40.876365661621094,41.09017198874628,39.92394487396721,40.26409383122017,92979100
2023-08-31,41.24567794799805,41.77048248556106,40.83749911256884,40.85693672959114,81121400
2023-09-01,41.09989547729492,42.139783740855265,40.575091015120776,41.99400348780272,82529200
2023-09-05,41.2067985534668,41.61497731096026,40.48762169034341,40.78889913564501,61889300
2023-09-06,40.11831283569336,41.05129970030023,39.438014933947905,40.95411163766122,74029100
2023-09-07,39.24364471435547,39.4574510494472,38.27178627759721,38.6216559080055,84311500
2023-09-08,39.36027145385742,40.079448415357746,39.0395563513739,39.175619663162955,74770800
2023-09-11,40.7014274597168,40.90551681705394,39.69069391764909,40.32240330827773,70856400
2023-09-12,39.399147033691406,40.633407853580074,39.263087428047115,40.176633142620354,77762100
2023-09-13,39.78788757324219,40.322412739884555,39.05899366310748,39.43802161054828,85424700
2023-09-14,40.72087097167969,41.05130299649314,39.6518244408852,40.33212610460063,76189900
2023-09-15,38.63138198852539,40.41960208295477,38.320387511872156,40.2835424628373,89919800
2023-09-18,38.718841552734375,39.088148809006256,38.223195364783194,38.32037972874355,62399100
2023-09-19,38.485599517822266,38.70913026084706,37.51374090669194,38.300947716352205,74370700
2023-09-20,36.816890716552734,38.91374823228003,36.768127366969445,38.7869605470394,98019200
2023-09-21,34.720035552978516,35.87086853905325,34.69077828532749,35.64655413944958,108410600
2023-09-22,34.749290466308594,35.87086226825844,34.64200887646889,35.236931350740186,94090600
2023-09-25,35.207672119140625,35.24668428473287,34.144614789383716,34.43720231092066,81269200
2023-09-26,33.63747787475586,34.60300497298717,33.32538421144666,34.43720881849707,105339700
2023-09-27,33.842281341552734,34.398191705031536,32.798730047274624,33.94956294159339,128435800
2023-09-28,34.66151809692383,35.275942988252936,33.286370827122205,33.53994247300969,134072900
2023-09-29,34.73953628540039,36.085426196047386,34.35917698292303,35.67580963042709,143429100
2023-10-02,35.56853103637695,35.987902538662894,34.6030003468243,34.78830256302305,118231600
2023-10-03,33.68623733520508,35.49050734149205,33.19859639075939,34.827315359413504,133269500
2023-10-04,35.05162811279297,35.29544857364535,33.783762460441565,33.92030132325411,126379600
2023-10-05,34.681026458740234,35.11014916474117,33.64722628287696,35.00286755813962,109003100
2023-10-06,36.42677307128906,36.75836902600119,33.55944597141695,33.793515236086286,147448700
2023-10-09,36.96318435668945,37.1484865726212,35.2466861822703,35.70506985164447,105483000
2023-10-10,37.56785583496094,38.39684388678434,36.91441508647961,37.07046002754301,108054800
2023-10-11,38.367584228515625,38.435853653444994,37.45082072203217,37.97747004000096,95855400
2023-10-12,37.9189567565918,39.06003465666191,37.177740518244676,38.49437315725414,118254600
2023-10-13,36.48529815673828,38.309074389320045,36.05617543154417,38.12377215534189,129755500
2023-10-16,37.71414566040039,38.035990442244476,36.83639426705304,36.885157613282644,86576100
2023-10-17,37.35328674316406,37.860433651580394,35.93912759551911,36.592568240741706,105193500
2023-10-18,35.773338317871094,37.23626108314803,35.4319911608018,36.543811867147475,131582600
2023-10-19,34.81756591796875,36.58282384404482,34.563990530754346,36.231725471633496,185025200
2023-10-20,33.24736022949219,34.81756468893679,33.1790907938994,34.64201364872527,138861400
2023-10-23,33.539939880371094,34.53472774424184,32.24281704520559,32.83773580695534,131799500
2023-10-24,34.485965728759766,34.71028010077,33.549696075046214,34.0373369847393,122537300
2023-10-25,31.95998764038086,33.82277588156803,31.77468542260595,33.77401253166991,164181600
2023-10-26,30.097196578979492,31.833196971438046,29.716835416645605,31.5796253434853,187023700
2023-10-27,30.52631950378418,31.433331872679013,30.184972362976364,30.799399076632834,147351100
2023-10-30,31.511354446411133,31.881958829950864,30.799397360476707,31.160252423769624,132152800
2023-10-31,31.969738006591797,32.07701960587379,30.81890698061391,31.521109246326223,111461800
2023-11-01,33.61796951293945,33.774014473829816,32.15504660944033,32.184303876980614,166317800
2023-11-02,35.40272903442383,35.48075336518456,34.52497763579473,34.87607596300345,117067000
2023-11-03,36.65109634399414,37.04120687979994,35.72457777579681,35.79284721257296,114330600
2023-11-06,37.07046127319336,37.26551838617818,36.39751813982097,36.87540788061352,91799800
2023-11-07,38.114013671875,38.39684256000106,37.03145030297796,37.40205469994445,102251100
2023-11-08,38.18228530883789,38.45536303196831,37.48008119746829,38.2310486564819,93980100
2023-11-09,37.275272369384766,38.7284401984775,37.1192274269237,38.36758696661221,129182600
2023-11-10,39.76224136352539,39.82075961371309,37.62637545714153,37.7921715853992,124463800
2023-11-13,39.40138626098633,39.723227320807304,38.7674516019745,39.255092502628266,90215200
2023-11-14,41.87860107421875,42.210197050249946,41.24467010737425,41.420221137061645,116776200
2023-11-15,41.99563980102539,42.697840236602936,41.54700730114465,42.541795281985124,109216300
2023-11-16,42.063907623291016,42.14192823740579,41.28368288011809,41.703050656744445,89022500
2023-11-17,42.093162536621094,42.42475849899263,41.51774612310592,41.82008482186977,78758500
2023-11-20,43.595096588134766,43.83891703468988,42.07365566228516,42.083410563574034,82827800
2023-11-21,42.80511474609375,43.06844126094436,42.21994719336209,43.000171837139156,74137600
2023-11-22,43.302520751953125,44.297305082705044,42.96116983181961,43.468316900276626,85723200
2023-11-24,43.08795166015625,43.351278201396184,42.766106869616905,43.15622109080309,31987700
2023-11-27,42.96116638183594,43.6341132649811,42.68808864398291,42.922154213455464,60928200
2023-11-28,43.302520751953125,43.49757416870891,42.59056164325382,42.71734934046944,79174500
2023-11-29,43.14646911621094,44.59963693658296,43.039187521336856,44.121750930840975,88761600
2023-11-30,42.78561019897461,43.361026591966905,41.7810711666204,43.20498165761669,93197300
2023-12-01,43.14646911621094,43.34152250281305,41.859093698126806,42.41500775523841,86468800
2023-12-04,41.91761016845703,42.00538567686702,40.69850795187648,41.8493407419609,90571800
2023-12-05,42.21995544433594,42.619820884941994,41.21541253127758,41.26417960387282,83770200
2023-12-06,41.46898651123047,43.224493173466634,41.361704907801816,43.18548100487345,81500300
2023-12-07,43.204986572265625,43.43905586061912,42.04440247354256,42.40525572769929,81377700
2023-12-08,43.721885681152344,43.887681804396834,42.51253459000859,42.57105283842688,90894500
2023-12-11,44.833702087402344,44.94098367241377,43.497563445502124,43.56583286861766,75770000
2023-12-12,45.9162712097168,45.93577357272893,44.44359353516589,44.84345894420458,71449700
2023-12-13,47.535240173339844,47.857081257132954,45.93577477492026,46.208856229501954,115040700
2023-12-14,47.457218170166016,48.50076952895182,46.37465464160749,48.032634652895084,101348900
2023-12-15,48.02288055419922,48.55928483457945,47.49622745546733,47.73029301907813,78365500
2023-12-18,49.02742004394531,49.349261126386075,48.14966487291583,48.26670137598981,58218000
2023-12-19,49.758880615234375,49.797892782274104,49.115194740698975,49.17370927085354,60174800
2023-12-20,47.54800033569336,50.22220751950848,47.46963348323977,49.448351666846634,88082500
2023-12-21,49.12510681152344,49.24265337516743,47.9398322381358,48.870418230767264,74544700
2023-12-22,49.321014404296875,49.898956944638385,48.62552530531881,49.565905247886704,66210000
2023-12-26,50.22220993041992,50.457303025591926,49.58549230224911,49.605084016303,43685600
2023-12-27,50.486698150634766,50.60424471145835,49.97732473808216,50.300578714531476,55747800
2023-12-28,50.359352111816406,50.94708863223069,50.22221383950225,50.85892778049478,42884100
2023-12-29,49.66386032104492,50.46710193237086,48.97816526005664,50.329963667520694,67122700
2024-01-02,47.14638137817383,48.41981288579112,46.30395636547302,48.34144603031321,88135300
2024-01-03,45.637855529785156,46.56844143728076,45.48112554701919,46.20600031603521,83906100
2024-01-04,44.87379837036133,46.01009170592037,44.795431508794266,44.932569779798996,71867700
2024-01-05,45.04032516479492,45.96111342540686,44.54074946962218,44.92277860182566,85240800
2024-01-08,47.75371170043945,47.90064769267427,45.383170267097796,45.441941674601715,67687100
2024-01-09,48.067169189453125,48.400220849541185,46.63700771714327,46.68598513312207,74215800
2024-01-10,49.01734924316406,49.379786623898916,47.84187251628786,48.16512646755475,73810500
2024-01-11,49.25244140625,49.92834247308782,47.41086509726239,49.418969109940996,95114200
2024-01-12,49.31121826171875,49.938138196058446,48.821436595923664,49.634472218039974,64107000
2024-01-16,49.281829833984375,49.869566305762405,48.321858270487,48.86061732573975,72937000
2024-01-17,48.42961502075195,48.576551031120616,46.89170072230861,48.067177595044015,83277300
2024-01-18,50.506282806396484,50.66301277783055,49.08591533836055,49.556105252662746,91070400
2024-01-19,53.425384521484375,53.50374764420362,51.035247622378144,51.25075274914675,93179700
2024-01-22,53.64088439941406,54.777177672343235,53.39599357562125,54.277602035970354,74828300
2024-01-23,54.27760314941406,54.34617228254368,53.17069555687709,53.8857763286127,56086000
2024-01-24,55.16900634765625,56.7167181999128,54.97309293466032,55.78613229073529,89859300
2024-01-25,55.32573699951172,56.35427775925195,54.38535708984851,56.08979520902088,75697600
2024-01-26,54.30699157714844,55.23757752067662,54.05230674656884,54.54208842876918,64191300
2024-01-29,55.9036750793457,56.03101934972847,54.20903108401084,54.47351361323475,57988600
2024-01-30,54.7869758605957,55.75674143843288,54.463718176825004,55.53144232704912,59777200
2024-01-31,51.56421661376953,53.856395111933104,51.505445201469065,53.082539131582564,101725800
2024-02-01,53.38620376586914,53.52334204005022,51.82869785515684,52.20093298274671,81130700
2024-02-02,56.07020568847656,56.501212201034036,53.67027482392842,54.05230391817624,99252500
2024-02-05,55.786136627197266,56.2465288862775,54.434338082856364,56.02122975167699,69973900
2024-02-06,55.4628791809082,56.462034306669956,54.50290748833033,56.207349464450466,70062100
2024-02-07,57.11834716796875,57.46119288709551,56.00164167551715,56.51101512731838,65911700
2024-02-08,57.353431701660156,57.68648338029555,56.83426433724581,57.1183385971749,49461100
2024-02-09,59.03827667236328,59.37132832201768,57.51015667923065,57.823616615759825,55111000
2024-02-12,58.342796325683594,59.890504524774784,58.06851603798385,58.97951028137932,58127500
2024-02-13,55.58042526245117,56.68732914035866,54.30698993778137,55.090643595035885,94466500
2024-02-14,57.34363555908203,57.549342951965706,55.69796894253789,56.61875708454389,78075700
2024-02-15,57.8236198425293,57.99994153375851,56.55018831222523,57.608118459600476,65028600
2024-02-16,56.236732482910156,57.99994578778842,55.94286422155339,57.950968367018575,75966500
2024-02-20,54.93391036987305,56.011428479918884,53.43517601502492,55.42369200839158,81660500
2024-02-21,54.24821472167969,54.28739441240245,52.72009468137276,53.846593932057246,76449300
2024-02-22,58.94032287597656,59.361535400408876,57.29465994440585,57.57873046586456,89639600
2024-02-23,58.40155792236328,59.96886131083024,58.00973487779939,59.586832254267165,70195400
2024-02-26,58.32319641113281,59.13623196008324,58.21544385647664,58.71501946646579,54937700
2024-02-27,58.685638427734375,58.86196012450173,57.66689167679799,58.7346158464503,54699900
2024-02-28,57.7354621887207,58.313404711536464,57.3534330821834,57.823623039209124,61751700
2024-02-29,59.12644577026367,59.60642973028281,57.57873384786268,58.85216922168131,68479900
2024-03-01,61.8398323059082,62.212063670243495,59.488878886247406,59.50847060069728,70479800
2024-03-04,61.105159759521484,61.98676448833364,61.03659062739401,61.8006488063787,60209300
2024-03-05,57.83341979980469,59.85131786459609,56.834264756527496,59.85131786459609,96603500
2024-03-06,58.90114212036133,60.17457365966439,58.13708020738955,59.49867632966765,90838700
2024-03-07,61.52637481689453,62.02595047683047,59.66520297358986,60.29212291419088,71185400
2024-03-08,58.83257293701172,62.8193915183611,58.54849868419044,61.63412082633258,148225600
2024-03-11,58.14687728881836,58.65625064624452,57.36322740690788,58.195854705799505,73385000
2024-03-12,60.615379333496094,60.77210931534452,57.75505249384035,59.05787350405466,85280000
2024-03-13,59.204811096191406,60.203966221804535,58.744418834931814,60.18437450521551,71889900
2024-03-14,58.72481918334961,59.851314709470714,57.58852593188896,59.62601560424649,81240200
2024-03-15,56.57957077026367,57.71586397260749,56.11917859111371,57.49056487712193,70441900
2024-03-18,58.17626190185547,59.557445960579685,58.07830706972815,58.65624954744891,64596900
2024-03-19,58.577884674072266,58.75420636725634,56.5012115214723,57.34363655852121,59405000
2024-03-20,60.65713882446289,60.78494259656156,58.356689677790534,59.05468825963119,78278000
2024-03-21,61.44361877441406,62.86911148002464,61.36496914227679,62.67249114990234,63270900
2024-03-22,61.5714225769043,62.102292593166176,60.85376155934985,61.217506732582464,45787400
2024-03-25,60.94223403930664,61.57141602886798,60.02795278878142,60.44085206309837,43334700
2024-03-26,60.37203598022461,61.94499096618711,60.24423221567125,61.55175409480674,46993000
2024-03-27,60.902915954589844,61.57142282989551,59.68387290249691,61.51243560552587,55694300
2024-03-28,60.519500732421875,61.17817444541175,60.36220523751233,60.8439210499514,43511700
2024-04-01,60.89307403564453,61.925329686047,60.086934170723616,60.873411630375685,56145300
2024-04-02,59.26113510131836,59.39876819541371,58.00277109790888,58.85806514708748,54836400
2024-04-03,59.65437698364258,60.42119209558957,58.376350546990714,58.39601295373559,55841900
2024-04-04,56.842716217041016,61.55175572167215,56.76407034077447,61.29614818580951,83760200
2024-04-05,58.84823989868164,59.90015433387199,57.07866445865625,57.41291788901155,77448600
2024-04-08,58.88755798339844,59.63471063926667,58.30753014849558,59.19231589226952,44862700
2024-04-09,59.4970817565918,59.90998104949245,57.589873296117084,59.78218103038738,59982500
2024-04-10,57.9339599609375,58.27804272830751,57.078665831888536,57.37359445395153,101040300
2024-04-11,60.65713882446289,61.01105465475414,57.6881828317339,58.60246414324604,73465600
2024-04-12,57.72751235961914,59.329959305067355,57.13765134423228,58.86790582243517,86294900
2024-04-15,54.82737350463867,59.211989492223594,54.502949378765614,59.18249775358826,101828100
2024-04-16,54.837196350097656,55.8497896760934,54.30632636632682,54.74871739443241,81883100
2024-04-17,52.80218505859375,55.59418312561164,52.448269229641795,55.58435379712773,85513200
2024-04-18,51.85841369628906,53.63782222722701,51.622468552597404,52.97914469082756,86390800
2024-04-19,48.643680572509766,51.583144758123886,48.02432788452968,51.396353768769224,125403800
2024-04-22,50.05934143066406,50.894976865127894,48.338920168805316,49.528471434315406,71302400
2024-04-23,52.29097366333008,52.71370604185433,50.61971030662008,50.747510327870145,75917500
2024-04-24,52.80218505859375,53.98190323836003,51.937061643623096,53.40187535207115,72158400
2024-04-25,51.956722259521484,52.29097569388732,49.626781298036015,50.03968436412127,86413600
2024-04-26,54.345645904541016,54.92567376424088,52.8611698569542,53.116773638246435,67997300
2024-04-29,54.99448776245117,55.37789904195138,53.9524065290691,55.132124600082726,51177500
2024-04-30,51.84857940673828,54.90601040185369,51.838746328655645,54.36530736414366,62624300
2024-05-01,50.727848052978516,53.87376195360044,50.40342770943995,51.268554875910645,104038400
2024-05-02,52.605560302734375,52.93981369632313,50.334606842082295,52.02553246533684,62414900
2024-05-03,55.74164962768555,56.14471960183603,54.78804349972581,55.377904468140166,75439000
2024-05-06,57.57020950317383,57.60953056567909,56.15454624680904,56.44947484181152,41265400
2024-05-07,57.57020950317383,58.22888324033868,57.2949395643137,57.72750500385652,46660200
2024-05-08,57.462066650390625,58.02243209140289,56.478968859110104,56.52812299863004,39013600
2024-05-09,57.77666473388672,58.00277680360306,56.77390441369622,57.51122784764033,40719600
2024-05-10,58.169898986816406,59.054688567151956,57.55055003080226,58.356689981676546,46334800
2024-05-13,58.553306579589844,58.95637652938121,57.98310805293739,58.90721863898527,33861000
2024-05-14,59.6445426940918,59.87065849195632,58.27803732994487,58.35668695532741,46476400
2024-05-15,62.397220611572266,62.54468303627408,60.027954985911975,60.64730392005668,65240700
2024-05-16,62.013816833496094,63.11488167236048,61.92533787319866,62.28908304321219,43857600
2024-05-17,61.87617492675781,62.2890779578428,60.97172673997631,62.023641098621134,35049800
2024-05-20,63.15420150756836,63.439300773845304,61.8860081769464,61.95482472394834,37269500
2024-05-21,63.4786262512207,63.57693453361851,62.27924570482038,62.367724659066646,31157000
2024-05-22,63.439300537109375,63.901357708301504,62.34806136697848,63.59659978706459,40019700
2024-05-23,62.49552917480469,65.3858392146498,61.738543390570044,65.37600613615992,65438900
2024-05-24,64.24543762207031,64.77631131670569,62.85926991955819,63.164031577638575,41279000
2024-05-28,64.94343566894531,64.98276047942453,63.704737890833165,64.74681911698993,41593200
2024-05-29,63.586769104003906,64.3339255685528,63.11487883680425,63.154203650774335,39641100
2024-05-30,61.54191970825195,63.21319043941388,60.9422332108798,63.164032550093495,42351800
2024-05-31,61.47311019897461,61.82702604135213,57.96345101243236,61.54192675163459,71873200
2024-06-03,62.07279968261719,63.065730643771545,59.929645999384725,62.65282758312911,55717500
2024-06-04,62.53485870361328,63.046066317015175,61.217507353183215,61.935168378013046,44245900
2024-06-05,66.30994415283203,66.33944338744402,63.55727479055516,64.01933196040947,52435700
2024-06-06,66.2313003540039,66.73267482311593,65.72008530649565,66.5950417335039,36515600
2024-06-07,65.98552703857422,67.17507447656484,65.49397813855622,65.98552703857422,44971700
2024-06-10,66.68352508544922,66.90963337754535,65.35634456526299,65.46447842206489,36020900
2024-06-11,68.05986022949219,68.14833542638655,65.53329932326545,66.1821399351458,35693400
2024-06-12,70.74372100830078,71.78580233832704,69.5246817637001,69.80978104276117,62201300
2024-06-13,71.87428283691406,72.64109794302273,70.85186019528878,72.32650693794119,43642500
2024-06-14,72.91636657714844,72.9556913916559,71.50071075708667,71.71698598621559,35777500
2024-06-17,75.56090545654297,76.40637025351556,72.42482074450648,73.02451106562522,46677300
2024-06-18,75.60021209716797,75.92463612740407,74.77440615660697,75.53139556049122,33216600
2024-06-20,73.82080841064453,76.34737689576473,72.96551814567901,76.15075284027091,52727500
2024-06-21,73.1424789428711,74.25337677376532,72.47397212859146,73.63402785041667,38670900
2024-06-24,70.66506958007812,73.36858862251903,70.58642745372427,72.57228177743217,46877300
2024-06-25,73.02450561523438,73.17197178982848,71.1467926600891,71.55969194859964,38837500
2024-06-26,73.4814224243164,73.71826616089201,72.445226371094,72.63272421169998,36274800
2024-06-27,74.01433563232422,74.70513308657489,72.94852739222813,73.34327202142605,37057700
2024-06-28,72.8498306274414,76.51107156552212,72.48469059043761,74.30051256178261,53901500
2024-07-01,74.04393005371094,74.30051515703066,71.46823092300085,73.18536869622527,43278700
2024-07-02,76.3136978149414,76.36303617604344,73.26430400370693,73.31364989393472,37475100
2024-07-03,78.18873596191406,78.26767885282766,75.93869416553134,75.93869416553134,28075200
2024-07-05,80.55718994140625,80.7742998362958,78.38610605076408,78.5242655240344,39812300
2024-07-08,81.090087890625,81.38614818485159,80.21178522131241,80.7348185492035,36682800
2024-07-09,81.26773071289062,82.39274789719481,80.54732880267264,81.83023930504271,36016800
2024-07-10,83.81382751464844,84.08027578958296,81.58352693124888,82.22498596314003,38777400
2024-07-11,78.3071517944336,83.94210798412657,77.66569282616136,83.85329441099913,74664500
2024-07-12,79.5802001953125,81.8499757991577,78.25781455992755,78.46505376267626,50509900
2024-07-15,80.17231750488281,82.52104365142928,79.17559664804548,80.3992980888827,54950200
2024-07-16,80.23152923583984,81.2677252415547,78.69202619586501,80.86311752383546,41818800
2024-07-17,73.17549896240234,76.55055044336196,73.11628238140412,76.313706706749,71420000
2024-07-18,72.08009338378906,74.92224108873648,70.60967739507126,74.81368613026126,65839200
2024-07-19,70.12610626220703,72.99786580405372,69.51425930240254,71.84324409365479,59124800
2024-07-22,73.18537139892578,73.64918819823116,71.17218076671848,72.68207185859225,56404300
2024-07-23,72.39588165283203,74.14261647332307,72.17877175363644,72.76102171321796,43563500
2024-07-24,64.58982849121094,69.4550368796045,64.19509146483816,69.30701425927779,79787600
2024-07-25,62.4384880065918,66.45499483620415,61.31347081514097,64.69838931022397,94064000
2024-07-26,64.22470092773438,65.46813620885497,62.941782905988916,64.14575050473812,68703500
2024-07-29,64.5997085571289,66.30697580772186,63.67205984635712,65.3990609394841,57820400
2024-07-30,61.96479797363281,65.71485284246849,60.53385350752216,65.40892935448474,71531800
2024-07-31,67.38264465332031,68.09318342414562,65.50761345900395,66.09973412077636,86704200
2024-08-01,62.527305603027344,69.29715014956176,60.889121942038585,67.6787040946769,105346600
2024-08-02,57.96802520751953,59.92200307771949,56.25089108636977,58.86606559884219,104922000
2024-08-05,52.91530990600586,55.451533945896635,48.15865599554089,48.68169314717929,143962200
2024-08-06,54.237701416015625,56.991035461276454,52.441620599613216,53.418611435357356,96454700
2024-08-07,52.49095916748047,57.74104177627757,52.30345756165319,56.81339690306841,91375800
2024-08-08,57.29696273803711,57.58314862655559,53.30018580974282,54.72126338942562,76439600
2024-08-09,58.076576232910156,58.74763979426793,56.25089092791719,56.68510697632843,62796200
2024-08-12,58.471317291259766,59.60620512425721,57.346300143175775,58.45157968599614,54486300
2024-08-13,62.72467803955078,62.87270443881533,60.09963665488695,60.158845708767394,54481400
2024-08-14,62.83323287963867,63.79048612837051,61.05688963324353,63.14903083180309,62355300
2024-08-15,67.56027221679688,67.72803620633667,65.1227326743172,65.26089213971777,53212400
2024-08-16,67.7379150390625,68.34976955167039,66.30697431994382,66.73132345161297,44837600
2024-08-19,70.36296844482422,70.41230682035808,66.99777952751712,67.7773981405806,45799900
2024-08-20,69.92874145507812,71.11296775507412,69.16885676379349,69.96821666896162,48929500
2024-08-21,70.885986328125,71.70507997908777,69.49451343703453,70.24452735412854,51500400
2024-08-22,67.4813232421875,72.19850912286563,67.02736962772083,71.90244881689216,63748200
2024-08-23,69.60307312011719,70.77743620498697,67.59975317237001,69.27740826864672,64376600
2024-08-26,67.56027221679688,69.74122666819284,66.6424943228496,69.34648211170858,42490700
2024-08-27,68.13265991210938,68.58661357327175,65.97143903191869,66.83987866990508,35766300
2024-08-28,65.82340240478516,68.21160364577838,64.30364824568906,67.89580949816894,59312900
2024-08-29,65.4780044555664,68.51752786558745,64.92536657342676,66.56354637939494,60016800
2024-08-30,67.70830535888672,67.9648904613098,65.31024091898922,67.22474720861462,46473400
2024-09-03,61.53057098388672,66.43525455059772,60.484504318001065,66.37604550283093,73786300
2024-09-04,61.00754165649414,62.537170312096066,59.85291997447674,60.23779386848254,48399200
2024-09-05,61.20491409301758,62.88257291091185,59.92199985506196,60.33647827589055,55085800
2024-09-06,56.24102020263672,61.1555709416282,55.97456818030689,60.80030157852176,84952300
2024-09-09,58.333160400390625,58.7081673878682,56.58642178517545,57.800256328379874,55417500
2024-09-10,59.90226364135742,60.119369777260864,57.435119370828396,58.994352592229774,45791200
2024-09-11,63.72140121459961,64.09640442909449,57.01076962575605,60.3759542230248,81737600
2024-09-12,65.60630798339844,66.01091575469839,63.05034243923888,63.78061508222992,54901300
2024-09-13,66.46485900878906,66.9780291860143,65.18194862397819,65.28063287986731,43983300
2024-09-16,65.57669067382812,65.83327578210736,64.17535455706563,65.54708614770489,41165500
2024-09-17,65.61615753173828,67.36289964190658,64.60956612605922,66.81025428449632,51557200
2024-09-18,64.75760650634766,67.85633915484053,64.53062591719764,66.13920129551498,83198100
2024-09-19,69.65241241455078,70.85637991194578,68.49779080965601,69.37609348645215,57400700
2024-09-20,69.20832824707031,69.7511029973016,67.41224752238693,69.22806961751152,48379800
2024-09-23,69.72149658203125,70.21492542191947,69.1195127950375,69.69189205629822,34918500
2024-09-24,70.7083511352539,71.14256337534964,68.46818008490547,70.34321109939667,40629800
2024-09-25,70.95586395263672,71.76769300626661,70.35194151054176,70.43114618732851,32362400
2024-09-26,72.4607162475586,74.32198066868179,70.86675814544654,74.17347380106536,53501600
2024-09-27,71.2132797241211,72.92604508569882,70.67865945322471,72.88644274488715,41465300
2024-09-30,71.76769256591797,71.89640205325013,69.48071229969236,70.74795690700999,42931400
2024-10-01,68.72828674316406,71.70829676006042,67.02542387636615,71.55978987221194,67380100
2024-10-02,68.9856948852539,69.83712627800662,67.19373250331735,68.32237271168746,39559700
2024-10-03,68.82728576660156,70.1044328600923,67.70854802736103,68.04516412845585,48874700
2024-10-04,71.25288391113281,71.44099314651875,69.08470290410332,71.28258377916757,55350200
2024-10-07,68.906494140625,70.86676846108627,68.3718738714083,70.3420506653849,41201700
2024-10-08,71.89640045166016,72.25281393370035,69.60941268300664,69.95593124575991,38957000
2024-10-09,73.62896728515625,73.8863711621384,71.34197938501465,71.79739495972224,39348100
2024-10-10,73.37155151367188,74.20317793479255,71.99540239774112,72.58942234902354,43030300
2024-10-11,73.55966186523438,74.0546797578581,72.17361025521323,72.44091659374565,35367600
2024-10-14,75.44071960449219,76.05454447630524,74.46058634673874,74.68829788812246,33845600
2024-10-15,72.43102264404297,75.88624546587113,71.42118189968141,75.58923170497097,53153800
2024-10-16,72.39141845703125,72.75772685896345,70.95586205383873,72.51021791565856,35392100
2024-10-17,72.60922241210938,74.84670544940565,72.52012281515726,74.82690805676309,48848900
2024-10-18,73.89627075195312,74.40119111973368,73.39135038417258,73.71806400764079,32075800
2024-10-21,74.30219268798828,74.66850111401088,72.45082295109724,73.32205176961266,37497900
2024-10-22,74.51998901367188,75.1932136387677,72.72802668875255,73.0745376972489,38154000
2024-10-23,71.07466888427734,73.72796505186288,69.57971275559008,73.43095129930633,59086100
2024-10-24,72.76762390136719,73.06463763251787,71.52017680525647,72.68841923261061,39306400
2024-10-25,73.99526977539062,76.23275268337981,73.64875877386811,73.95566743902043,57413000
2024-10-28,74.0645751953125,75.43082942266909,73.91607586918562,75.43082942266909,34581100
2024-10-29,76.11395263671875,76.68817523655298,73.33195434424884,74.18338577065849,39272600
2024-10-30,74.42098236083984,76.2129521286927,74.19327837787867,75.78723647209897,40236600
2024-10-31,68.75798034667969,72.599323920478,68.7381829550112,72.57951897543612,69452600
2024-11-01,70.2232437133789,71.63899529252049,69.2728101960591,69.38171474471415,48339400
2024-11-04,69.56980895996094,71.0449676686663,68.81738722697352,69.93612490736483,41107200
2024-11-05,72.21321105957031,72.5102172568134,70.21333458594891,70.24303445033588,39676300
2024-11-06,78.07422637939453,78.43063988347481,75.4308325186108,75.89615056856971,59397100
2024-11-07,81.72745513916016,82.10366600934327,79.30186299128346,79.36127027327173,49772600
2024-11-08,81.92546081542969,82.28187430058846,81.09383438564161,81.40074306043861,35030000
2024-11-11,81.7769546508789,82.59868616845964,80.37110564347785,82.49968410024628,35403000
2024-11-12,81.33143615722656,82.14326514797261,79.84638257268819,81.71754948493668,34143000
2024-11-13,80.97502899169922,82.26207099972736,79.87608864938461,81.0443311955671,37494500
2024-11-14,79.26226043701172,81.21263209049975,78.82664983940856,80.77701393952319,38825700
2024-11-15,73.52996063232422,76.67827499638825,72.55972971105327,76.50006823791767,60300800
2024-11-18,75.0150146484375,75.97535065218345,73.56956318267656,74.1833881421261,38775600
2024-11-19,76.51986694335938,76.77727836312489,73.67846151323712,73.8071709998067,40044100
2024-11-20,76.43075561523438,76.51986275901555,73.37154882392291,76.38125836057658,50630300
2024-11-21,77.18318176269531,78.09401278795113,73.81705889395326,77.76730674964328,54932800
2024-11-22,77.47029113769531,77.826704582982,76.11393955127804,76.8663687750358,39967400
2024-11-25,77.82671356201172,80.06419654814951,76.7673755755729,79.36127204811754,45757900
2024-11-26,79.03455352783203,79.45036671840855,78.10391753174572,78.49993333135946,34873600
2024-11-27,77.12378692626953,78.5197334148952,75.569431091017,78.49993602325354,39231800
2024-11-29,79.09394836425781,79.37115714083758,77.07427470912614,77.3514834857059,20432900
2024-12-02,81.65815734863281,82.12346783687128,79.48997649659835,79.67808571853708,36819100
2024-12-03,82.38087463378906,82.49968164413224,80.71761425585163,80.98492814078043,42405400
2024-12-04,85.39057922363281,85.5093862269843,83.66791921858743,84.02433267526895,34996300
2024-12-05,84.68766021728516,85.77669804776043,84.48964853232474,85.39058470380442,27010200
2024-12-06,86.8657455444336,86.9944550423237,84.86587640072037,84.92527613613163,31370300
2024-12-09,84.83616638183594,86.78653803045702,84.23224396617032,86.38061974471934,34788800
2024-12-10,83.9154281616211,86.25191302108391,83.21250372006526,85.39057924169258,35770800
2024-12-11,88.40030670166016,88.7270203625206,85.81631239008125,86.01431654936815,37448900
2024-12-12,86.6479263305664,87.88547102969304,86.41031986327864,87.25184874801008,33174200
2024-12-13,88.50920104980469,89.86554524661433,86.97464255546137,88.52899844210086,39831800
2024-12-16,92.36043548583984,92.85545335795601,89.76653911673672,89.81604392529766,34983800
2024-12-17,91.1229019165039,91.98423583822608,90.26156799478174,91.41001322374464,34584100
2024-12-18,81.27203369140625,91.64761200675842,80.48000959809697,90.73678090043465,67424600
2024-12-19,80.12359619140625,83.68772349824515,79.94538944839563,83.43031207981345,56658800
2024-12-20,82.20266723632812,85.00447022580852,77.71780649069164,78.27222409443749,72620500
2024-12-23,84.4922866821289,84.6710856219867,81.28384872273104,82.89303160297703,41822900
2024-12-24,87.8497314453125,87.88946538458927,85.0684163237311,85.37634488003351,24069800
2024-12-26,87.66099548339844,88.48545765635365,86.01207113748801,87.03520300309899,29531000
2024-12-27,84.09495544433594,86.01206672542556,81.73083548308206,85.79354144242447,51069500
2024-12-30,80.71764373779297,82.50562534513283,78.8799928169965,80.65803904595039,51422000
2024-12-31,78.60186767578125,81.61165120995727,78.15487409802385,81.25405331636159,52588800
2025-01-02,78.1052017211914,81.0653158182704,76.01921914247151,80.00245755901712,70685300
2025-01-03,81.85004425048828,82.35664251074677,79.0885998465062,79.45612552798026,46215800
2025-01-06,84.64128112792969,86.27033465310642,83.46915651069534,84.40288508432357,46025000
2025-01-07,80.08191680908203,85.31673966167835,79.17798682790757,85.14787611963696,55510500
2025-01-08,80.14151763916016,80.86664873342202,77.91647019701915,80.02231582711784,48010600
2025-01-10,76.31721496582031,78.29393097690124,74.72789536951218,78.2740677975296,72825800
2025-01-13,75.52255249023438,75.69141604203693,72.85050390623148,73.55577182912214,56691000
2025-01-14,75.25435638427734,77.539000923826,73.69483535436694,76.96287778335851,62635500
2025-01-15,80.34017944335938,80.92624554392394,78.07539807244247,78.78065840612459,53459600
2025-01-16,78.70120239257812,81.50238070036558,78.67139625420327,81.46264676100647,46527700
2025-01-17,82.58509826660156,83.37976185967378,81.29377182247762,83.13143043414792,43676100
2025-01-21,83.95588684082031,84.58168689703588,81.78050865906641,83.88635434329345,41725900
2025-01-22,87.21400451660156,88.31659671341008,86.13127550040915,86.26040512059899,43132700
2025-01-23,87.7503890991211,87.79012303671851,85.69420519391555,85.96240737807967,30240500
2025-01-24,86.17101287841797,88.23713235474011,85.43595391070747,87.83980052029749,36239600
2025-01-27,78.61180114746094,80.48918625402817,76.66488353985324,77.06221536514494,80910800
2025-01-28,82.09838104248047,82.61490713752124,77.4794144354419,79.04887105950655,50516700
2025-01-29,81.59176635742188,82.42616382451847,79.72431690778376,82.35663133379984,59240600
2025-01-30,82.61489868164062,84.02541939149121,80.3203186833292,82.91289943035784,57585500
2025-01-31,82.16790771484375,86.50873641654246,81.63151089740902,84.353221345749,59073300
2025-02-03,80.18125915527344,81.44277957678104,76.82381312756738,78.00587324534311,76628500
2025-02-04,83.0916976928711,83.37976306004505,80.19118841980575,80.3699873518974,42317300
2025-02-05,84.17442321777344,84.25389109782012,81.21431668153907,81.80037524531649,39847400
2025-02-06,85.43594360351562,85.55513783453645,83.62809117445588,84.39294861124237,38215500
2025-02-07,82.17784118652344,86.60807304417894,81.80037255793971,85.68427980978946,55435200
2025-02-10,85.06842041015625,85.62468042980395,83.93602961103095,84.16449787822876,32797100
2025-02-11,84.46248626708984,85.41607806589901,83.44929734912822,83.50889446828069,31301400
2025-02-12,84.63134765625,85.03861483595887,81.55203946382642,81.7308383951787,48493300
2025-02-13,88.1973876953125,88.36625124142539,85.0088131842684,85.40614497042552,46460100
2025-02-14,89.23045349121094,89.57811598626235,88.00865949034569,88.21725698737654,38028700
2025-02-18,89.78671264648438,90.1443105176256,88.15765904616278,90.02510870108722,34412600
2025-02-19,89.79664611816406,90.5118418452528,88.32652072598455,89.39931431661768,34257900
2025-02-20,88.70399475097656,89.6277880249914,86.31007599523274,89.44898908232807,40133000
2025-02-21,83.15129089355469,89.19071278361119,82.91289485482109,89.17084202627389,59313600
2025-02-24,80.16138458251953,84.48235763563956,79.96272246492794,83.93602544455169,53233700
2025-02-25,77.1019515991211,79.84352536039329,75.27422817979851,79.7938636173009,75597200
2025-02-26,77.5986099243164,79.91305315042672,76.17815380588848,78.05553885757989,63175700
2025-02-27,71.16185760498047,79.63492521629442,71.00292942247883,79.18793165087972,103375500
2025-02-28,74.41996765136719,74.66829910314976,69.61227438252435,70.98306126811333,93179000
2025-03-03,69.61227416992188,76.53575623703092,67.98322045748145,75.86029438710626,91945800
2025-03-04,68.84740447998047,72.28431062425885,65.56943409145953,68.30107987113063,130836900
2025-03-05,71.52938842773438,72.20485023188594,67.03955185352869,69.08580802466446,100633300
2025-03-06,65.59923553466797,70.02946761175347,64.73503937631473,67.93354960603156,122822700
2025-03-07,66.96009063720703,67.55608455542004,62.470254124489706,65.12243198654562,135177300
2025-03-10,59.41081619262695,63.76158416464557,57.493697136453235,63.57284984156665,156135800
2025-03-11,58.715484619140625,61.43719500258569,56.9870961783629,59.00354999080974,139489300
2025-03-12,60.72200393676758,62.24179111616242,58.765151003856936,61.52659536621802,141918600
2025-03-13,57.404296875,60.44387129111831,56.659302551169105,60.394205760710335,121227300
2025-03-14,61.476932525634766,61.81466344574279,59.10288449424473,59.31148200068985,99108500
2025-03-17,62.668922424316406,63.85097871599339,60.7418718117556,61.4669991627074,90150400
2025-03-18,59.51014709472656,61.367665235051696,58.61615238053954,61.357733644555005,87826200
2025-03-19,61.8245964050293,63.48344859024545,59.53994414650504,60.27500686945613,92593200
2025-03-20,61.188865661621094,63.20531954300931,59.967075424314956,60.25514080583285,88409100
2025-03-21,61.76499557495117,62.003391633506496,58.675751879330434,59.13268081592567,80491000
2025-03-24,65.68862915039062,66.0859609662738,64.38737484238543,64.62577090052571,63411500
2025-03-25,66.86075592041016,66.92036062065621,65.64889725455555,66.03630128149493,55569700
2025-03-26,63.142730712890625,66.73921306853815,62.52504901820892,66.39052485413436,78503200
2025-03-27,62.066768646240234,63.98954746905588,61.51882842440571,62.36564478538485,72368000
2025-03-28,57.125335693359375,61.57860251587207,56.75672193099705,61.309612862121355,103632100
2025-03-31,57.085487365722656,57.414253781222946,52.841437041118176,54.51514799177197,106854500
2025-04-01,58.40054702758789,58.76916461878248,55.41177793384662,56.467811048451786,97098200
2025-04-02,59.70564270019531,60.97088870677298,55.880018206425575,55.97964232015887,123087400
2025-04-03,50.1116943359375,53.628481884215766,49.922406994977194,52.23372145481601,140115700
2025-04-04,40.93617248535156,46.60486959801639,40.87639573779065,45.81782999075392,258026700
2025-04-07,41.095577239990234,46.65468987629072,34.8689746278705,36.61242335926403,395727600
2025-04-08,38.754371643066406,46.63475883480653,36.961107260285644,45.22007291065906,251147700
2025-04-09,52.41304397583008,53.21004824699967,38.58500561947715,38.61489209201597,356932000
2025-04-10,45.96726608276367,49.15528707281348,41.41437499587598,48.497758052399526,281692700
2025-04-11,48.39813232421875,48.886295777398004,44.45295453306026,45.49902287600338,179292900
2025-04-14,49.41431427001953,51.855143128609996,47.890043245044225,51.705706953849216,147430700
2025-04-15,49.60360336303711,51.01828552116971,49.00584728743562,49.77296511418695,104670100
2025-04-16,45.12044906616211,47.8302636375216,42.99842206766375,46.654684691383125,134574400
2025-04-17,44.990936279296875,46.11670701053888,44.183967273650005,45.91745498193784,101095800
2025-04-21,41.70328903198242,43.476624017344,40.08935490148013,43.20763436219093,114769700
2025-04-22,44.89131164550781,45.80786564587899,42.93864634832277,43.297299235569334,130111400
2025-04-23,47.8701171875,50.63971244388058,47.451691341814644,49.05566468444129,151997700
2025-04-24,51.94480514526367,52.08428042529575,48.35828382860648,48.557535857402186,120307700
2025-04-25,53.65836715698242,53.867580076580836,51.28727600028472,51.84518091963016,113051600
2025-04-28,53.61851501464844,54.435444895700954,51.44667592587477,53.817767039386766,95678400
2025-04-29,54.66458511352539,54.963461259826154,52.632225038430335,52.84143796079923,84904000
2025-04-30,54.6745491027832,55.2125246390455,50.1316188159686,51.76547860847438,134223300
2025-05-01,56.557472229003906,58.66953458145705,56.41799695107063,57.3445156406746,102740800
2025-05-02,59.207515716552734,59.96466887717306,57.81275529385332,58.42047228088069,97548900
2025-05-05,58.181373596191406,59.27725408430611,57.483993376292744,57.683245410609,69289500
2025-05-06,56.527584075927734,57.82271650450978,55.36196222991257,55.8501294885926,82942900
2025-05-07,57.18511199951172,58.04188920807224,54.88375862426632,56.74675680398911,103933600
2025-05-08,58.88871383666992,60.48272248679207,57.444141359762504,58.97837706076532,98810800
2025-05-09,58.74924087524414,60.04437342967404,58.11163739001197,59.57613170752443,73409400
2025-05-12,65.86250305175781,65.91231890591892,63.61096173848861,65.60347429161799,101245000
2025-05-13,68.88115692138672,69.59846264173167,66.11156574625747,66.42040275330466,85297700
2025-05-14,70.09659576416016,70.34565984586885,68.95089946813367,69.3494035190341,80592400
2025-05-15,70.3157730102539,71.42161813541487,68.67194855927146,69.21989257654312,80847400
2025-05-16,71.18251037597656,71.25224801370872,69.38925357679294,70.84378687865822,63813600
2025-05-19,71.3718032836914,71.59098089368541,68.1738213580953,68.21367252362445,71897100
2025-05-20,70.6246109008789,70.90356145823284,69.14019109162679,70.3157738696417,67034700
2025-05-21,67.68566131591797,71.72049511983953,66.9285043341143,68.9807900575781,109627600
2025-05-22,68.03433990478516,69.48887311084788,67.36685004462255,67.90482932919348,86771000
2025-05-23,66.07171630859375,67.08789437171973,64.61718304918524,64.84631773754586,107110400
2025-05-27,70.67443084716797,70.8836437772886,68.13397400844175,68.73172632319114,65269800
2025-05-28,69.76782989501953,71.67068314248105,69.51876581137269,71.07292326106253,66271300
2025-05-29,70.10655975341797,72.78648407719304,69.0704522717884,72.72671113044811,96624400
2025-05-30,69.73794555664062,70.33569785553097,66.78902762805976,69.86745614780313,93559100
2025-06-02,71.3419189453125,71.45150775358995,68.4328521820978,68.94093745593014,68962700
2025-06-03,73.00566101074219,73.6034132751844,71.13270188860128,71.4913547674331,64364200
2025-06-04,73.59346008300781,74.04177240487881,72.43779905648188,73.30454482637633,64444500
2025-06-05,71.87989044189453,75.36678734038446,71.03307414385624,74.17127527183155,99004400
2025-06-06,73.93218231201172,74.72919042685348,73.26469238631054,73.99195526033341,65607700
2025-06-09,74.26094818115234,74.95832457586539,73.56356418560665,74.03180587955654,50181900
2025-06-10,75.695556640625,76.00439365981747,73.48386644952875,74.43030688947282,61346500
2025-06-11,74.91847229003906,76.79143903783118,73.94214535204033,76.30326796799929,90826000
2025-06-12,75.40664672851562,75.84499436072018,74.2410210043782,74.32072333780916,63055000
2025-06-13,72.5573501586914,74.6096357611504,71.99944144670475,72.82633602275996,105333100
2025-06-16,75.5162353515625,75.9645476745546,73.94214847390954,73.94214847390954,58334300
2025-06-17,73.28460693359375,75.0977929950562,72.80640819256627,74.40041666404446,67709100
2025-06-18,73.18498992919922,74.67937444134118,72.56730826121411,73.64326693415617,71330700
2025-06-20,72.17876434326172,75.04798729012356,71.45150151635957,74.48012151536251,81677500
2025-06-23,74.42034149169922,74.64948378174637,71.15262209116483,72.45772299382665,83786400
2025-06-24,77.8076171875,78.21608592770683,76.37301325313348,76.62207733350373,56595800
2025-06-25,78.4050521850586,79.34414926886308,77.64577587768008,78.80466407326058,50719100
2025-06-26,80.55299377441406,80.77278488895378,78.54491885799209,79.34415026655395,50072100
2025-06-27,81.34223937988281,82.1714485317585,79.77373908665334,80.9526124525404,73011800
2025-06-30,82.92073059082031,83.41026048059996,81.75184983227975,82.72092465028805,56860700
2025-07-01,80.812744140625,82.46116980694484,79.7337737820766,82.04157276376756,70195000
2025-07-02,82.42121124267578,82.51112163269215,80.35318842910753,80.38315855911299,50142500
2025-07-03,84.72900390625,85.20854885938529,83.41026481276353,83.41026481276353,41742300
2025-07-07,82.84080505371094,83.88980529535647,81.72187959287095,83.52015592155294,69837400
2025-07-08,82.95069885253906,83.69998254583133,82.39123613395536,83.40027364177915,57757700
2025-07-09,84.66905975341797,85.30844791346864,83.27039529501658,83.88980590973797,58988100
2025-07-10,84.27943420410156,85.138613487307,83.06059812224696,84.94879250410098,55158900
2025-07-11,83.64004516601562,84.36934371752193,82.67097033649165,83.24042565809434,53468800
2025-07-14,84.5291976928711,84.85888437074613,82.47116744087865,83.550130243393,48655700
2025-07-15,84.74898529052734,86.58722434756613,84.7190151614399,86.34745569275849,61628800
2025-07-16,84.98875427246094,85.26848564116457,82.36126877687104,84.97876168869062,83178800
2025-07-17,86.96686553955078,87.2366043210615,84.91882035278739,85.28846972651725,48665400
2025-07-18,86.66715240478516,87.65620480524309,86.10768965254364,87.55630183121544,49248100
2025-07-21,87.98588562011719,88.89502015407527,87.03679599689546,87.0667661248971,43860200
2025-07-22,86.61719512939453,88.07580748091232,85.38837409490044,88.04582972949085,54172600
2025-07-23,87.756103515625,87.79606622771614,85.81796152290684,87.09673782139123,59012600
2025-07-24,88.33555603027344,88.87504123857236,87.51633944480655,88.3655261603831,45189100
2025-07-25,88.83507537841797,89.4944487059131,87.89597830576929,88.22565734740876,39501600
2025-07-28,89.7042465209961,90.1038660233945,89.09482849481283,89.50443295874287,47796000
2025-07-29,89.29463195800781,91.54248302177403,88.8950200888023,90.90309488451582,58125600
2025-07-30,89.6043472290039,90.7932055792517,88.1757125942099,89.65429490503644,72763800
2025-07-31,88.1257553100586,92.66142035871215,87.57628515343356,92.62145764552172,89437300
2025-08-01,82.84080505371094,85.23851444739498,81.78181985052794,85.16858160609247,109890600
2025-08-04,87.37647247314453,87.4863680300051,85.07867360721518,85.1386138665543,54293000
2025-08-05,85.55821228027344,88.52537711825339,85.33842116307369,87.96591436327829,76044200
2025-08-06,88.7551498413086,88.98493353390357,85.72804485750551,85.94783596639425,64497600
2025-08-07,89.65428924560547,91.5824462516599,87.73612482297011,90.80319243134602,84619600
2025-08-08,92.07198333740234,92.19186384946008,90.01394562248632,90.15381130129225,52261300
2025-08-11,91.26275634765625,93.15095072834438,90.63336076146295,92.14192079808169,47308500
2025-08-12,94.6295394897461,94.79937530302814,91.04296413277383,92.33173304118282,59734800
2025-08-13,94.76940155029297,96.22800621621313,94.09005070103213,95.95826744202638,48029300
2025-08-14,94.50965118408203,95.49870355498075,93.55056894228507,93.7503748843689,53192900
2025-08-15,93.17093658447266,94.41974280431882,92.33173484123972,94.37978009063075,48083700
2025-08-18,93.0510482788086,93.37074236563937,92.14192131586506,92.71137664622326,36685700
2025-08-19,89.25466918945312,92.77131156422692,88.73516918655426,92.68139355823784,55559300
2025-08-20,87.62622833251953,88.80510163377443,84.2994069456594,88.74516137811821,82202100
2025-08-21,86.40739440917969,87.8659991015717,85.30844650363589,86.86695416523953,59960000
2025-08-22,90.2936782836914,91.23278295961029,86.2875135910285,86.93688669967067,66363200
2025-08-25,89.50443267822266,90.89311215967912,88.94496994988314,89.53441042904771,40226300
2025-08-26,90.54344177246094,90.6833074567704,88.7551503835236,89.22470273318027,42187300
2025-08-27,90.95305633544922,91.35267585381112,89.45448885817336,90.05391432466203,45027600
2025-08-28,92.61146545410156,93.02107754945791,90.42356215793936,91.19282342931712,45329000
2025-08-29,89.274658203125,91.50252419473979,88.40548634427998,91.33268838090709,60943500
2025-09-02,86.99683380126953,87.15667702559514,84.16953483736721,85.02871408167752,83334000
2025-09-03,89.02489471435547,89.79415596011772,87.50634214568355,88.64526038324146,59964900
2025-09-04,91.4325942993164,91.5724676105135,88.53536992067197,89.31462379476852,50879800
2025-09-05,91.73230743408203,94.14999439510824,89.60434442456678,93.8502854819683,86312900
2025-09-08,93.04105377197266,94.01012859636826,92.55152387896646,92.82127028478179,50848400
2025-09-09,93.80033111572266,94.02012222747008,92.15190539972512,93.41070418930065,47310400
2025-09-10,93.90023040771484,95.36882766764576,92.85123780926982,95.35883508420117,60409400
2025-09-11,95.47872924804688,95.88834135195242,94.31984102485913,95.099094896368,45623600
2025-09-12,96.66759490966797,97.27701296045608,95.43876622404863,95.86835587260241,46117600
2025-09-15,99.1352310180664,99.17518610751337,97.4768127880266,97.54674562772058,39057200
2025-09-16,98.86548614501953,99.71467281785664,98.51582194115814,99.57480713631209,38568600
2025-09-17,98.23609161376953,99.10525584080173,95.41878516392805,98.79555434584617,73848600
2025-09-18,100.88356018066406,102.27223202078098,99.69469427729904,100.66376907697226,61700800
2025-09-19,102.88165283203125,103.19135432904399,101.05339873485488,101.78269728371227,42182700
2025-09-22,104.61998748779297,104.97964427648228,102.32218107362328,102.32218107362328,40527300
2025-09-23,102.51200103759766,104.79981484553322,101.8826054746709,104.68991929329249,49965300
2025-09-24,101.41000366210938,103.36000061035156,99.98999786376953,103.20999908447266,50527800
2025-09-25,100.05000305175781,100.87000274658203,97.5,99.4000015258789,61410300
2025-09-26,101.25,101.37999725341797,98.73999786376953,100.4000015258789,62048700
2025-09-29,102.5999984741211,104.27999877929688,101.94000244140625,102.79000091552734,46196600
2025-09-30,103.4000015258789,103.56999969482422,101.22000122070312,102.41000366210938,46161900
2025-10-01,104.86000061035156,105.13999938964844,101.30000305175781,101.7300033569336,46998200
2025-10-02,106.13999938964844,106.83999633789062,104.66000366210938,106.80999755859375,44579300
2025-10-03,104.69999694824219,106.87000274658203,103.76000213623047,106.44000244140625,51548200
2025-10-06,107.04000091552734,107.87999725341797,106.12999725341797,107.4000015258789,41238400
2025-10-07,105.30999755859375,108.05999755859375,104.5199966430664,107.69999694824219,50092900
2025-10-08,108.87999725341797,109.05000305175781,105.66000366210938,105.72000122070312,43465500
2025-10-09,108.44999694824219,108.95999908447266,106.76000213623047,108.87999725341797,43978100
2025-10-10,97.06999969482422,109.66000366210938,96.83000183105469,108.7300033569336,119004700
2025-10-13,103.2300033569336,103.68000030517578,100.8499984741211,102.05999755859375,57255600
2025-10-14,101.12999725341797,103.52999877929688,97.06999969482422,99.7300033569336,73615000
2025-10-15,103.19999694824219,105.51000213623047,100.04000091552734,104.13999938964844,63534700
2025-10-16,102.05000305175781,106.33000183105469,99.75,104.68000030517578,79672000
2025-10-17,103.98999786376953,104.7699966430664,100.12000274658203,100.91999816894531,71137000
2025-10-20,107.88999938964844,108.5199966430664,105.55000305175781,105.61000061035156,39964400
2025-10-21,107.7699966430664,108.4800033569336,106.66999816894531,107.9000015258789,39905700
2025-10-22,104.5999984741211,107.73999786376953,101.58000183105469,107.44999694824219,67190400
2025-10-23,107.22000122070312,107.62999725341797,104.08000183105469,104.2699966430664,45622500
2025-10-24,110.55999755859375,111.26000213623047,109.52999877929688,109.98999786376953,42193800
2025-10-27,116.43000030517578,116.69000244140625,114.2699966430664,114.5199966430664,38744700
2025-10-28,119.08999633789062,120.08000183105469,117.05999755859375,117.6500015258789,46119700
2025-10-29,120.61000061035156,121.37000274658203,117.54000091552734,120.56999969482422,66530400
2025-10-30,115.08999633789062,119.33999633789062,115.02999877929688,118.58999633789062,63144400
